error: only metadata stub found for `rlib` dependency `std` please provide path to the corresponding .rmeta file with full metadata

error: cannot resolve a prelude import

error: only metadata stub found for `rlib` dependency `std` please provide path to the corresponding .rmeta file with full metadata
  --> /Users/danluu/dev/rust-interp-semantic-reuse-20260913/results/proc-macro-arena-crate-05/source/src/bridge/mod.rs:11:5
   |
11 | use std::hash::Hash;
   |     ^^^

error: only metadata stub found for `rlib` dependency `core` please provide path to the corresponding .rmeta file with full metadata
  --> /Users/danluu/dev/rust-interp-semantic-reuse-20260913/results/proc-macro-arena-crate-05/source/src/lib.rs:48:5
   |
48 | use core::convert::From;
   |     ^^^^

error[E0432]: unresolved import `crate::BitOr`
 --> /Users/danluu/dev/rust-interp-semantic-reuse-20260913/results/proc-macro-arena-crate-05/source/src/quote.rs:8:5
  |
8 |     BitOr, Delimiter, Group, Ident, Literal, Punct, Spacing, Span, ToTokens, TokenStream, TokenTree,
  |     ^^^^^

error: cannot find macro `cfg_select` in this scope
  --> /Users/danluu/dev/rust-interp-semantic-reuse-20260913/results/proc-macro-arena-crate-05/source/src/bridge/arena.rs:79:13
   |
79 |             cfg_select! {
   |             ^^^^^^^^^^

error: cannot find macro `assert_eq` in this scope
   --> /Users/danluu/dev/rust-interp-semantic-reuse-20260913/results/proc-macro-arena-crate-05/source/src/bridge/arena.rs:158:13
    |
158 |             assert_eq!(chunks.len(), 1);
    |             ^^^^^^^^^

error: cannot find macro `assert_eq` in this scope
   --> /Users/danluu/dev/rust-interp-semantic-reuse-20260913/results/proc-macro-arena-crate-05/source/src/bridge/arena.rs:159:13
    |
159 |             assert_eq!(chunks[0].len(), PAGE);
    |             ^^^^^^^^^

error: cannot find macro `assert` in this scope
   --> /Users/danluu/dev/rust-interp-semantic-reuse-20260913/results/proc-macro-arena-crate-05/source/src/bridge/arena.rs:161:13
    |
161 |             assert!(chunks.capacity() >= 1);
    |             ^^^^^^

error: cannot find macro `assert_eq` in this scope
   --> /Users/danluu/dev/rust-interp-semantic-reuse-20260913/results/proc-macro-arena-crate-05/source/src/bridge/arena.rs:163:13
    |
163 |             assert_eq!(arena.start.get().cast_const(), range.start);
    |             ^^^^^^^^^

error: cannot find macro `assert_eq` in this scope
   --> /Users/danluu/dev/rust-interp-semantic-reuse-20260913/results/proc-macro-arena-crate-05/source/src/bridge/arena.rs:164:13
    |
164 |             assert_eq!(arena.end.get().cast_const(), range.end);
    |             ^^^^^^^^^

error: cannot find macro `assert` in this scope
   --> /Users/danluu/dev/rust-interp-semantic-reuse-20260913/results/proc-macro-arena-crate-05/source/src/bridge/arena.rs:166:13
    |
166 |             assert!(chunks.is_empty());
    |             ^^^^^^

error: cannot find macro `assert_eq` in this scope
   --> /Users/danluu/dev/rust-interp-semantic-reuse-20260913/results/proc-macro-arena-crate-05/source/src/bridge/arena.rs:167:13
    |
167 |             assert_eq!(chunks.capacity(), 0);
    |             ^^^^^^^^^

error: cannot find macro `assert` in this scope
   --> /Users/danluu/dev/rust-interp-semantic-reuse-20260913/results/proc-macro-arena-crate-05/source/src/bridge/arena.rs:168:13
    |
168 |             assert!(arena.start.get().is_null());
    |             ^^^^^^

error: cannot find macro `assert` in this scope
   --> /Users/danluu/dev/rust-interp-semantic-reuse-20260913/results/proc-macro-arena-crate-05/source/src/bridge/arena.rs:169:13
    |
169 |             assert!(arena.end.get().is_null());
    |             ^^^^^^

error: cannot find attribute `test` in this scope
   --> /Users/danluu/dev/rust-interp-semantic-reuse-20260913/results/proc-macro-arena-crate-05/source/src/bridge/arena.rs:173:7
    |
173 |     #[test]
    |       ^^^^

error: cannot find macro `assert_eq` in this scope
   --> /Users/danluu/dev/rust-interp-semantic-reuse-20260913/results/proc-macro-arena-crate-05/source/src/bridge/arena.rs:176:9
    |
176 |         assert_eq!(arena.alloc_str(""), "");
    |         ^^^^^^^^^

error: cannot find attribute `test` in this scope
   --> /Users/danluu/dev/rust-interp-semantic-reuse-20260913/results/proc-macro-arena-crate-05/source/src/bridge/arena.rs:183:7
    |
183 |     #[test]
    |       ^^^^

error: cannot find macro `assert_eq` in this scope
   --> /Users/danluu/dev/rust-interp-semantic-reuse-20260913/results/proc-macro-arena-crate-05/source/src/bridge/arena.rs:190:9
    |
190 |         assert_eq!(next, "other");
    |         ^^^^^^^^^

error: cannot find macro `assert_eq` in this scope
   --> /Users/danluu/dev/rust-interp-semantic-reuse-20260913/results/proc-macro-arena-crate-05/source/src/bridge/arena.rs:191:9
    |
191 |         assert_eq!(next.as_ptr(), first);
    |         ^^^^^^^^^

error: cannot find attribute `test` in this scope
   --> /Users/danluu/dev/rust-interp-semantic-reuse-20260913/results/proc-macro-arena-crate-05/source/src/bridge/arena.rs:196:7
    |
196 |     #[test]
    |       ^^^^

error: cannot find macro `assert_eq` in this scope
   --> /Users/danluu/dev/rust-interp-semantic-reuse-20260913/results/proc-macro-arena-crate-05/source/src/bridge/arena.rs:202:9
    |
202 |         assert_eq!(arena.chunks.borrow().len(), 3);
    |         ^^^^^^^^^

error: cannot find macro `assert` in this scope
   --> /Users/danluu/dev/rust-interp-semantic-reuse-20260913/results/proc-macro-arena-crate-05/source/src/bridge/arena.rs:203:9
    |
203 |         assert!(arena.chunks.borrow().capacity() >= 3);
    |         ^^^^^^

error: cannot find attribute `test` in this scope
   --> /Users/danluu/dev/rust-interp-semantic-reuse-20260913/results/proc-macro-arena-crate-05/source/src/bridge/arena.rs:208:7
    |
208 |     #[test]
    |       ^^^^

error: cannot find macro `assert_eq` in this scope
   --> /Users/danluu/dev/rust-interp-semantic-reuse-20260913/results/proc-macro-arena-crate-05/source/src/bridge/arena.rs:212:9
    |
212 |         assert_eq!(arena.chunks.borrow()[0].len(), PAGE + 1);
    |         ^^^^^^^^^

error: cannot find attribute `test` in this scope
   --> /Users/danluu/dev/rust-interp-semantic-reuse-20260913/results/proc-macro-arena-crate-05/source/src/bridge/arena.rs:220:7
    |
220 |     #[test]
    |       ^^^^

error: cannot find macro `assert_eq` in this scope
   --> /Users/danluu/dev/rust-interp-semantic-reuse-20260913/results/proc-macro-arena-crate-05/source/src/bridge/arena.rs:226:9
    |
226 |         assert_eq!(arena.chunks.borrow().len(), 1);
    |         ^^^^^^^^^

error: cannot find macro `assert_eq` in this scope
   --> /Users/danluu/dev/rust-interp-semantic-reuse-20260913/results/proc-macro-arena-crate-05/source/src/bridge/arena.rs:228:9
    |
228 |         assert_eq!(arena.chunks.borrow()[1].len(), PAGE * 2);
    |         ^^^^^^^^^

error: cannot find macro `assert_eq` in this scope
   --> /Users/danluu/dev/rust-interp-semantic-reuse-20260913/results/proc-macro-arena-crate-05/source/src/bridge/arena.rs:230:9
    |
230 |         assert_eq!(arena.chunks.borrow()[2].len(), PAGE * 4);
    |         ^^^^^^^^^

error: cannot find attribute `test` in this scope
   --> /Users/danluu/dev/rust-interp-semantic-reuse-20260913/results/proc-macro-arena-crate-05/source/src/bridge/arena.rs:235:7
    |
235 |     #[test]
    |       ^^^^

error: cannot find macro `assert_eq` in this scope
   --> /Users/danluu/dev/rust-interp-semantic-reuse-20260913/results/proc-macro-arena-crate-05/source/src/bridge/arena.rs:242:9
    |
242 |         assert_eq!(first, "alpha_β_雪");
    |         ^^^^^^^^^

error: cannot find macro `assert_eq` in this scope
   --> /Users/danluu/dev/rust-interp-semantic-reuse-20260913/results/proc-macro-arena-crate-05/source/src/bridge/arena.rs:243:9
    |
243 |         assert_eq!(second, "☃".repeat(PAGE));
    |         ^^^^^^^^^

error: cannot find macro `assert_eq` in this scope
   --> /Users/danluu/dev/rust-interp-semantic-reuse-20260913/results/proc-macro-arena-crate-05/source/src/bridge/arena.rs:244:9
    |
244 |         assert_eq!(first, "alpha_β_雪");
    |         ^^^^^^^^^

error: cannot find attribute `test` in this scope
   --> /Users/danluu/dev/rust-interp-semantic-reuse-20260913/results/proc-macro-arena-crate-05/source/src/bridge/arena.rs:247:7
    |
247 |     #[test]
    |       ^^^^

error: cannot find macro `assert_eq` in this scope
   --> /Users/danluu/dev/rust-interp-semantic-reuse-20260913/results/proc-macro-arena-crate-05/source/src/bridge/arena.rs:259:9
    |
259 |         assert_eq!(first, "FIRST");
    |         ^^^^^^^^^

error: cannot find macro `assert_eq` in this scope
   --> /Users/danluu/dev/rust-interp-semantic-reuse-20260913/results/proc-macro-arena-crate-05/source/src/bridge/arena.rs:260:9
    |
260 |         assert_eq!(second, "SECOND");
    |         ^^^^^^^^^

error: cannot find macro `assert_eq` in this scope
   --> /Users/danluu/dev/rust-interp-semantic-reuse-20260913/results/proc-macro-arena-crate-05/source/src/bridge/arena.rs:262:9
    |
262 |         assert_eq!(first, "first");
    |         ^^^^^^^^^

error: cannot find macro `assert_eq` in this scope
   --> /Users/danluu/dev/rust-interp-semantic-reuse-20260913/results/proc-macro-arena-crate-05/source/src/bridge/arena.rs:263:9
    |
263 |         assert_eq!(large, "X".repeat(PAGE * 2).as_str());
    |         ^^^^^^^^^

error: cannot find attribute `test` in this scope
   --> /Users/danluu/dev/rust-interp-semantic-reuse-20260913/results/proc-macro-arena-crate-05/source/src/bridge/arena.rs:271:7
    |
271 |     #[test]
    |       ^^^^

error: cannot find macro `assert_eq` in this scope
   --> /Users/danluu/dev/rust-interp-semantic-reuse-20260913/results/proc-macro-arena-crate-05/source/src/bridge/arena.rs:277:9
    |
277 |         assert_eq!(arena.alloc_str("after move"), "after move");
    |         ^^^^^^^^^

error: cannot find macro `assert_eq` in this scope
   --> /Users/danluu/dev/rust-interp-semantic-reuse-20260913/results/proc-macro-arena-crate-05/source/src/bridge/arena.rs:281:9
    |
281 |         assert_eq!(arena.alloc_str("after another move"), "after another move");
    |         ^^^^^^^^^

error: cannot find macro `assert_eq` in this scope
   --> /Users/danluu/dev/rust-interp-semantic-reuse-20260913/results/proc-macro-arena-crate-05/source/src/bridge/arena.rs:286:9
    |
286 |         assert_eq!(first, "left");
    |         ^^^^^^^^^

error: cannot find macro `assert_eq` in this scope
   --> /Users/danluu/dev/rust-interp-semantic-reuse-20260913/results/proc-macro-arena-crate-05/source/src/bridge/arena.rs:287:9
    |
287 |         assert_eq!(large.len(), PAGE * 3);
    |         ^^^^^^^^^

error: cannot find macro `assert` in this scope
   --> /Users/danluu/dev/rust-interp-semantic-reuse-20260913/results/proc-macro-arena-crate-05/source/src/bridge/arena.rs:288:9
    |
288 |         assert!(large.bytes().all(|byte| byte == b'r'));
    |         ^^^^^^

error: cannot find macro `assert_eq` in this scope
   --> /Users/danluu/dev/rust-interp-semantic-reuse-20260913/results/proc-macro-arena-crate-05/source/src/bridge/arena.rs:289:9
    |
289 |         assert_eq!(first, "left");
    |         ^^^^^^^^^

error: cannot find macro `assert_eq` in this scope
   --> /Users/danluu/dev/rust-interp-semantic-reuse-20260913/results/proc-macro-arena-crate-05/source/src/bridge/arena.rs:292:9
    |
292 |         assert_eq!(arena.alloc_str("final reuse"), "final reuse");
    |         ^^^^^^^^^

error: cannot find attribute `test` in this scope
   --> /Users/danluu/dev/rust-interp-semantic-reuse-20260913/results/proc-macro-arena-crate-05/source/src/bridge/arena.rs:295:7
    |
295 |     #[test]
    |       ^^^^

error: cannot find macro `panic` in this scope
   --> /Users/danluu/dev/rust-interp-semantic-reuse-20260913/results/proc-macro-arena-crate-05/source/src/bridge/arena.rs:300:13
    |
300 |             panic!("fixture panic");
    |             ^^^^^

error: cannot find macro `assert` in this scope
   --> /Users/danluu/dev/rust-interp-semantic-reuse-20260913/results/proc-macro-arena-crate-05/source/src/bridge/arena.rs:302:9
    |
302 |         assert!(result.is_err());
    |         ^^^^^^

error: cannot find macro `assert_eq` in this scope
   --> /Users/danluu/dev/rust-interp-semantic-reuse-20260913/results/proc-macro-arena-crate-05/source/src/bridge/arena.rs:305:9
    |
305 |         assert_eq!(arena.alloc_str("after panic"), "after panic");
    |         ^^^^^^^^^

error: cannot find attribute `test` in this scope
   --> /Users/danluu/dev/rust-interp-semantic-reuse-20260913/results/proc-macro-arena-crate-05/source/src/bridge/arena.rs:308:7
    |
308 |     #[test]
    |       ^^^^

error: cannot find macro `assert_eq` in this scope
   --> /Users/danluu/dev/rust-interp-semantic-reuse-20260913/results/proc-macro-arena-crate-05/source/src/bridge/arena.rs:311:9
    |
311 |         assert_eq!(arena.chunk_capacity.get(), 0);
    |         ^^^^^^^^^

error: cannot find macro `assert_eq` in this scope
   --> /Users/danluu/dev/rust-interp-semantic-reuse-20260913/results/proc-macro-arena-crate-05/source/src/bridge/arena.rs:313:9
    |
313 |         assert_eq!(arena.chunk_capacity.get(), 0);
    |         ^^^^^^^^^

error: cannot find macro `assert_eq` in this scope
   --> /Users/danluu/dev/rust-interp-semantic-reuse-20260913/results/proc-macro-arena-crate-05/source/src/bridge/arena.rs:315:9
    |
315 |         assert_eq!(arena.chunk_capacity.get(), PAGE);
    |         ^^^^^^^^^

error: cannot find macro `assert_eq` in this scope
   --> /Users/danluu/dev/rust-interp-semantic-reuse-20260913/results/proc-macro-arena-crate-05/source/src/bridge/arena.rs:317:9
    |
317 |         assert_eq!(arena.chunk_capacity.get(), PAGE);
    |         ^^^^^^^^^

error: cannot find macro `assert_eq` in this scope
   --> /Users/danluu/dev/rust-interp-semantic-reuse-20260913/results/proc-macro-arena-crate-05/source/src/bridge/arena.rs:319:9
    |
319 |         assert_eq!(arena.chunk_capacity.get(), PAGE);
    |         ^^^^^^^^^

error: cannot find macro `assert_eq` in this scope
   --> /Users/danluu/dev/rust-interp-semantic-reuse-20260913/results/proc-macro-arena-crate-05/source/src/bridge/arena.rs:321:9
    |
321 |         assert_eq!(arena.chunk_capacity.get(), PAGE * 2);
    |         ^^^^^^^^^

error: cannot find macro `assert_eq` in this scope
   --> /Users/danluu/dev/rust-interp-semantic-reuse-20260913/results/proc-macro-arena-crate-05/source/src/bridge/arena.rs:323:9
    |
323 |         assert_eq!(arena.chunk_capacity.get(), PAGE * 4 + 19);
    |         ^^^^^^^^^

error: cannot find macro `assert_eq` in this scope
   --> /Users/danluu/dev/rust-interp-semantic-reuse-20260913/results/proc-macro-arena-crate-05/source/src/bridge/arena.rs:325:9
    |
325 |         assert_eq!(arena.chunk_capacity.get(), PAGE);
    |         ^^^^^^^^^

error: cannot find macro `assert_eq` in this scope
   --> /Users/danluu/dev/rust-interp-semantic-reuse-20260913/results/proc-macro-arena-crate-05/source/src/bridge/arena.rs:329:9
    |
329 |         assert_eq!(oversized.chunk_capacity.get(), PAGE + 1);
    |         ^^^^^^^^^

error: cannot find macro `assert_eq` in this scope
   --> /Users/danluu/dev/rust-interp-semantic-reuse-20260913/results/proc-macro-arena-crate-05/source/src/bridge/arena.rs:331:9
    |
331 |         assert_eq!(oversized.chunk_capacity.get(), 0);
    |         ^^^^^^^^^

error: cannot find macro `assert_eq` in this scope
   --> /Users/danluu/dev/rust-interp-semantic-reuse-20260913/results/proc-macro-arena-crate-05/source/src/bridge/arena.rs:333:9
    |
333 |         assert_eq!(oversized.chunk_capacity.get(), 0);
    |         ^^^^^^^^^

error: cannot find macro `assert_eq` in this scope
   --> /Users/danluu/dev/rust-interp-semantic-reuse-20260913/results/proc-macro-arena-crate-05/source/src/bridge/arena.rs:335:9
    |
335 |         assert_eq!(oversized.chunk_capacity.get(), PAGE);
    |         ^^^^^^^^^

error: cannot find macro `vec` in this scope
  --> /Users/danluu/dev/rust-interp-semantic-reuse-20260913/results/proc-macro-arena-crate-05/source/src/bridge/buffer.rs:22:20
   |
22 |         Self::from(vec![])
   |                    ^^^

error: cannot find attribute `derive` in this scope
  --> /Users/danluu/dev/rust-interp-semantic-reuse-20260913/results/proc-macro-arena-crate-05/source/src/bridge/client.rs:62:3
   |
62 | #[derive(Copy, Clone, PartialEq, Eq, Hash)]
   |   ^^^^^^

error: cannot find macro `thread_local` in this scope
   --> /Users/danluu/dev/rust-interp-semantic-reuse-20260913/results/proc-macro-arena-crate-05/source/src/bridge/client.rs:162:5
    |
162 |     thread_local! {
    |     ^^^^^^^^^^^^
    |
    = note: `thread_local` is in scope, but it is an attribute: `#[thread_local]`

error: cannot find attribute `derive` in this scope
   --> /Users/danluu/dev/rust-interp-semantic-reuse-20260913/results/proc-macro-arena-crate-05/source/src/bridge/client.rs:220:3
    |
220 | #[derive(Copy, Clone)]
    |   ^^^^^^

error: cannot find attribute `derive` in this scope
  --> /Users/danluu/dev/rust-interp-semantic-reuse-20260913/results/proc-macro-arena-crate-05/source/src/bridge/fxhash.rs:25:3
   |
25 | #[derive(Default)]
   |   ^^^^^^

error: cannot find macro `cfg_select` in this scope
  --> /Users/danluu/dev/rust-interp-semantic-reuse-20260913/results/proc-macro-arena-crate-05/source/src/bridge/fxhash.rs:33:26
   |
33 |         const K: usize = cfg_select! {
   |                          ^^^^^^^^^^

error: cannot find macro `assert` in this scope
  --> /Users/danluu/dev/rust-interp-semantic-reuse-20260913/results/proc-macro-arena-crate-05/source/src/bridge/fxhash.rs:46:9
   |
46 |         assert!(size_of::<usize>() <= 8);
   |         ^^^^^^

error: cannot find macro `assert_ne` in this scope
  --> /Users/danluu/dev/rust-interp-semantic-reuse-20260913/results/proc-macro-arena-crate-05/source/src/bridge/handle.rs:24:9
   |
24 |         assert_ne!(counter.load(Ordering::Relaxed), 0);
   |         ^^^^^^^^^

error: cannot find macro `assert` in this scope
  --> /Users/danluu/dev/rust-interp-semantic-reuse-20260913/results/proc-macro-arena-crate-05/source/src/bridge/handle.rs:34:9
   |
34 |         assert!(self.data.insert(handle, x).is_none());
   |         ^^^^^^

error: cannot find macro `unreachable` in this scope
   --> /Users/danluu/dev/rust-interp-semantic-reuse-20260913/results/proc-macro-arena-crate-05/source/src/bridge/rpc.rs:170:18
    |
170 |             _ => unreachable!(),
    |                  ^^^^^^^^^^^

error: cannot find macro `assert` in this scope
  --> /Users/danluu/dev/rust-interp-semantic-reuse-20260913/results/proc-macro-arena-crate-05/source/src/bridge/selfless_reify.rs:50:9
   |
50 |         assert!(size_of::<F>() == 0, "selfless_reify: closure must be zero-sized");
   |         ^^^^^^

error: cannot find macro `thread_local` in this scope
   --> /Users/danluu/dev/rust-interp-semantic-reuse-20260913/results/proc-macro-arena-crate-05/source/src/bridge/server.rs:147:1
    |
147 | thread_local! {
    | ^^^^^^^^^^^^
    |
    = note: `thread_local` is in scope, but it is an attribute: `#[thread_local]`

error: cannot find macro `assert` in this scope
   --> /Users/danluu/dev/rust-interp-semantic-reuse-20260913/results/proc-macro-arena-crate-05/source/src/bridge/server.rs:165:9
    |
165 |         assert!(
    |         ^^^^^^

error: cannot find attribute `derive` in this scope
  --> /Users/danluu/dev/rust-interp-semantic-reuse-20260913/results/proc-macro-arena-crate-05/source/src/bridge/symbol.rs:19:3
   |
19 | #[derive(Copy, Clone, PartialEq, Eq, Hash)]
   |   ^^^^^^

error: cannot find macro `panic` in this scope
  --> /Users/danluu/dev/rust-interp-semantic-reuse-20260913/results/proc-macro-arena-crate-05/source/src/bridge/symbol.rs:38:17
   |
38 |                 panic!("`{}` cannot be a raw identifier", string);
   |                 ^^^^^

error: cannot find macro `panic` in this scope
  --> /Users/danluu/dev/rust-interp-semantic-reuse-20260913/results/proc-macro-arena-crate-05/source/src/bridge/symbol.rs:52:29
   |
52 |         .unwrap_or_else(|_| panic!("`{:?}` is not a valid identifier", string))
   |                             ^^^^^

error: cannot find macro `matches` in this scope
  --> /Users/danluu/dev/rust-interp-semantic-reuse-20260913/results/proc-macro-arena-crate-05/source/src/bridge/symbol.rs:73:9
   |
73 |         matches!(bytes.first(), Some(b'_' | b'a'..=b'z' | b'A'..=b'Z'))
   |         ^^^^^^^

error: cannot find macro `matches` in this scope
  --> /Users/danluu/dev/rust-interp-semantic-reuse-20260913/results/proc-macro-arena-crate-05/source/src/bridge/symbol.rs:76:26
   |
76 |                 .all(|b| matches!(b, b'_' | b'a'..=b'z' | b'A'..=b'Z' | b'0'..=b'9'))
   |                          ^^^^^^^

error: cannot find macro `matches` in this scope
  --> /Users/danluu/dev/rust-interp-semantic-reuse-20260913/results/proc-macro-arena-crate-05/source/src/bridge/symbol.rs:81:10
   |
81 |         !matches!(string, "_" | "super" | "self" | "Self" | "crate" | "$crate")
   |          ^^^^^^^

error: cannot find macro `thread_local` in this scope
   --> /Users/danluu/dev/rust-interp-semantic-reuse-20260913/results/proc-macro-arena-crate-05/source/src/bridge/symbol.rs:121:1
    |
121 | thread_local! {
    | ^^^^^^^^^^^^
    |
    = note: `thread_local` is in scope, but it is an attribute: `#[thread_local]`

error: cannot find macro `assert` in this scope
   --> /Users/danluu/dev/rust-interp-semantic-reuse-20260913/results/proc-macro-arena-crate-05/source/src/bridge/symbol.rs:211:9
    |
211 |         assert!(catch_unwind(AssertUnwindSafe(|| i.get(symbol))).is_err());
    |         ^^^^^^

error: cannot find attribute `test` in this scope
   --> /Users/danluu/dev/rust-interp-semantic-reuse-20260913/results/proc-macro-arena-crate-05/source/src/bridge/symbol.rs:214:7
    |
214 |     #[test]
    |       ^^^^

error: cannot find macro `assert` in this scope
   --> /Users/danluu/dev/rust-interp-semantic-reuse-20260913/results/proc-macro-arena-crate-05/source/src/bridge/symbol.rs:219:9
    |
219 |         assert!(i.intern("alpha") == a);
    |         ^^^^^^

error: cannot find macro `assert_eq` in this scope
   --> /Users/danluu/dev/rust-interp-semantic-reuse-20260913/results/proc-macro-arena-crate-05/source/src/bridge/symbol.rs:220:9
    |
220 |         assert_eq!((a.0.get(), b.0.get()), (1, 2));
    |         ^^^^^^^^^

error: cannot find macro `assert` in this scope
   --> /Users/danluu/dev/rust-interp-semantic-reuse-20260913/results/proc-macro-arena-crate-05/source/src/bridge/symbol.rs:222:9
    |
222 |         assert!(i.names.is_empty());
    |         ^^^^^^

error: cannot find macro `assert` in this scope
   --> /Users/danluu/dev/rust-interp-semantic-reuse-20260913/results/proc-macro-arena-crate-05/source/src/bridge/symbol.rs:223:9
    |
223 |         assert!(i.strings.is_empty());
    |         ^^^^^^

error: cannot find macro `assert_eq` in this scope
   --> /Users/danluu/dev/rust-interp-semantic-reuse-20260913/results/proc-macro-arena-crate-05/source/src/bridge/symbol.rs:227:9
    |
227 |         assert_eq!(current.0.get(), 3);
    |         ^^^^^^^^^

error: cannot find macro `assert_eq` in this scope
   --> /Users/danluu/dev/rust-interp-semantic-reuse-20260913/results/proc-macro-arena-crate-05/source/src/bridge/symbol.rs:228:9
    |
228 |         assert_eq!(i.get(current), "alpha");
    |         ^^^^^^^^^

error: cannot find attribute `test` in this scope
   --> /Users/danluu/dev/rust-interp-semantic-reuse-20260913/results/proc-macro-arena-crate-05/source/src/bridge/symbol.rs:232:7
    |
232 |     #[test]
    |       ^^^^

error: cannot find macro `assert_eq` in this scope
   --> /Users/danluu/dev/rust-interp-semantic-reuse-20260913/results/proc-macro-arena-crate-05/source/src/bridge/symbol.rs:237:9
    |
237 |         assert_eq!(i.get(old), text);
    |         ^^^^^^^^^

error: cannot find macro `assert_eq` in this scope
   --> /Users/danluu/dev/rust-interp-semantic-reuse-20260913/results/proc-macro-arena-crate-05/source/src/bridge/symbol.rs:240:9
    |
240 |         assert_eq!(i.sym_base.get(), 2);
    |         ^^^^^^^^^

error: cannot find macro `assert_eq` in this scope
   --> /Users/danluu/dev/rust-interp-semantic-reuse-20260913/results/proc-macro-arena-crate-05/source/src/bridge/symbol.rs:243:9
    |
243 |         assert_eq!(new.0.get(), 2);
    |         ^^^^^^^^^

error: cannot find macro `assert_eq` in this scope
   --> /Users/danluu/dev/rust-interp-semantic-reuse-20260913/results/proc-macro-arena-crate-05/source/src/bridge/symbol.rs:244:9
    |
244 |         assert_eq!(i.get(new), "β");
    |         ^^^^^^^^^

error: cannot find attribute `test` in this scope
   --> /Users/danluu/dev/rust-interp-semantic-reuse-20260913/results/proc-macro-arena-crate-05/source/src/bridge/symbol.rs:247:7
    |
247 |     #[test]
    |       ^^^^

error: cannot find macro `assert_eq` in this scope
   --> /Users/danluu/dev/rust-interp-semantic-reuse-20260913/results/proc-macro-arena-crate-05/source/src/bridge/symbol.rs:252:9
    |
252 |         assert_eq!(last.0.get(), u32::MAX);
    |         ^^^^^^^^^

error: cannot find macro `assert` in this scope
   --> /Users/danluu/dev/rust-interp-semantic-reuse-20260913/results/proc-macro-arena-crate-05/source/src/bridge/symbol.rs:253:9
    |
253 |         assert!(catch_unwind(AssertUnwindSafe(|| i.intern("overflow"))).is_err());
    |         ^^^^^^

error: cannot find macro `assert_eq` in this scope
   --> /Users/danluu/dev/rust-interp-semantic-reuse-20260913/results/proc-macro-arena-crate-05/source/src/bridge/symbol.rs:254:9
    |
254 |         assert_eq!(i.get(last), "last");
    |         ^^^^^^^^^

error: cannot find macro `assert` in this scope
   --> /Users/danluu/dev/rust-interp-semantic-reuse-20260913/results/proc-macro-arena-crate-05/source/src/bridge/symbol.rs:255:9
    |
255 |         assert!(catch_unwind(AssertUnwindSafe(|| i.clear())).is_ok());
    |         ^^^^^^

error: cannot find macro `assert_eq` in this scope
   --> /Users/danluu/dev/rust-interp-semantic-reuse-20260913/results/proc-macro-arena-crate-05/source/src/bridge/symbol.rs:256:9
    |
256 |         assert_eq!(i.sym_base.get(), u32::MAX);
    |         ^^^^^^^^^

error: cannot find macro `assert` in this scope
   --> /Users/danluu/dev/rust-interp-semantic-reuse-20260913/results/proc-macro-arena-crate-05/source/src/bridge/symbol.rs:257:9
    |
257 |         assert!(i.names.is_empty());
    |         ^^^^^^

error: cannot find macro `assert` in this scope
   --> /Users/danluu/dev/rust-interp-semantic-reuse-20260913/results/proc-macro-arena-crate-05/source/src/bridge/symbol.rs:258:9
    |
258 |         assert!(i.strings.is_empty());
    |         ^^^^^^

error: cannot find macro `unreachable` in this scope
   --> /Users/danluu/dev/rust-interp-semantic-reuse-20260913/results/proc-macro-arena-crate-05/source/src/bridge/rpc.rs:84:30
    |
 84 |                         _ => unreachable!(),
    |                              ^^^^^^^^^^^
    |
   ::: /Users/danluu/dev/rust-interp-semantic-reuse-20260913/results/proc-macro-arena-crate-05/source/src/bridge/mod.rs:145:1
    |
145 | with_api!(declare_tags, __, __, __);
    | ----------------------------------- in this macro invocation
    |
    = note: this error originates in the macro `rpc_encode_decode` which comes from the expansion of the macro `with_api` (in Nightly builds, run with -Z macro-backtrace for more info)

error: cannot find attribute `derive` in this scope
   --> /Users/danluu/dev/rust-interp-semantic-reuse-20260913/results/proc-macro-arena-crate-05/source/src/bridge/mod.rs:157:3
    |
157 | #[derive(Copy, Clone, PartialEq, Eq, Hash)]
    |   ^^^^^^

error: cannot find macro `unreachable` in this scope
   --> /Users/danluu/dev/rust-interp-semantic-reuse-20260913/results/proc-macro-arena-crate-05/source/src/bridge/mod.rs:177:9
    |
177 |         unreachable!()
    |         ^^^^^^^^^^^

error: cannot find macro `unreachable` in this scope
   --> /Users/danluu/dev/rust-interp-semantic-reuse-20260913/results/proc-macro-arena-crate-05/source/src/bridge/rpc.rs:84:30
    |
 84 |                           _ => unreachable!(),
    |                                ^^^^^^^^^^^
    |
   ::: /Users/danluu/dev/rust-interp-semantic-reuse-20260913/results/proc-macro-arena-crate-05/source/src/bridge/mod.rs:230:1
    |
230 | / rpc_encode_decode!(
231 | |     enum Delimiter {
232 | |         Parenthesis,
233 | |         Brace,
...   |
237 | | );
    | |_- in this macro invocation
    |
    = note: this error originates in the macro `rpc_encode_decode` (in Nightly builds, run with -Z macro-backtrace for more info)

error: cannot find macro `unreachable` in this scope
   --> /Users/danluu/dev/rust-interp-semantic-reuse-20260913/results/proc-macro-arena-crate-05/source/src/bridge/rpc.rs:84:30
    |
 84 |                           _ => unreachable!(),
    |                                ^^^^^^^^^^^
    |
   ::: /Users/danluu/dev/rust-interp-semantic-reuse-20260913/results/proc-macro-arena-crate-05/source/src/bridge/mod.rs:238:1
    |
238 | / rpc_encode_decode!(
239 | |     enum Level {
240 | |         Error,
241 | |         Warning,
...   |
245 | | );
    | |_- in this macro invocation
    |
    = note: this error originates in the macro `rpc_encode_decode` (in Nightly builds, run with -Z macro-backtrace for more info)

error: cannot find attribute `derive` in this scope
   --> /Users/danluu/dev/rust-interp-semantic-reuse-20260913/results/proc-macro-arena-crate-05/source/src/bridge/mod.rs:247:3
    |
247 | #[derive(Copy, Clone, Eq, PartialEq, Debug)]
    |   ^^^^^^

error: cannot find macro `unreachable` in this scope
   --> /Users/danluu/dev/rust-interp-semantic-reuse-20260913/results/proc-macro-arena-crate-05/source/src/bridge/rpc.rs:84:30
    |
 84 |                           _ => unreachable!(),
    |                                ^^^^^^^^^^^
    |
   ::: /Users/danluu/dev/rust-interp-semantic-reuse-20260913/results/proc-macro-arena-crate-05/source/src/bridge/mod.rs:266:1
    |
266 | / rpc_encode_decode!(
267 | |     enum LitKind {
268 | |         Byte,
269 | |         Char,
...   |
280 | | );
    | |_- in this macro invocation
    |
    = note: this error originates in the macro `rpc_encode_decode` (in Nightly builds, run with -Z macro-backtrace for more info)

error: cannot find macro `unreachable` in this scope
   --> /Users/danluu/dev/rust-interp-semantic-reuse-20260913/results/proc-macro-arena-crate-05/source/src/bridge/rpc.rs:84:30
    |
 84 |                           _ => unreachable!(),
    |                                ^^^^^^^^^^^
    |
   ::: /Users/danluu/dev/rust-interp-semantic-reuse-20260913/results/proc-macro-arena-crate-05/source/src/bridge/mod.rs:330:1
    |
330 | / rpc_encode_decode!(
331 | |     enum Bound<T> {
332 | |         Included(x),
333 | |         Excluded(x),
...   |
336 | | );
    | |_- in this macro invocation
    |
    = note: this error originates in the macro `rpc_encode_decode` (in Nightly builds, run with -Z macro-backtrace for more info)

error: cannot find macro `unreachable` in this scope
   --> /Users/danluu/dev/rust-interp-semantic-reuse-20260913/results/proc-macro-arena-crate-05/source/src/bridge/rpc.rs:84:30
    |
 84 |                           _ => unreachable!(),
    |                                ^^^^^^^^^^^
    |
   ::: /Users/danluu/dev/rust-interp-semantic-reuse-20260913/results/proc-macro-arena-crate-05/source/src/bridge/mod.rs:338:1
    |
338 | / compound_traits!(
339 | |     enum Option<T> {
340 | |         Some(t),
341 | |         None,
342 | |     }
343 | | );
    | |_- in this macro invocation
    |
    = note: this error originates in the macro `rpc_encode_decode` which comes from the expansion of the macro `compound_traits` (in Nightly builds, run with -Z macro-backtrace for more info)

error: cannot find macro `unreachable` in this scope
   --> /Users/danluu/dev/rust-interp-semantic-reuse-20260913/results/proc-macro-arena-crate-05/source/src/bridge/rpc.rs:84:30
    |
 84 |                           _ => unreachable!(),
    |                                ^^^^^^^^^^^
    |
   ::: /Users/danluu/dev/rust-interp-semantic-reuse-20260913/results/proc-macro-arena-crate-05/source/src/bridge/mod.rs:345:1
    |
345 | / compound_traits!(
346 | |     enum Result<T, E> {
347 | |         Ok(t),
348 | |         Err(e),
349 | |     }
350 | | );
    | |_- in this macro invocation
    |
    = note: this error originates in the macro `rpc_encode_decode` which comes from the expansion of the macro `compound_traits` (in Nightly builds, run with -Z macro-backtrace for more info)

error: cannot find attribute `derive` in this scope
   --> /Users/danluu/dev/rust-interp-semantic-reuse-20260913/results/proc-macro-arena-crate-05/source/src/bridge/mod.rs:352:3
    |
352 | #[derive(Copy, Clone)]
    |   ^^^^^^

error: cannot find attribute `derive` in this scope
   --> /Users/danluu/dev/rust-interp-semantic-reuse-20260913/results/proc-macro-arena-crate-05/source/src/bridge/mod.rs:367:3
    |
367 | #[derive(Clone)]
    |   ^^^^^^

error: cannot find attribute `derive` in this scope
   --> /Users/danluu/dev/rust-interp-semantic-reuse-20260913/results/proc-macro-arena-crate-05/source/src/bridge/mod.rs:376:3
    |
376 | #[derive(Clone)]
    |   ^^^^^^

error: cannot find attribute `derive` in this scope
   --> /Users/danluu/dev/rust-interp-semantic-reuse-20260913/results/proc-macro-arena-crate-05/source/src/bridge/mod.rs:385:3
    |
385 | #[derive(Copy, Clone, Eq, PartialEq)]
    |   ^^^^^^

error: cannot find attribute `derive` in this scope
   --> /Users/danluu/dev/rust-interp-semantic-reuse-20260913/results/proc-macro-arena-crate-05/source/src/bridge/mod.rs:394:3
    |
394 | #[derive(Clone, Eq, PartialEq)]
    |   ^^^^^^

error: cannot find attribute `derive` in this scope
   --> /Users/danluu/dev/rust-interp-semantic-reuse-20260913/results/proc-macro-arena-crate-05/source/src/bridge/mod.rs:404:3
    |
404 | #[derive(Clone)]
    |   ^^^^^^

error: cannot find macro `unreachable` in this scope
   --> /Users/danluu/dev/rust-interp-semantic-reuse-20260913/results/proc-macro-arena-crate-05/source/src/bridge/rpc.rs:84:30
    |
 84 |                           _ => unreachable!(),
    |                                ^^^^^^^^^^^
    |
   ::: /Users/danluu/dev/rust-interp-semantic-reuse-20260913/results/proc-macro-arena-crate-05/source/src/bridge/mod.rs:412:1
    |
412 | / compound_traits!(
413 | |     enum TokenTree<TokenStream, Span, Symbol> {
414 | |         Group(tt),
415 | |         Punct(tt),
...   |
419 | | );
    | |_- in this macro invocation
    |
    = note: this error originates in the macro `rpc_encode_decode` which comes from the expansion of the macro `compound_traits` (in Nightly builds, run with -Z macro-backtrace for more info)

error: cannot find attribute `derive` in this scope
   --> /Users/danluu/dev/rust-interp-semantic-reuse-20260913/results/proc-macro-arena-crate-05/source/src/bridge/mod.rs:421:3
    |
421 | #[derive(Clone, Debug)]
    |   ^^^^^^

error: cannot find attribute `derive` in this scope
   --> /Users/danluu/dev/rust-interp-semantic-reuse-20260913/results/proc-macro-arena-crate-05/source/src/bridge/mod.rs:435:3
    |
435 | #[derive(Clone)]
    |   ^^^^^^

error: cannot find attribute `derive` in this scope
 --> /Users/danluu/dev/rust-interp-semantic-reuse-20260913/results/proc-macro-arena-crate-05/source/src/diagnostic.rs:5:3
  |
5 | #[derive(Copy, Clone, Debug)]
  |   ^^^^^^

error: cannot find macro `vec` in this scope
  --> /Users/danluu/dev/rust-interp-semantic-reuse-20260913/results/proc-macro-arena-crate-05/source/src/diagnostic.rs:28:9
   |
28 |         vec![self]
   |         ^^^

error: cannot find attribute `derive` in this scope
  --> /Users/danluu/dev/rust-interp-semantic-reuse-20260913/results/proc-macro-arena-crate-05/source/src/diagnostic.rs:49:3
   |
49 | #[derive(Clone, Debug)]
   |   ^^^^^^

error: cannot find attribute `derive` in this scope
  --> /Users/danluu/dev/rust-interp-semantic-reuse-20260913/results/proc-macro-arena-crate-05/source/src/diagnostic.rs:82:3
   |
82 | #[derive(Debug, Clone)]
   |   ^^^^^^

error: cannot find macro `vec` in this scope
   --> /Users/danluu/dev/rust-interp-semantic-reuse-20260913/results/proc-macro-arena-crate-05/source/src/diagnostic.rs:100:61
    |
100 |         Diagnostic { level, message: message.into(), spans: vec![], children: vec![] }
    |                                                             ^^^

error: cannot find macro `vec` in this scope
   --> /Users/danluu/dev/rust-interp-semantic-reuse-20260913/results/proc-macro-arena-crate-05/source/src/diagnostic.rs:100:79
    |
100 |         Diagnostic { level, message: message.into(), spans: vec![], children: vec![] }
    |                                                                               ^^^

error: cannot find macro `vec` in this scope
   --> /Users/danluu/dev/rust-interp-semantic-reuse-20260913/results/proc-macro-arena-crate-05/source/src/diagnostic.rs:111:91
    |
111 |         Diagnostic { level, message: message.into(), spans: spans.into_spans(), children: vec![] }
    |                                                                                           ^^^

error: cannot find macro `concat` in this scope
   --> /Users/danluu/dev/rust-interp-semantic-reuse-20260913/results/proc-macro-arena-crate-05/source/src/diagnostic.rs:60:17
    |
 60 |         #[doc = concat!("Adds a new child diagnostics message to `self` with the [`",
    |                 ^^^^^^
...
114 |     diagnostic_child_methods!(span_error, error, Level::Error);
    |     ---------------------------------------------------------- in this macro invocation
    |
    = note: this error originates in the macro `diagnostic_child_methods` (in Nightly builds, run with -Z macro-backtrace for more info)

error: cannot find macro `concat` in this scope
   --> /Users/danluu/dev/rust-interp-semantic-reuse-20260913/results/proc-macro-arena-crate-05/source/src/diagnostic.rs:72:17
    |
 72 |         #[doc = concat!("Adds a new child diagnostic message to `self` with the [`",
    |                 ^^^^^^
...
114 |     diagnostic_child_methods!(span_error, error, Level::Error);
    |     ---------------------------------------------------------- in this macro invocation
    |
    = note: this error originates in the macro `diagnostic_child_methods` (in Nightly builds, run with -Z macro-backtrace for more info)

error: cannot find macro `concat` in this scope
   --> /Users/danluu/dev/rust-interp-semantic-reuse-20260913/results/proc-macro-arena-crate-05/source/src/diagnostic.rs:60:17
    |
 60 |         #[doc = concat!("Adds a new child diagnostics message to `self` with the [`",
    |                 ^^^^^^
...
115 |     diagnostic_child_methods!(span_warning, warning, Level::Warning);
    |     ---------------------------------------------------------------- in this macro invocation
    |
    = note: this error originates in the macro `diagnostic_child_methods` (in Nightly builds, run with -Z macro-backtrace for more info)

error: cannot find macro `concat` in this scope
   --> /Users/danluu/dev/rust-interp-semantic-reuse-20260913/results/proc-macro-arena-crate-05/source/src/diagnostic.rs:72:17
    |
 72 |         #[doc = concat!("Adds a new child diagnostic message to `self` with the [`",
    |                 ^^^^^^
...
115 |     diagnostic_child_methods!(span_warning, warning, Level::Warning);
    |     ---------------------------------------------------------------- in this macro invocation
    |
    = note: this error originates in the macro `diagnostic_child_methods` (in Nightly builds, run with -Z macro-backtrace for more info)

error: cannot find macro `concat` in this scope
   --> /Users/danluu/dev/rust-interp-semantic-reuse-20260913/results/proc-macro-arena-crate-05/source/src/diagnostic.rs:60:17
    |
 60 |         #[doc = concat!("Adds a new child diagnostics message to `self` with the [`",
    |                 ^^^^^^
...
116 |     diagnostic_child_methods!(span_note, note, Level::Note);
    |     ------------------------------------------------------- in this macro invocation
    |
    = note: this error originates in the macro `diagnostic_child_methods` (in Nightly builds, run with -Z macro-backtrace for more info)

error: cannot find macro `concat` in this scope
   --> /Users/danluu/dev/rust-interp-semantic-reuse-20260913/results/proc-macro-arena-crate-05/source/src/diagnostic.rs:72:17
    |
 72 |         #[doc = concat!("Adds a new child diagnostic message to `self` with the [`",
    |                 ^^^^^^
...
116 |     diagnostic_child_methods!(span_note, note, Level::Note);
    |     ------------------------------------------------------- in this macro invocation
    |
    = note: this error originates in the macro `diagnostic_child_methods` (in Nightly builds, run with -Z macro-backtrace for more info)

error: cannot find macro `concat` in this scope
   --> /Users/danluu/dev/rust-interp-semantic-reuse-20260913/results/proc-macro-arena-crate-05/source/src/diagnostic.rs:60:17
    |
 60 |         #[doc = concat!("Adds a new child diagnostics message to `self` with the [`",
    |                 ^^^^^^
...
117 |     diagnostic_child_methods!(span_help, help, Level::Help);
    |     ------------------------------------------------------- in this macro invocation
    |
    = note: this error originates in the macro `diagnostic_child_methods` (in Nightly builds, run with -Z macro-backtrace for more info)

error: cannot find macro `concat` in this scope
   --> /Users/danluu/dev/rust-interp-semantic-reuse-20260913/results/proc-macro-arena-crate-05/source/src/diagnostic.rs:72:17
    |
 72 |         #[doc = concat!("Adds a new child diagnostic message to `self` with the [`",
    |                 ^^^^^^
...
117 |     diagnostic_child_methods!(span_help, help, Level::Help);
    |     ------------------------------------------------------- in this macro invocation
    |
    = note: this error originates in the macro `diagnostic_child_methods` (in Nightly builds, run with -Z macro-backtrace for more info)

error: cannot find attribute `derive` in this scope
 --> /Users/danluu/dev/rust-interp-semantic-reuse-20260913/results/proc-macro-arena-crate-05/source/src/escape.rs:1:3
  |
1 | #[derive(Copy, Clone)]
  |   ^^^^^^

error: cannot find attribute `derive` in this scope
  --> /Users/danluu/dev/rust-interp-semantic-reuse-20260913/results/proc-macro-arena-crate-05/source/src/lib.rs:70:3
   |
70 | #[derive(Debug, PartialEq, Eq)]
   |   ^^^^^^

error: cannot find attribute `derive` in this scope
   --> /Users/danluu/dev/rust-interp-semantic-reuse-20260913/results/proc-macro-arena-crate-05/source/src/lib.rs:199:3
    |
199 | #[derive(Debug, PartialEq, Eq)]
    |   ^^^^^^

error: cannot find attribute `derive` in this scope
   --> /Users/danluu/dev/rust-interp-semantic-reuse-20260913/results/proc-macro-arena-crate-05/source/src/lib.rs:235:3
    |
235 | #[derive(Clone)]
    |   ^^^^^^

error: cannot find attribute `derive` in this scope
   --> /Users/danluu/dev/rust-interp-semantic-reuse-20260913/results/proc-macro-arena-crate-05/source/src/lib.rs:248:3
    |
248 | #[derive(Debug)]
    |   ^^^^^^

error: cannot find attribute `derive` in this scope
   --> /Users/danluu/dev/rust-interp-semantic-reuse-20260913/results/proc-macro-arena-crate-05/source/src/lib.rs:269:3
    |
269 | #[derive(Debug)]
    |   ^^^^^^

error: cannot find macro `write` in this scope
   --> /Users/danluu/dev/rust-interp-semantic-reuse-20260913/results/proc-macro-arena-crate-05/source/src/lib.rs:352:25
    |
352 |             Some(ts) => write!(f, "{}", BridgeMethods::ts_to_string(ts)),
    |                         ^^^^^

error: cannot find attribute `derive` in this scope
   --> /Users/danluu/dev/rust-interp-semantic-reuse-20260913/results/proc-macro-arena-crate-05/source/src/lib.rs:537:7
    |
537 |     #[derive(Clone)]
    |       ^^^^^^

error: cannot find attribute `derive` in this scope
   --> /Users/danluu/dev/rust-interp-semantic-reuse-20260913/results/proc-macro-arena-crate-05/source/src/quote.rs:157:3
    |
157 | #[derive(Copy, Clone)]
    |   ^^^^^^

error: cannot find macro `stringify` in this scope
   --> /Users/danluu/dev/rust-interp-semantic-reuse-20260913/results/proc-macro-arena-crate-05/source/src/quote.rs:202:32
    |
202 |     ($i:ident) => { Ident::new(stringify!($i), Span::def_site()) };
    |                                ^^^^^^^^^
...
281 |         return minimal_quote!(crate::TokenStream::new());
    |                ----------------------------------------- in this macro invocation
    |
    = note: this error originates in the macro `minimal_quote_tt` which comes from the expansion of the macro `minimal_quote` (in Nightly builds, run with -Z macro-backtrace for more info)

error: cannot find macro `stringify` in this scope
   --> /Users/danluu/dev/rust-interp-semantic-reuse-20260913/results/proc-macro-arena-crate-05/source/src/quote.rs:202:32
    |
202 |     ($i:ident) => { Ident::new(stringify!($i), Span::def_site()) };
    |                                ^^^^^^^^^
...
281 |         return minimal_quote!(crate::TokenStream::new());
    |                ----------------------------------------- in this macro invocation
    |
    = note: this error originates in the macro `minimal_quote_tt` which comes from the expansion of the macro `minimal_quote` (in Nightly builds, run with -Z macro-backtrace for more info)

error: cannot find macro `stringify` in this scope
   --> /Users/danluu/dev/rust-interp-semantic-reuse-20260913/results/proc-macro-arena-crate-05/source/src/quote.rs:202:32
    |
202 |     ($i:ident) => { Ident::new(stringify!($i), Span::def_site()) };
    |                                ^^^^^^^^^
...
281 |         return minimal_quote!(crate::TokenStream::new());
    |                ----------------------------------------- in this macro invocation
    |
    = note: this error originates in the macro `minimal_quote_tt` which comes from the expansion of the macro `minimal_quote` (in Nightly builds, run with -Z macro-backtrace for more info)

error: cannot find macro `stringify` in this scope
   --> /Users/danluu/dev/rust-interp-semantic-reuse-20260913/results/proc-macro-arena-crate-05/source/src/quote.rs:202:32
    |
202 |     ($i:ident) => { Ident::new(stringify!($i), Span::def_site()) };
    |                                ^^^^^^^^^
...
283 |     let proc_macro_crate = minimal_quote!(crate);
    |                            --------------------- in this macro invocation
    |
    = note: this error originates in the macro `minimal_quote_tt` which comes from the expansion of the macro `minimal_quote` (in Nightly builds, run with -Z macro-backtrace for more info)

error: cannot find macro `panic` in this scope
   --> /Users/danluu/dev/rust-interp-semantic-reuse-20260913/results/proc-macro-arena-crate-05/source/src/quote.rs:305:30
    |
305 |                         _ => panic!("`$(...)` must be followed by `*` in `quote!`"),
    |                              ^^^^^

error: cannot find macro `stringify` in this scope
   --> /Users/danluu/dev/rust-interp-semantic-reuse-20260913/results/proc-macro-arena-crate-05/source/src/quote.rs:202:32
    |
202 |       ($i:ident) => { Ident::new(stringify!($i), Span::def_site()) };
    |                                  ^^^^^^^^^
...
313 | /                     minimal_quote!(
314 | |                         use crate::ext::*;
315 | |                         (@ if sep_opt.is_some() {
316 | |                             minimal_quote!(let mut _i = 0usize;)
...   |
320 | |                         let has_iter = crate::ThereIsNoIteratorInRepetition;
321 | |                     )
    | |_____________________- in this macro invocation
    |
    = note: this error originates in the macro `minimal_quote_tt` which comes from the expansion of the macro `minimal_quote` (in Nightly builds, run with -Z macro-backtrace for more info)

error: cannot find macro `stringify` in this scope
   --> /Users/danluu/dev/rust-interp-semantic-reuse-20260913/results/proc-macro-arena-crate-05/source/src/quote.rs:202:32
    |
202 |       ($i:ident) => { Ident::new(stringify!($i), Span::def_site()) };
    |                                  ^^^^^^^^^
...
313 | /                     minimal_quote!(
314 | |                         use crate::ext::*;
315 | |                         (@ if sep_opt.is_some() {
316 | |                             minimal_quote!(let mut _i = 0usize;)
...   |
320 | |                         let has_iter = crate::ThereIsNoIteratorInRepetition;
321 | |                     )
    | |_____________________- in this macro invocation
    |
    = note: this error originates in the macro `minimal_quote_tt` which comes from the expansion of the macro `minimal_quote` (in Nightly builds, run with -Z macro-backtrace for more info)

error: cannot find macro `stringify` in this scope
   --> /Users/danluu/dev/rust-interp-semantic-reuse-20260913/results/proc-macro-arena-crate-05/source/src/quote.rs:202:32
    |
202 |       ($i:ident) => { Ident::new(stringify!($i), Span::def_site()) };
    |                                  ^^^^^^^^^
...
313 | /                     minimal_quote!(
314 | |                         use crate::ext::*;
315 | |                         (@ if sep_opt.is_some() {
316 | |                             minimal_quote!(let mut _i = 0usize;)
...   |
320 | |                         let has_iter = crate::ThereIsNoIteratorInRepetition;
321 | |                     )
    | |_____________________- in this macro invocation
    |
    = note: this error originates in the macro `minimal_quote_tt` which comes from the expansion of the macro `minimal_quote` (in Nightly builds, run with -Z macro-backtrace for more info)

error: cannot find macro `stringify` in this scope
   --> /Users/danluu/dev/rust-interp-semantic-reuse-20260913/results/proc-macro-arena-crate-05/source/src/quote.rs:202:32
    |
202 |     ($i:ident) => { Ident::new(stringify!($i), Span::def_site()) };
    |                                ^^^^^^^^^
...
316 |                             minimal_quote!(let mut _i = 0usize;)
    |                             ------------------------------------ in this macro invocation
    |
    = note: this error originates in the macro `minimal_quote_tt` which comes from the expansion of the macro `minimal_quote` (in Nightly builds, run with -Z macro-backtrace for more info)

error: cannot find macro `stringify` in this scope
   --> /Users/danluu/dev/rust-interp-semantic-reuse-20260913/results/proc-macro-arena-crate-05/source/src/quote.rs:202:32
    |
202 |     ($i:ident) => { Ident::new(stringify!($i), Span::def_site()) };
    |                                ^^^^^^^^^
...
316 |                             minimal_quote!(let mut _i = 0usize;)
    |                             ------------------------------------ in this macro invocation
    |
    = note: this error originates in the macro `minimal_quote_tt` which comes from the expansion of the macro `minimal_quote` (in Nightly builds, run with -Z macro-backtrace for more info)

error: cannot find macro `stringify` in this scope
   --> /Users/danluu/dev/rust-interp-semantic-reuse-20260913/results/proc-macro-arena-crate-05/source/src/quote.rs:202:32
    |
202 |     ($i:ident) => { Ident::new(stringify!($i), Span::def_site()) };
    |                                ^^^^^^^^^
...
316 |                             minimal_quote!(let mut _i = 0usize;)
    |                             ------------------------------------ in this macro invocation
    |
    = note: this error originates in the macro `minimal_quote_tt` which comes from the expansion of the macro `minimal_quote` (in Nightly builds, run with -Z macro-backtrace for more info)

error: cannot find macro `stringify` in this scope
   --> /Users/danluu/dev/rust-interp-semantic-reuse-20260913/results/proc-macro-arena-crate-05/source/src/quote.rs:203:25
    |
203 |     ($lit:literal) => { stringify!($lit).parse::<Literal>().unwrap() };
    |                         ^^^^^^^^^
...
316 |                             minimal_quote!(let mut _i = 0usize;)
    |                             ------------------------------------ in this macro invocation
    |
    = note: this error originates in the macro `minimal_quote_tt` which comes from the expansion of the macro `minimal_quote` (in Nightly builds, run with -Z macro-backtrace for more info)

error: cannot find macro `stringify` in this scope
   --> /Users/danluu/dev/rust-interp-semantic-reuse-20260913/results/proc-macro-arena-crate-05/source/src/quote.rs:202:32
    |
202 |       ($i:ident) => { Ident::new(stringify!($i), Span::def_site()) };
    |                                  ^^^^^^^^^
...
313 | /                     minimal_quote!(
314 | |                         use crate::ext::*;
315 | |                         (@ if sep_opt.is_some() {
316 | |                             minimal_quote!(let mut _i = 0usize;)
...   |
320 | |                         let has_iter = crate::ThereIsNoIteratorInRepetition;
321 | |                     )
    | |_____________________- in this macro invocation
    |
    = note: this error originates in the macro `minimal_quote_tt` which comes from the expansion of the macro `minimal_quote` (in Nightly builds, run with -Z macro-backtrace for more info)

error: cannot find macro `stringify` in this scope
   --> /Users/danluu/dev/rust-interp-semantic-reuse-20260913/results/proc-macro-arena-crate-05/source/src/quote.rs:202:32
    |
202 |       ($i:ident) => { Ident::new(stringify!($i), Span::def_site()) };
    |                                  ^^^^^^^^^
...
313 | /                     minimal_quote!(
314 | |                         use crate::ext::*;
315 | |                         (@ if sep_opt.is_some() {
316 | |                             minimal_quote!(let mut _i = 0usize;)
...   |
320 | |                         let has_iter = crate::ThereIsNoIteratorInRepetition;
321 | |                     )
    | |_____________________- in this macro invocation
    |
    = note: this error originates in the macro `minimal_quote_tt` which comes from the expansion of the macro `minimal_quote` (in Nightly builds, run with -Z macro-backtrace for more info)

error: cannot find macro `stringify` in this scope
   --> /Users/danluu/dev/rust-interp-semantic-reuse-20260913/results/proc-macro-arena-crate-05/source/src/quote.rs:202:32
    |
202 |       ($i:ident) => { Ident::new(stringify!($i), Span::def_site()) };
    |                                  ^^^^^^^^^
...
313 | /                     minimal_quote!(
314 | |                         use crate::ext::*;
315 | |                         (@ if sep_opt.is_some() {
316 | |                             minimal_quote!(let mut _i = 0usize;)
...   |
320 | |                         let has_iter = crate::ThereIsNoIteratorInRepetition;
321 | |                     )
    | |_____________________- in this macro invocation
    |
    = note: this error originates in the macro `minimal_quote_tt` which comes from the expansion of the macro `minimal_quote` (in Nightly builds, run with -Z macro-backtrace for more info)

error: cannot find macro `stringify` in this scope
   --> /Users/danluu/dev/rust-interp-semantic-reuse-20260913/results/proc-macro-arena-crate-05/source/src/quote.rs:202:32
    |
202 |       ($i:ident) => { Ident::new(stringify!($i), Span::def_site()) };
    |                                  ^^^^^^^^^
...
313 | /                     minimal_quote!(
314 | |                         use crate::ext::*;
315 | |                         (@ if sep_opt.is_some() {
316 | |                             minimal_quote!(let mut _i = 0usize;)
...   |
320 | |                         let has_iter = crate::ThereIsNoIteratorInRepetition;
321 | |                     )
    | |_____________________- in this macro invocation
    |
    = note: this error originates in the macro `minimal_quote_tt` which comes from the expansion of the macro `minimal_quote` (in Nightly builds, run with -Z macro-backtrace for more info)

error: cannot find macro `stringify` in this scope
   --> /Users/danluu/dev/rust-interp-semantic-reuse-20260913/results/proc-macro-arena-crate-05/source/src/quote.rs:202:32
    |
202 |       ($i:ident) => { Ident::new(stringify!($i), Span::def_site()) };
    |                                  ^^^^^^^^^
...
324 | /                         minimal_quote!(
325 | |                             #[allow(unused_mut)]
326 | |                             let (mut (@ meta_var), i) = (@ meta_var).quote_into_iter();
327 | |                             let has_iter = has_iter | i;
328 | |                         )
    | |_________________________- in this macro invocation
    |
    = note: this error originates in the macro `minimal_quote_tt` which comes from the expansion of the macro `minimal_quote` (in Nightly builds, run with -Z macro-backtrace for more info)

error: cannot find macro `stringify` in this scope
   --> /Users/danluu/dev/rust-interp-semantic-reuse-20260913/results/proc-macro-arena-crate-05/source/src/quote.rs:202:32
    |
202 |       ($i:ident) => { Ident::new(stringify!($i), Span::def_site()) };
    |                                  ^^^^^^^^^
...
324 | /                         minimal_quote!(
325 | |                             #[allow(unused_mut)]
326 | |                             let (mut (@ meta_var), i) = (@ meta_var).quote_into_iter();
327 | |                             let has_iter = has_iter | i;
328 | |                         )
    | |_________________________- in this macro invocation
    |
    = note: this error originates in the macro `minimal_quote_tt` which comes from the expansion of the macro `minimal_quote` (in Nightly builds, run with -Z macro-backtrace for more info)

error: cannot find macro `stringify` in this scope
   --> /Users/danluu/dev/rust-interp-semantic-reuse-20260913/results/proc-macro-arena-crate-05/source/src/quote.rs:202:32
    |
202 |       ($i:ident) => { Ident::new(stringify!($i), Span::def_site()) };
    |                                  ^^^^^^^^^
...
324 | /                         minimal_quote!(
325 | |                             #[allow(unused_mut)]
326 | |                             let (mut (@ meta_var), i) = (@ meta_var).quote_into_iter();
327 | |                             let has_iter = has_iter | i;
328 | |                         )
    | |_________________________- in this macro invocation
    |
    = note: this error originates in the macro `minimal_quote_tt` which comes from the expansion of the macro `minimal_quote` (in Nightly builds, run with -Z macro-backtrace for more info)

error: cannot find macro `stringify` in this scope
   --> /Users/danluu/dev/rust-interp-semantic-reuse-20260913/results/proc-macro-arena-crate-05/source/src/quote.rs:202:32
    |
202 |       ($i:ident) => { Ident::new(stringify!($i), Span::def_site()) };
    |                                  ^^^^^^^^^
...
324 | /                         minimal_quote!(
325 | |                             #[allow(unused_mut)]
326 | |                             let (mut (@ meta_var), i) = (@ meta_var).quote_into_iter();
327 | |                             let has_iter = has_iter | i;
328 | |                         )
    | |_________________________- in this macro invocation
    |
    = note: this error originates in the macro `minimal_quote_tt` which comes from the expansion of the macro `minimal_quote` (in Nightly builds, run with -Z macro-backtrace for more info)

error: cannot find macro `stringify` in this scope
   --> /Users/danluu/dev/rust-interp-semantic-reuse-20260913/results/proc-macro-arena-crate-05/source/src/quote.rs:202:32
    |
202 |       ($i:ident) => { Ident::new(stringify!($i), Span::def_site()) };
    |                                  ^^^^^^^^^
...
324 | /                         minimal_quote!(
325 | |                             #[allow(unused_mut)]
326 | |                             let (mut (@ meta_var), i) = (@ meta_var).quote_into_iter();
327 | |                             let has_iter = has_iter | i;
328 | |                         )
    | |_________________________- in this macro invocation
    |
    = note: this error originates in the macro `minimal_quote_tt` which comes from the expansion of the macro `minimal_quote` (in Nightly builds, run with -Z macro-backtrace for more info)

error: cannot find macro `stringify` in this scope
   --> /Users/danluu/dev/rust-interp-semantic-reuse-20260913/results/proc-macro-arena-crate-05/source/src/quote.rs:202:32
    |
202 |       ($i:ident) => { Ident::new(stringify!($i), Span::def_site()) };
    |                                  ^^^^^^^^^
...
324 | /                         minimal_quote!(
325 | |                             #[allow(unused_mut)]
326 | |                             let (mut (@ meta_var), i) = (@ meta_var).quote_into_iter();
327 | |                             let has_iter = has_iter | i;
328 | |                         )
    | |_________________________- in this macro invocation
    |
    = note: this error originates in the macro `minimal_quote_tt` which comes from the expansion of the macro `minimal_quote` (in Nightly builds, run with -Z macro-backtrace for more info)

error: cannot find macro `stringify` in this scope
   --> /Users/danluu/dev/rust-interp-semantic-reuse-20260913/results/proc-macro-arena-crate-05/source/src/quote.rs:202:32
    |
202 |       ($i:ident) => { Ident::new(stringify!($i), Span::def_site()) };
    |                                  ^^^^^^^^^
...
324 | /                         minimal_quote!(
325 | |                             #[allow(unused_mut)]
326 | |                             let (mut (@ meta_var), i) = (@ meta_var).quote_into_iter();
327 | |                             let has_iter = has_iter | i;
328 | |                         )
    | |_________________________- in this macro invocation
    |
    = note: this error originates in the macro `minimal_quote_tt` which comes from the expansion of the macro `minimal_quote` (in Nightly builds, run with -Z macro-backtrace for more info)

error: cannot find macro `stringify` in this scope
   --> /Users/danluu/dev/rust-interp-semantic-reuse-20260913/results/proc-macro-arena-crate-05/source/src/quote.rs:202:32
    |
202 |       ($i:ident) => { Ident::new(stringify!($i), Span::def_site()) };
    |                                  ^^^^^^^^^
...
324 | /                         minimal_quote!(
325 | |                             #[allow(unused_mut)]
326 | |                             let (mut (@ meta_var), i) = (@ meta_var).quote_into_iter();
327 | |                             let has_iter = has_iter | i;
328 | |                         )
    | |_________________________- in this macro invocation
    |
    = note: this error originates in the macro `minimal_quote_tt` which comes from the expansion of the macro `minimal_quote` (in Nightly builds, run with -Z macro-backtrace for more info)

error: cannot find macro `stringify` in this scope
   --> /Users/danluu/dev/rust-interp-semantic-reuse-20260913/results/proc-macro-arena-crate-05/source/src/quote.rs:202:32
    |
202 |       ($i:ident) => { Ident::new(stringify!($i), Span::def_site()) };
    |                                  ^^^^^^^^^
...
324 | /                         minimal_quote!(
325 | |                             #[allow(unused_mut)]
326 | |                             let (mut (@ meta_var), i) = (@ meta_var).quote_into_iter();
327 | |                             let has_iter = has_iter | i;
328 | |                         )
    | |_________________________- in this macro invocation
    |
    = note: this error originates in the macro `minimal_quote_tt` which comes from the expansion of the macro `minimal_quote` (in Nightly builds, run with -Z macro-backtrace for more info)

error: cannot find macro `stringify` in this scope
   --> /Users/danluu/dev/rust-interp-semantic-reuse-20260913/results/proc-macro-arena-crate-05/source/src/quote.rs:202:32
    |
202 |       ($i:ident) => { Ident::new(stringify!($i), Span::def_site()) };
    |                                  ^^^^^^^^^
...
324 | /                         minimal_quote!(
325 | |                             #[allow(unused_mut)]
326 | |                             let (mut (@ meta_var), i) = (@ meta_var).quote_into_iter();
327 | |                             let has_iter = has_iter | i;
328 | |                         )
    | |_________________________- in this macro invocation
    |
    = note: this error originates in the macro `minimal_quote_tt` which comes from the expansion of the macro `minimal_quote` (in Nightly builds, run with -Z macro-backtrace for more info)

error: cannot find macro `stringify` in this scope
   --> /Users/danluu/dev/rust-interp-semantic-reuse-20260913/results/proc-macro-arena-crate-05/source/src/quote.rs:202:32
    |
202 |     ($i:ident) => { Ident::new(stringify!($i), Span::def_site()) };
    |                                ^^^^^^^^^
...
331 |                     minimal_quote!(let _: crate::HasIterator = has_iter;)
    |                     ----------------------------------------------------- in this macro invocation
    |
    = note: this error originates in the macro `minimal_quote_tt` which comes from the expansion of the macro `minimal_quote` (in Nightly builds, run with -Z macro-backtrace for more info)

error: cannot find macro `stringify` in this scope
   --> /Users/danluu/dev/rust-interp-semantic-reuse-20260913/results/proc-macro-arena-crate-05/source/src/quote.rs:202:32
    |
202 |     ($i:ident) => { Ident::new(stringify!($i), Span::def_site()) };
    |                                ^^^^^^^^^
...
331 |                     minimal_quote!(let _: crate::HasIterator = has_iter;)
    |                     ----------------------------------------------------- in this macro invocation
    |
    = note: this error originates in the macro `minimal_quote_tt` which comes from the expansion of the macro `minimal_quote` (in Nightly builds, run with -Z macro-backtrace for more info)

error: cannot find macro `stringify` in this scope
   --> /Users/danluu/dev/rust-interp-semantic-reuse-20260913/results/proc-macro-arena-crate-05/source/src/quote.rs:202:32
    |
202 |     ($i:ident) => { Ident::new(stringify!($i), Span::def_site()) };
    |                                ^^^^^^^^^
...
331 |                     minimal_quote!(let _: crate::HasIterator = has_iter;)
    |                     ----------------------------------------------------- in this macro invocation
    |
    = note: this error originates in the macro `minimal_quote_tt` which comes from the expansion of the macro `minimal_quote` (in Nightly builds, run with -Z macro-backtrace for more info)

error: cannot find macro `stringify` in this scope
   --> /Users/danluu/dev/rust-interp-semantic-reuse-20260913/results/proc-macro-arena-crate-05/source/src/quote.rs:202:32
    |
202 |     ($i:ident) => { Ident::new(stringify!($i), Span::def_site()) };
    |                                ^^^^^^^^^
...
331 |                     minimal_quote!(let _: crate::HasIterator = has_iter;)
    |                     ----------------------------------------------------- in this macro invocation
    |
    = note: this error originates in the macro `minimal_quote_tt` which comes from the expansion of the macro `minimal_quote` (in Nightly builds, run with -Z macro-backtrace for more info)

error: cannot find macro `stringify` in this scope
   --> /Users/danluu/dev/rust-interp-semantic-reuse-20260913/results/proc-macro-arena-crate-05/source/src/quote.rs:202:32
    |
202 |       ($i:ident) => { Ident::new(stringify!($i), Span::def_site()) };
    |                                  ^^^^^^^^^
...
337 | /                         minimal_quote!(
338 | |                             let (@ meta_var) = match (@ meta_var).next() {
339 | |                                 Some(_x) => crate::RepInterp(_x),
340 | |                                 None => break,
341 | |                             };
342 | |                         )
    | |_________________________- in this macro invocation
    |
    = note: this error originates in the macro `minimal_quote_tt` which comes from the expansion of the macro `minimal_quote` (in Nightly builds, run with -Z macro-backtrace for more info)

error: cannot find macro `stringify` in this scope
   --> /Users/danluu/dev/rust-interp-semantic-reuse-20260913/results/proc-macro-arena-crate-05/source/src/quote.rs:202:32
    |
202 |       ($i:ident) => { Ident::new(stringify!($i), Span::def_site()) };
    |                                  ^^^^^^^^^
...
337 | /                         minimal_quote!(
338 | |                             let (@ meta_var) = match (@ meta_var).next() {
339 | |                                 Some(_x) => crate::RepInterp(_x),
340 | |                                 None => break,
341 | |                             };
342 | |                         )
    | |_________________________- in this macro invocation
    |
    = note: this error originates in the macro `minimal_quote_tt` which comes from the expansion of the macro `minimal_quote` (in Nightly builds, run with -Z macro-backtrace for more info)

error: cannot find macro `stringify` in this scope
   --> /Users/danluu/dev/rust-interp-semantic-reuse-20260913/results/proc-macro-arena-crate-05/source/src/quote.rs:202:32
    |
202 |       ($i:ident) => { Ident::new(stringify!($i), Span::def_site()) };
    |                                  ^^^^^^^^^
...
337 | /                         minimal_quote!(
338 | |                             let (@ meta_var) = match (@ meta_var).next() {
339 | |                                 Some(_x) => crate::RepInterp(_x),
340 | |                                 None => break,
341 | |                             };
342 | |                         )
    | |_________________________- in this macro invocation
    |
    = note: this error originates in the macro `minimal_quote_tt` which comes from the expansion of the macro `minimal_quote` (in Nightly builds, run with -Z macro-backtrace for more info)

error: cannot find macro `stringify` in this scope
   --> /Users/danluu/dev/rust-interp-semantic-reuse-20260913/results/proc-macro-arena-crate-05/source/src/quote.rs:202:32
    |
202 |       ($i:ident) => { Ident::new(stringify!($i), Span::def_site()) };
    |                                  ^^^^^^^^^
...
337 | /                         minimal_quote!(
338 | |                             let (@ meta_var) = match (@ meta_var).next() {
339 | |                                 Some(_x) => crate::RepInterp(_x),
340 | |                                 None => break,
341 | |                             };
342 | |                         )
    | |_________________________- in this macro invocation
    |
    = note: this error originates in the macro `minimal_quote_tt` which comes from the expansion of the macro `minimal_quote` (in Nightly builds, run with -Z macro-backtrace for more info)

error: cannot find macro `stringify` in this scope
   --> /Users/danluu/dev/rust-interp-semantic-reuse-20260913/results/proc-macro-arena-crate-05/source/src/quote.rs:202:32
    |
202 |       ($i:ident) => { Ident::new(stringify!($i), Span::def_site()) };
    |                                  ^^^^^^^^^
...
337 | /                         minimal_quote!(
338 | |                             let (@ meta_var) = match (@ meta_var).next() {
339 | |                                 Some(_x) => crate::RepInterp(_x),
340 | |                                 None => break,
341 | |                             };
342 | |                         )
    | |_________________________- in this macro invocation
    |
    = note: this error originates in the macro `minimal_quote_tt` which comes from the expansion of the macro `minimal_quote` (in Nightly builds, run with -Z macro-backtrace for more info)

error: cannot find macro `stringify` in this scope
   --> /Users/danluu/dev/rust-interp-semantic-reuse-20260913/results/proc-macro-arena-crate-05/source/src/quote.rs:202:32
    |
202 |       ($i:ident) => { Ident::new(stringify!($i), Span::def_site()) };
    |                                  ^^^^^^^^^
...
337 | /                         minimal_quote!(
338 | |                             let (@ meta_var) = match (@ meta_var).next() {
339 | |                                 Some(_x) => crate::RepInterp(_x),
340 | |                                 None => break,
341 | |                             };
342 | |                         )
    | |_________________________- in this macro invocation
    |
    = note: this error originates in the macro `minimal_quote_tt` which comes from the expansion of the macro `minimal_quote` (in Nightly builds, run with -Z macro-backtrace for more info)

error: cannot find macro `stringify` in this scope
   --> /Users/danluu/dev/rust-interp-semantic-reuse-20260913/results/proc-macro-arena-crate-05/source/src/quote.rs:202:32
    |
202 |       ($i:ident) => { Ident::new(stringify!($i), Span::def_site()) };
    |                                  ^^^^^^^^^
...
337 | /                         minimal_quote!(
338 | |                             let (@ meta_var) = match (@ meta_var).next() {
339 | |                                 Some(_x) => crate::RepInterp(_x),
340 | |                                 None => break,
341 | |                             };
342 | |                         )
    | |_________________________- in this macro invocation
    |
    = note: this error originates in the macro `minimal_quote_tt` which comes from the expansion of the macro `minimal_quote` (in Nightly builds, run with -Z macro-backtrace for more info)

error: cannot find macro `stringify` in this scope
   --> /Users/danluu/dev/rust-interp-semantic-reuse-20260913/results/proc-macro-arena-crate-05/source/src/quote.rs:202:32
    |
202 |       ($i:ident) => { Ident::new(stringify!($i), Span::def_site()) };
    |                                  ^^^^^^^^^
...
337 | /                         minimal_quote!(
338 | |                             let (@ meta_var) = match (@ meta_var).next() {
339 | |                                 Some(_x) => crate::RepInterp(_x),
340 | |                                 None => break,
341 | |                             };
342 | |                         )
    | |_________________________- in this macro invocation
    |
    = note: this error originates in the macro `minimal_quote_tt` which comes from the expansion of the macro `minimal_quote` (in Nightly builds, run with -Z macro-backtrace for more info)

error: cannot find macro `stringify` in this scope
   --> /Users/danluu/dev/rust-interp-semantic-reuse-20260913/results/proc-macro-arena-crate-05/source/src/quote.rs:202:32
    |
202 |       ($i:ident) => { Ident::new(stringify!($i), Span::def_site()) };
    |                                  ^^^^^^^^^
...
337 | /                         minimal_quote!(
338 | |                             let (@ meta_var) = match (@ meta_var).next() {
339 | |                                 Some(_x) => crate::RepInterp(_x),
340 | |                                 None => break,
341 | |                             };
342 | |                         )
    | |_________________________- in this macro invocation
    |
    = note: this error originates in the macro `minimal_quote_tt` which comes from the expansion of the macro `minimal_quote` (in Nightly builds, run with -Z macro-backtrace for more info)

error: cannot find macro `stringify` in this scope
   --> /Users/danluu/dev/rust-interp-semantic-reuse-20260913/results/proc-macro-arena-crate-05/source/src/quote.rs:202:32
    |
202 |       ($i:ident) => { Ident::new(stringify!($i), Span::def_site()) };
    |                                  ^^^^^^^^^
...
337 | /                         minimal_quote!(
338 | |                             let (@ meta_var) = match (@ meta_var).next() {
339 | |                                 Some(_x) => crate::RepInterp(_x),
340 | |                                 None => break,
341 | |                             };
342 | |                         )
    | |_________________________- in this macro invocation
    |
    = note: this error originates in the macro `minimal_quote_tt` which comes from the expansion of the macro `minimal_quote` (in Nightly builds, run with -Z macro-backtrace for more info)

error: cannot find macro `stringify` in this scope
   --> /Users/danluu/dev/rust-interp-semantic-reuse-20260913/results/proc-macro-arena-crate-05/source/src/quote.rs:202:32
    |
202 |       ($i:ident) => { Ident::new(stringify!($i), Span::def_site()) };
    |                                  ^^^^^^^^^
...
347 | /                             minimal_quote!(
348 | |                                 if _i > 0 {
349 | |                                     (@ minimal_quote!(crate::ToTokens::to_tokens(&crate::TokenTree::Punct(crate::Punct::new(
350 | |                                         (@ TokenTree::from(Literal::character(sep.as_char()))),
...   |
354 | |                                 _i += 1;
355 | |                             )
    | |_____________________________- in this macro invocation
    |
    = note: this error originates in the macro `minimal_quote_tt` which comes from the expansion of the macro `minimal_quote` (in Nightly builds, run with -Z macro-backtrace for more info)

error: cannot find macro `stringify` in this scope
   --> /Users/danluu/dev/rust-interp-semantic-reuse-20260913/results/proc-macro-arena-crate-05/source/src/quote.rs:202:32
    |
202 |       ($i:ident) => { Ident::new(stringify!($i), Span::def_site()) };
    |                                  ^^^^^^^^^
...
347 | /                             minimal_quote!(
348 | |                                 if _i > 0 {
349 | |                                     (@ minimal_quote!(crate::ToTokens::to_tokens(&crate::TokenTree::Punct(crate::Punct::new(
350 | |                                         (@ TokenTree::from(Literal::character(sep.as_char()))),
...   |
354 | |                                 _i += 1;
355 | |                             )
    | |_____________________________- in this macro invocation
    |
    = note: this error originates in the macro `minimal_quote_tt` which comes from the expansion of the macro `minimal_quote` (in Nightly builds, run with -Z macro-backtrace for more info)

error: cannot find macro `stringify` in this scope
   --> /Users/danluu/dev/rust-interp-semantic-reuse-20260913/results/proc-macro-arena-crate-05/source/src/quote.rs:203:25
    |
203 |       ($lit:literal) => { stringify!($lit).parse::<Literal>().unwrap() };
    |                           ^^^^^^^^^
...
347 | /                             minimal_quote!(
348 | |                                 if _i > 0 {
349 | |                                     (@ minimal_quote!(crate::ToTokens::to_tokens(&crate::TokenTree::Punct(crate::Punct::new(
350 | |                                         (@ TokenTree::from(Literal::character(sep.as_char()))),
...   |
354 | |                                 _i += 1;
355 | |                             )
    | |_____________________________- in this macro invocation
    |
    = note: this error originates in the macro `minimal_quote_tt` which comes from the expansion of the macro `minimal_quote` (in Nightly builds, run with -Z macro-backtrace for more info)

error: cannot find macro `stringify` in this scope
   --> /Users/danluu/dev/rust-interp-semantic-reuse-20260913/results/proc-macro-arena-crate-05/source/src/quote.rs:202:32
    |
202 |       ($i:ident) => { Ident::new(stringify!($i), Span::def_site()) };
    |                                  ^^^^^^^^^
...
349 |                                       (@ minimal_quote!(crate::ToTokens::to_tokens(&crate::TokenTree::Punct(crate::Punct::new(
    |  ________________________________________-
350 | |                                         (@ TokenTree::from(Literal::character(sep.as_char()))),
351 | |                                         (@ minimal_quote!(crate::Spacing::Alone)),
352 | |                                     )), &mut ts);))
    | |__________________________________________________- in this macro invocation
    |
    = note: this error originates in the macro `minimal_quote_tt` which comes from the expansion of the macro `minimal_quote` (in Nightly builds, run with -Z macro-backtrace for more info)

error: cannot find macro `stringify` in this scope
   --> /Users/danluu/dev/rust-interp-semantic-reuse-20260913/results/proc-macro-arena-crate-05/source/src/quote.rs:202:32
    |
202 |       ($i:ident) => { Ident::new(stringify!($i), Span::def_site()) };
    |                                  ^^^^^^^^^
...
349 |                                       (@ minimal_quote!(crate::ToTokens::to_tokens(&crate::TokenTree::Punct(crate::Punct::new(
    |  ________________________________________-
350 | |                                         (@ TokenTree::from(Literal::character(sep.as_char()))),
351 | |                                         (@ minimal_quote!(crate::Spacing::Alone)),
352 | |                                     )), &mut ts);))
    | |__________________________________________________- in this macro invocation
    |
    = note: this error originates in the macro `minimal_quote_tt` which comes from the expansion of the macro `minimal_quote` (in Nightly builds, run with -Z macro-backtrace for more info)

error: cannot find macro `stringify` in this scope
   --> /Users/danluu/dev/rust-interp-semantic-reuse-20260913/results/proc-macro-arena-crate-05/source/src/quote.rs:202:32
    |
202 |       ($i:ident) => { Ident::new(stringify!($i), Span::def_site()) };
    |                                  ^^^^^^^^^
...
349 |                                       (@ minimal_quote!(crate::ToTokens::to_tokens(&crate::TokenTree::Punct(crate::Punct::new(
    |  ________________________________________-
350 | |                                         (@ TokenTree::from(Literal::character(sep.as_char()))),
351 | |                                         (@ minimal_quote!(crate::Spacing::Alone)),
352 | |                                     )), &mut ts);))
    | |__________________________________________________- in this macro invocation
    |
    = note: this error originates in the macro `minimal_quote_tt` which comes from the expansion of the macro `minimal_quote` (in Nightly builds, run with -Z macro-backtrace for more info)

error: cannot find macro `stringify` in this scope
   --> /Users/danluu/dev/rust-interp-semantic-reuse-20260913/results/proc-macro-arena-crate-05/source/src/quote.rs:202:32
    |
202 |       ($i:ident) => { Ident::new(stringify!($i), Span::def_site()) };
    |                                  ^^^^^^^^^
...
349 |                                       (@ minimal_quote!(crate::ToTokens::to_tokens(&crate::TokenTree::Punct(crate::Punct::new(
    |  ________________________________________-
350 | |                                         (@ TokenTree::from(Literal::character(sep.as_char()))),
351 | |                                         (@ minimal_quote!(crate::Spacing::Alone)),
352 | |                                     )), &mut ts);))
    | |__________________________________________________- in this macro invocation
    |
    = note: this error originates in the macro `minimal_quote_tt` which comes from the expansion of the macro `minimal_quote` (in Nightly builds, run with -Z macro-backtrace for more info)

error: cannot find macro `stringify` in this scope
   --> /Users/danluu/dev/rust-interp-semantic-reuse-20260913/results/proc-macro-arena-crate-05/source/src/quote.rs:202:32
    |
202 |       ($i:ident) => { Ident::new(stringify!($i), Span::def_site()) };
    |                                  ^^^^^^^^^
...
349 |                                       (@ minimal_quote!(crate::ToTokens::to_tokens(&crate::TokenTree::Punct(crate::Punct::new(
    |  ________________________________________-
350 | |                                         (@ TokenTree::from(Literal::character(sep.as_char()))),
351 | |                                         (@ minimal_quote!(crate::Spacing::Alone)),
352 | |                                     )), &mut ts);))
    | |__________________________________________________- in this macro invocation
    |
    = note: this error originates in the macro `minimal_quote_tt` which comes from the expansion of the macro `minimal_quote` (in Nightly builds, run with -Z macro-backtrace for more info)

error: cannot find macro `stringify` in this scope
   --> /Users/danluu/dev/rust-interp-semantic-reuse-20260913/results/proc-macro-arena-crate-05/source/src/quote.rs:202:32
    |
202 |       ($i:ident) => { Ident::new(stringify!($i), Span::def_site()) };
    |                                  ^^^^^^^^^
...
349 |                                       (@ minimal_quote!(crate::ToTokens::to_tokens(&crate::TokenTree::Punct(crate::Punct::new(
    |  ________________________________________-
350 | |                                         (@ TokenTree::from(Literal::character(sep.as_char()))),
351 | |                                         (@ minimal_quote!(crate::Spacing::Alone)),
352 | |                                     )), &mut ts);))
    | |__________________________________________________- in this macro invocation
    |
    = note: this error originates in the macro `minimal_quote_tt` which comes from the expansion of the macro `minimal_quote` (in Nightly builds, run with -Z macro-backtrace for more info)

error: cannot find macro `stringify` in this scope
   --> /Users/danluu/dev/rust-interp-semantic-reuse-20260913/results/proc-macro-arena-crate-05/source/src/quote.rs:202:32
    |
202 |       ($i:ident) => { Ident::new(stringify!($i), Span::def_site()) };
    |                                  ^^^^^^^^^
...
349 |                                       (@ minimal_quote!(crate::ToTokens::to_tokens(&crate::TokenTree::Punct(crate::Punct::new(
    |  ________________________________________-
350 | |                                         (@ TokenTree::from(Literal::character(sep.as_char()))),
351 | |                                         (@ minimal_quote!(crate::Spacing::Alone)),
352 | |                                     )), &mut ts);))
    | |__________________________________________________- in this macro invocation
    |
    = note: this error originates in the macro `minimal_quote_tt` which comes from the expansion of the macro `minimal_quote` (in Nightly builds, run with -Z macro-backtrace for more info)

error: cannot find macro `stringify` in this scope
   --> /Users/danluu/dev/rust-interp-semantic-reuse-20260913/results/proc-macro-arena-crate-05/source/src/quote.rs:202:32
    |
202 |       ($i:ident) => { Ident::new(stringify!($i), Span::def_site()) };
    |                                  ^^^^^^^^^
...
349 |                                       (@ minimal_quote!(crate::ToTokens::to_tokens(&crate::TokenTree::Punct(crate::Punct::new(
    |  ________________________________________-
350 | |                                         (@ TokenTree::from(Literal::character(sep.as_char()))),
351 | |                                         (@ minimal_quote!(crate::Spacing::Alone)),
352 | |                                     )), &mut ts);))
    | |__________________________________________________- in this macro invocation
    |
    = note: this error originates in the macro `minimal_quote_tt` which comes from the expansion of the macro `minimal_quote` (in Nightly builds, run with -Z macro-backtrace for more info)

error: cannot find macro `stringify` in this scope
   --> /Users/danluu/dev/rust-interp-semantic-reuse-20260913/results/proc-macro-arena-crate-05/source/src/quote.rs:202:32
    |
202 |       ($i:ident) => { Ident::new(stringify!($i), Span::def_site()) };
    |                                  ^^^^^^^^^
...
349 |                                       (@ minimal_quote!(crate::ToTokens::to_tokens(&crate::TokenTree::Punct(crate::Punct::new(
    |  ________________________________________-
350 | |                                         (@ TokenTree::from(Literal::character(sep.as_char()))),
351 | |                                         (@ minimal_quote!(crate::Spacing::Alone)),
352 | |                                     )), &mut ts);))
    | |__________________________________________________- in this macro invocation
    |
    = note: this error originates in the macro `minimal_quote_tt` which comes from the expansion of the macro `minimal_quote` (in Nightly builds, run with -Z macro-backtrace for more info)

error: cannot find macro `stringify` in this scope
   --> /Users/danluu/dev/rust-interp-semantic-reuse-20260913/results/proc-macro-arena-crate-05/source/src/quote.rs:202:32
    |
202 |     ($i:ident) => { Ident::new(stringify!($i), Span::def_site()) };
    |                                ^^^^^^^^^
...
351 |                                         (@ minimal_quote!(crate::Spacing::Alone)),
    |                                            ------------------------------------- in this macro invocation
    |
    = note: this error originates in the macro `minimal_quote_tt` which comes from the expansion of the macro `minimal_quote` (in Nightly builds, run with -Z macro-backtrace for more info)

error: cannot find macro `stringify` in this scope
   --> /Users/danluu/dev/rust-interp-semantic-reuse-20260913/results/proc-macro-arena-crate-05/source/src/quote.rs:202:32
    |
202 |     ($i:ident) => { Ident::new(stringify!($i), Span::def_site()) };
    |                                ^^^^^^^^^
...
351 |                                         (@ minimal_quote!(crate::Spacing::Alone)),
    |                                            ------------------------------------- in this macro invocation
    |
    = note: this error originates in the macro `minimal_quote_tt` which comes from the expansion of the macro `minimal_quote` (in Nightly builds, run with -Z macro-backtrace for more info)

error: cannot find macro `stringify` in this scope
   --> /Users/danluu/dev/rust-interp-semantic-reuse-20260913/results/proc-macro-arena-crate-05/source/src/quote.rs:202:32
    |
202 |     ($i:ident) => { Ident::new(stringify!($i), Span::def_site()) };
    |                                ^^^^^^^^^
...
351 |                                         (@ minimal_quote!(crate::Spacing::Alone)),
    |                                            ------------------------------------- in this macro invocation
    |
    = note: this error originates in the macro `minimal_quote_tt` which comes from the expansion of the macro `minimal_quote` (in Nightly builds, run with -Z macro-backtrace for more info)

error: cannot find macro `stringify` in this scope
   --> /Users/danluu/dev/rust-interp-semantic-reuse-20260913/results/proc-macro-arena-crate-05/source/src/quote.rs:202:32
    |
202 |       ($i:ident) => { Ident::new(stringify!($i), Span::def_site()) };
    |                                  ^^^^^^^^^
...
349 |                                       (@ minimal_quote!(crate::ToTokens::to_tokens(&crate::TokenTree::Punct(crate::Punct::new(
    |  ________________________________________-
350 | |                                         (@ TokenTree::from(Literal::character(sep.as_char()))),
351 | |                                         (@ minimal_quote!(crate::Spacing::Alone)),
352 | |                                     )), &mut ts);))
    | |__________________________________________________- in this macro invocation
    |
    = note: this error originates in the macro `minimal_quote_tt` which comes from the expansion of the macro `minimal_quote` (in Nightly builds, run with -Z macro-backtrace for more info)

error: cannot find macro `stringify` in this scope
   --> /Users/danluu/dev/rust-interp-semantic-reuse-20260913/results/proc-macro-arena-crate-05/source/src/quote.rs:202:32
    |
202 |       ($i:ident) => { Ident::new(stringify!($i), Span::def_site()) };
    |                                  ^^^^^^^^^
...
349 |                                       (@ minimal_quote!(crate::ToTokens::to_tokens(&crate::TokenTree::Punct(crate::Punct::new(
    |  ________________________________________-
350 | |                                         (@ TokenTree::from(Literal::character(sep.as_char()))),
351 | |                                         (@ minimal_quote!(crate::Spacing::Alone)),
352 | |                                     )), &mut ts);))
    | |__________________________________________________- in this macro invocation
    |
    = note: this error originates in the macro `minimal_quote_tt` which comes from the expansion of the macro `minimal_quote` (in Nightly builds, run with -Z macro-backtrace for more info)

error: cannot find macro `stringify` in this scope
   --> /Users/danluu/dev/rust-interp-semantic-reuse-20260913/results/proc-macro-arena-crate-05/source/src/quote.rs:202:32
    |
202 |       ($i:ident) => { Ident::new(stringify!($i), Span::def_site()) };
    |                                  ^^^^^^^^^
...
347 | /                             minimal_quote!(
348 | |                                 if _i > 0 {
349 | |                                     (@ minimal_quote!(crate::ToTokens::to_tokens(&crate::TokenTree::Punct(crate::Punct::new(
350 | |                                         (@ TokenTree::from(Literal::character(sep.as_char()))),
...   |
354 | |                                 _i += 1;
355 | |                             )
    | |_____________________________- in this macro invocation
    |
    = note: this error originates in the macro `minimal_quote_tt` which comes from the expansion of the macro `minimal_quote` (in Nightly builds, run with -Z macro-backtrace for more info)

error: cannot find macro `stringify` in this scope
   --> /Users/danluu/dev/rust-interp-semantic-reuse-20260913/results/proc-macro-arena-crate-05/source/src/quote.rs:203:25
    |
203 |       ($lit:literal) => { stringify!($lit).parse::<Literal>().unwrap() };
    |                           ^^^^^^^^^
...
347 | /                             minimal_quote!(
348 | |                                 if _i > 0 {
349 | |                                     (@ minimal_quote!(crate::ToTokens::to_tokens(&crate::TokenTree::Punct(crate::Punct::new(
350 | |                                         (@ TokenTree::from(Literal::character(sep.as_char()))),
...   |
354 | |                                 _i += 1;
355 | |                             )
    | |_____________________________- in this macro invocation
    |
    = note: this error originates in the macro `minimal_quote_tt` which comes from the expansion of the macro `minimal_quote` (in Nightly builds, run with -Z macro-backtrace for more info)

error: cannot find macro `stringify` in this scope
   --> /Users/danluu/dev/rust-interp-semantic-reuse-20260913/results/proc-macro-arena-crate-05/source/src/quote.rs:202:32
    |
202 |       ($i:ident) => { Ident::new(stringify!($i), Span::def_site()) };
    |                                  ^^^^^^^^^
...
345 | /                     minimal_quote!(
346 | |                         (@ if let Some(sep) = sep_opt {
347 | |                             minimal_quote!(
348 | |                                 if _i > 0 {
...   |
359 | |                         (@ quote(contents.clone())).to_tokens(&mut ts);
360 | |                     )
    | |_____________________- in this macro invocation
    |
    = note: this error originates in the macro `minimal_quote_tt` which comes from the expansion of the macro `minimal_quote` (in Nightly builds, run with -Z macro-backtrace for more info)

error: cannot find macro `stringify` in this scope
   --> /Users/danluu/dev/rust-interp-semantic-reuse-20260913/results/proc-macro-arena-crate-05/source/src/quote.rs:202:32
    |
202 |       ($i:ident) => { Ident::new(stringify!($i), Span::def_site()) };
    |                                  ^^^^^^^^^
...
345 | /                     minimal_quote!(
346 | |                         (@ if let Some(sep) = sep_opt {
347 | |                             minimal_quote!(
348 | |                                 if _i > 0 {
...   |
359 | |                         (@ quote(contents.clone())).to_tokens(&mut ts);
360 | |                     )
    | |_____________________- in this macro invocation
    |
    = note: this error originates in the macro `minimal_quote_tt` which comes from the expansion of the macro `minimal_quote` (in Nightly builds, run with -Z macro-backtrace for more info)

error: cannot find macro `stringify` in this scope
   --> /Users/danluu/dev/rust-interp-semantic-reuse-20260913/results/proc-macro-arena-crate-05/source/src/quote.rs:202:32
    |
202 |       ($i:ident) => { Ident::new(stringify!($i), Span::def_site()) };
    |                                  ^^^^^^^^^
...
345 | /                     minimal_quote!(
346 | |                         (@ if let Some(sep) = sep_opt {
347 | |                             minimal_quote!(
348 | |                                 if _i > 0 {
...   |
359 | |                         (@ quote(contents.clone())).to_tokens(&mut ts);
360 | |                     )
    | |_____________________- in this macro invocation
    |
    = note: this error originates in the macro `minimal_quote_tt` which comes from the expansion of the macro `minimal_quote` (in Nightly builds, run with -Z macro-backtrace for more info)

error: cannot find macro `vec` in this scope
   --> /Users/danluu/dev/rust-interp-semantic-reuse-20260913/results/proc-macro-arena-crate-05/source/src/quote.rs:362:41
    |
362 |                     rep_expanded.extend(vec![
    |                                         ^^^

error: cannot find macro `stringify` in this scope
   --> /Users/danluu/dev/rust-interp-semantic-reuse-20260913/results/proc-macro-arena-crate-05/source/src/quote.rs:202:32
    |
202 |     ($i:ident) => { Ident::new(stringify!($i), Span::def_site()) };
    |                                ^^^^^^^^^
...
372 |                     minimal_quote!(crate::ToTokens::to_tokens(&(@ tree), &mut ts);)
    |                     --------------------------------------------------------------- in this macro invocation
    |
    = note: this error originates in the macro `minimal_quote_tt` which comes from the expansion of the macro `minimal_quote` (in Nightly builds, run with -Z macro-backtrace for more info)

error: cannot find macro `stringify` in this scope
   --> /Users/danluu/dev/rust-interp-semantic-reuse-20260913/results/proc-macro-arena-crate-05/source/src/quote.rs:202:32
    |
202 |     ($i:ident) => { Ident::new(stringify!($i), Span::def_site()) };
    |                                ^^^^^^^^^
...
372 |                     minimal_quote!(crate::ToTokens::to_tokens(&(@ tree), &mut ts);)
    |                     --------------------------------------------------------------- in this macro invocation
    |
    = note: this error originates in the macro `minimal_quote_tt` which comes from the expansion of the macro `minimal_quote` (in Nightly builds, run with -Z macro-backtrace for more info)

error: cannot find macro `stringify` in this scope
   --> /Users/danluu/dev/rust-interp-semantic-reuse-20260913/results/proc-macro-arena-crate-05/source/src/quote.rs:202:32
    |
202 |     ($i:ident) => { Ident::new(stringify!($i), Span::def_site()) };
    |                                ^^^^^^^^^
...
372 |                     minimal_quote!(crate::ToTokens::to_tokens(&(@ tree), &mut ts);)
    |                     --------------------------------------------------------------- in this macro invocation
    |
    = note: this error originates in the macro `minimal_quote_tt` which comes from the expansion of the macro `minimal_quote` (in Nightly builds, run with -Z macro-backtrace for more info)

error: cannot find macro `stringify` in this scope
   --> /Users/danluu/dev/rust-interp-semantic-reuse-20260913/results/proc-macro-arena-crate-05/source/src/quote.rs:202:32
    |
202 |     ($i:ident) => { Ident::new(stringify!($i), Span::def_site()) };
    |                                ^^^^^^^^^
...
372 |                     minimal_quote!(crate::ToTokens::to_tokens(&(@ tree), &mut ts);)
    |                     --------------------------------------------------------------- in this macro invocation
    |
    = note: this error originates in the macro `minimal_quote_tt` which comes from the expansion of the macro `minimal_quote` (in Nightly builds, run with -Z macro-backtrace for more info)

error: cannot find macro `stringify` in this scope
   --> /Users/danluu/dev/rust-interp-semantic-reuse-20260913/results/proc-macro-arena-crate-05/source/src/quote.rs:202:32
    |
202 |     ($i:ident) => { Ident::new(stringify!($i), Span::def_site()) };
    |                                ^^^^^^^^^
...
372 |                     minimal_quote!(crate::ToTokens::to_tokens(&(@ tree), &mut ts);)
    |                     --------------------------------------------------------------- in this macro invocation
    |
    = note: this error originates in the macro `minimal_quote_tt` which comes from the expansion of the macro `minimal_quote` (in Nightly builds, run with -Z macro-backtrace for more info)

error: cannot find macro `panic` in this scope
   --> /Users/danluu/dev/rust-interp-semantic-reuse-20260913/results/proc-macro-arena-crate-05/source/src/quote.rs:377:22
    |
377 |                 _ => panic!(
    |                      ^^^^^

error: cannot find macro `stringify` in this scope
   --> /Users/danluu/dev/rust-interp-semantic-reuse-20260913/results/proc-macro-arena-crate-05/source/src/quote.rs:202:32
    |
202 |       ($i:ident) => { Ident::new(stringify!($i), Span::def_site()) };
    |                                  ^^^^^^^^^
...
390 | /                 minimal_quote!(crate::ToTokens::to_tokens(&crate::TokenTree::Punct(crate::Punct::new(
391 | |                     (@ TokenTree::from(Literal::character(tt.as_char()))),
392 | |                     (@ match tt.spacing() {
393 | |                         Spacing::Alone => minimal_quote!(crate::Spacing::Alone),
394 | |                         Spacing::Joint => minimal_quote!(crate::Spacing::Joint),
395 | |                     }),
396 | |                 )), &mut ts);)
    | |______________________________- in this macro invocation
    |
    = note: this error originates in the macro `minimal_quote_tt` which comes from the expansion of the macro `minimal_quote` (in Nightly builds, run with -Z macro-backtrace for more info)

error: cannot find macro `stringify` in this scope
   --> /Users/danluu/dev/rust-interp-semantic-reuse-20260913/results/proc-macro-arena-crate-05/source/src/quote.rs:202:32
    |
202 |       ($i:ident) => { Ident::new(stringify!($i), Span::def_site()) };
    |                                  ^^^^^^^^^
...
390 | /                 minimal_quote!(crate::ToTokens::to_tokens(&crate::TokenTree::Punct(crate::Punct::new(
391 | |                     (@ TokenTree::from(Literal::character(tt.as_char()))),
392 | |                     (@ match tt.spacing() {
393 | |                         Spacing::Alone => minimal_quote!(crate::Spacing::Alone),
394 | |                         Spacing::Joint => minimal_quote!(crate::Spacing::Joint),
395 | |                     }),
396 | |                 )), &mut ts);)
    | |______________________________- in this macro invocation
    |
    = note: this error originates in the macro `minimal_quote_tt` which comes from the expansion of the macro `minimal_quote` (in Nightly builds, run with -Z macro-backtrace for more info)

error: cannot find macro `stringify` in this scope
   --> /Users/danluu/dev/rust-interp-semantic-reuse-20260913/results/proc-macro-arena-crate-05/source/src/quote.rs:202:32
    |
202 |       ($i:ident) => { Ident::new(stringify!($i), Span::def_site()) };
    |                                  ^^^^^^^^^
...
390 | /                 minimal_quote!(crate::ToTokens::to_tokens(&crate::TokenTree::Punct(crate::Punct::new(
391 | |                     (@ TokenTree::from(Literal::character(tt.as_char()))),
392 | |                     (@ match tt.spacing() {
393 | |                         Spacing::Alone => minimal_quote!(crate::Spacing::Alone),
394 | |                         Spacing::Joint => minimal_quote!(crate::Spacing::Joint),
395 | |                     }),
396 | |                 )), &mut ts);)
    | |______________________________- in this macro invocation
    |
    = note: this error originates in the macro `minimal_quote_tt` which comes from the expansion of the macro `minimal_quote` (in Nightly builds, run with -Z macro-backtrace for more info)

error: cannot find macro `stringify` in this scope
   --> /Users/danluu/dev/rust-interp-semantic-reuse-20260913/results/proc-macro-arena-crate-05/source/src/quote.rs:202:32
    |
202 |       ($i:ident) => { Ident::new(stringify!($i), Span::def_site()) };
    |                                  ^^^^^^^^^
...
390 | /                 minimal_quote!(crate::ToTokens::to_tokens(&crate::TokenTree::Punct(crate::Punct::new(
391 | |                     (@ TokenTree::from(Literal::character(tt.as_char()))),
392 | |                     (@ match tt.spacing() {
393 | |                         Spacing::Alone => minimal_quote!(crate::Spacing::Alone),
394 | |                         Spacing::Joint => minimal_quote!(crate::Spacing::Joint),
395 | |                     }),
396 | |                 )), &mut ts);)
    | |______________________________- in this macro invocation
    |
    = note: this error originates in the macro `minimal_quote_tt` which comes from the expansion of the macro `minimal_quote` (in Nightly builds, run with -Z macro-backtrace for more info)

error: cannot find macro `stringify` in this scope
   --> /Users/danluu/dev/rust-interp-semantic-reuse-20260913/results/proc-macro-arena-crate-05/source/src/quote.rs:202:32
    |
202 |       ($i:ident) => { Ident::new(stringify!($i), Span::def_site()) };
    |                                  ^^^^^^^^^
...
390 | /                 minimal_quote!(crate::ToTokens::to_tokens(&crate::TokenTree::Punct(crate::Punct::new(
391 | |                     (@ TokenTree::from(Literal::character(tt.as_char()))),
392 | |                     (@ match tt.spacing() {
393 | |                         Spacing::Alone => minimal_quote!(crate::Spacing::Alone),
394 | |                         Spacing::Joint => minimal_quote!(crate::Spacing::Joint),
395 | |                     }),
396 | |                 )), &mut ts);)
    | |______________________________- in this macro invocation
    |
    = note: this error originates in the macro `minimal_quote_tt` which comes from the expansion of the macro `minimal_quote` (in Nightly builds, run with -Z macro-backtrace for more info)

error: cannot find macro `stringify` in this scope
   --> /Users/danluu/dev/rust-interp-semantic-reuse-20260913/results/proc-macro-arena-crate-05/source/src/quote.rs:202:32
    |
202 |       ($i:ident) => { Ident::new(stringify!($i), Span::def_site()) };
    |                                  ^^^^^^^^^
...
390 | /                 minimal_quote!(crate::ToTokens::to_tokens(&crate::TokenTree::Punct(crate::Punct::new(
391 | |                     (@ TokenTree::from(Literal::character(tt.as_char()))),
392 | |                     (@ match tt.spacing() {
393 | |                         Spacing::Alone => minimal_quote!(crate::Spacing::Alone),
394 | |                         Spacing::Joint => minimal_quote!(crate::Spacing::Joint),
395 | |                     }),
396 | |                 )), &mut ts);)
    | |______________________________- in this macro invocation
    |
    = note: this error originates in the macro `minimal_quote_tt` which comes from the expansion of the macro `minimal_quote` (in Nightly builds, run with -Z macro-backtrace for more info)

error: cannot find macro `stringify` in this scope
   --> /Users/danluu/dev/rust-interp-semantic-reuse-20260913/results/proc-macro-arena-crate-05/source/src/quote.rs:202:32
    |
202 |       ($i:ident) => { Ident::new(stringify!($i), Span::def_site()) };
    |                                  ^^^^^^^^^
...
390 | /                 minimal_quote!(crate::ToTokens::to_tokens(&crate::TokenTree::Punct(crate::Punct::new(
391 | |                     (@ TokenTree::from(Literal::character(tt.as_char()))),
392 | |                     (@ match tt.spacing() {
393 | |                         Spacing::Alone => minimal_quote!(crate::Spacing::Alone),
394 | |                         Spacing::Joint => minimal_quote!(crate::Spacing::Joint),
395 | |                     }),
396 | |                 )), &mut ts);)
    | |______________________________- in this macro invocation
    |
    = note: this error originates in the macro `minimal_quote_tt` which comes from the expansion of the macro `minimal_quote` (in Nightly builds, run with -Z macro-backtrace for more info)

error: cannot find macro `stringify` in this scope
   --> /Users/danluu/dev/rust-interp-semantic-reuse-20260913/results/proc-macro-arena-crate-05/source/src/quote.rs:202:32
    |
202 |       ($i:ident) => { Ident::new(stringify!($i), Span::def_site()) };
    |                                  ^^^^^^^^^
...
390 | /                 minimal_quote!(crate::ToTokens::to_tokens(&crate::TokenTree::Punct(crate::Punct::new(
391 | |                     (@ TokenTree::from(Literal::character(tt.as_char()))),
392 | |                     (@ match tt.spacing() {
393 | |                         Spacing::Alone => minimal_quote!(crate::Spacing::Alone),
394 | |                         Spacing::Joint => minimal_quote!(crate::Spacing::Joint),
395 | |                     }),
396 | |                 )), &mut ts);)
    | |______________________________- in this macro invocation
    |
    = note: this error originates in the macro `minimal_quote_tt` which comes from the expansion of the macro `minimal_quote` (in Nightly builds, run with -Z macro-backtrace for more info)

error: cannot find macro `stringify` in this scope
   --> /Users/danluu/dev/rust-interp-semantic-reuse-20260913/results/proc-macro-arena-crate-05/source/src/quote.rs:202:32
    |
202 |       ($i:ident) => { Ident::new(stringify!($i), Span::def_site()) };
    |                                  ^^^^^^^^^
...
390 | /                 minimal_quote!(crate::ToTokens::to_tokens(&crate::TokenTree::Punct(crate::Punct::new(
391 | |                     (@ TokenTree::from(Literal::character(tt.as_char()))),
392 | |                     (@ match tt.spacing() {
393 | |                         Spacing::Alone => minimal_quote!(crate::Spacing::Alone),
394 | |                         Spacing::Joint => minimal_quote!(crate::Spacing::Joint),
395 | |                     }),
396 | |                 )), &mut ts);)
    | |______________________________- in this macro invocation
    |
    = note: this error originates in the macro `minimal_quote_tt` which comes from the expansion of the macro `minimal_quote` (in Nightly builds, run with -Z macro-backtrace for more info)

error: cannot find macro `stringify` in this scope
   --> /Users/danluu/dev/rust-interp-semantic-reuse-20260913/results/proc-macro-arena-crate-05/source/src/quote.rs:202:32
    |
202 |     ($i:ident) => { Ident::new(stringify!($i), Span::def_site()) };
    |                                ^^^^^^^^^
...
393 |                         Spacing::Alone => minimal_quote!(crate::Spacing::Alone),
    |                                           ------------------------------------- in this macro invocation
    |
    = note: this error originates in the macro `minimal_quote_tt` which comes from the expansion of the macro `minimal_quote` (in Nightly builds, run with -Z macro-backtrace for more info)

error: cannot find macro `stringify` in this scope
   --> /Users/danluu/dev/rust-interp-semantic-reuse-20260913/results/proc-macro-arena-crate-05/source/src/quote.rs:202:32
    |
202 |     ($i:ident) => { Ident::new(stringify!($i), Span::def_site()) };
    |                                ^^^^^^^^^
...
393 |                         Spacing::Alone => minimal_quote!(crate::Spacing::Alone),
    |                                           ------------------------------------- in this macro invocation
    |
    = note: this error originates in the macro `minimal_quote_tt` which comes from the expansion of the macro `minimal_quote` (in Nightly builds, run with -Z macro-backtrace for more info)

error: cannot find macro `stringify` in this scope
   --> /Users/danluu/dev/rust-interp-semantic-reuse-20260913/results/proc-macro-arena-crate-05/source/src/quote.rs:202:32
    |
202 |     ($i:ident) => { Ident::new(stringify!($i), Span::def_site()) };
    |                                ^^^^^^^^^
...
393 |                         Spacing::Alone => minimal_quote!(crate::Spacing::Alone),
    |                                           ------------------------------------- in this macro invocation
    |
    = note: this error originates in the macro `minimal_quote_tt` which comes from the expansion of the macro `minimal_quote` (in Nightly builds, run with -Z macro-backtrace for more info)

error: cannot find macro `stringify` in this scope
   --> /Users/danluu/dev/rust-interp-semantic-reuse-20260913/results/proc-macro-arena-crate-05/source/src/quote.rs:202:32
    |
202 |     ($i:ident) => { Ident::new(stringify!($i), Span::def_site()) };
    |                                ^^^^^^^^^
...
394 |                         Spacing::Joint => minimal_quote!(crate::Spacing::Joint),
    |                                           ------------------------------------- in this macro invocation
    |
    = note: this error originates in the macro `minimal_quote_tt` which comes from the expansion of the macro `minimal_quote` (in Nightly builds, run with -Z macro-backtrace for more info)

error: cannot find macro `stringify` in this scope
   --> /Users/danluu/dev/rust-interp-semantic-reuse-20260913/results/proc-macro-arena-crate-05/source/src/quote.rs:202:32
    |
202 |     ($i:ident) => { Ident::new(stringify!($i), Span::def_site()) };
    |                                ^^^^^^^^^
...
394 |                         Spacing::Joint => minimal_quote!(crate::Spacing::Joint),
    |                                           ------------------------------------- in this macro invocation
    |
    = note: this error originates in the macro `minimal_quote_tt` which comes from the expansion of the macro `minimal_quote` (in Nightly builds, run with -Z macro-backtrace for more info)

error: cannot find macro `stringify` in this scope
   --> /Users/danluu/dev/rust-interp-semantic-reuse-20260913/results/proc-macro-arena-crate-05/source/src/quote.rs:202:32
    |
202 |     ($i:ident) => { Ident::new(stringify!($i), Span::def_site()) };
    |                                ^^^^^^^^^
...
394 |                         Spacing::Joint => minimal_quote!(crate::Spacing::Joint),
    |                                           ------------------------------------- in this macro invocation
    |
    = note: this error originates in the macro `minimal_quote_tt` which comes from the expansion of the macro `minimal_quote` (in Nightly builds, run with -Z macro-backtrace for more info)

error: cannot find macro `stringify` in this scope
   --> /Users/danluu/dev/rust-interp-semantic-reuse-20260913/results/proc-macro-arena-crate-05/source/src/quote.rs:202:32
    |
202 |       ($i:ident) => { Ident::new(stringify!($i), Span::def_site()) };
    |                                  ^^^^^^^^^
...
390 | /                 minimal_quote!(crate::ToTokens::to_tokens(&crate::TokenTree::Punct(crate::Punct::new(
391 | |                     (@ TokenTree::from(Literal::character(tt.as_char()))),
392 | |                     (@ match tt.spacing() {
393 | |                         Spacing::Alone => minimal_quote!(crate::Spacing::Alone),
394 | |                         Spacing::Joint => minimal_quote!(crate::Spacing::Joint),
395 | |                     }),
396 | |                 )), &mut ts);)
    | |______________________________- in this macro invocation
    |
    = note: this error originates in the macro `minimal_quote_tt` which comes from the expansion of the macro `minimal_quote` (in Nightly builds, run with -Z macro-backtrace for more info)

error: cannot find macro `stringify` in this scope
   --> /Users/danluu/dev/rust-interp-semantic-reuse-20260913/results/proc-macro-arena-crate-05/source/src/quote.rs:202:32
    |
202 |       ($i:ident) => { Ident::new(stringify!($i), Span::def_site()) };
    |                                  ^^^^^^^^^
...
390 | /                 minimal_quote!(crate::ToTokens::to_tokens(&crate::TokenTree::Punct(crate::Punct::new(
391 | |                     (@ TokenTree::from(Literal::character(tt.as_char()))),
392 | |                     (@ match tt.spacing() {
393 | |                         Spacing::Alone => minimal_quote!(crate::Spacing::Alone),
394 | |                         Spacing::Joint => minimal_quote!(crate::Spacing::Joint),
395 | |                     }),
396 | |                 )), &mut ts);)
    | |______________________________- in this macro invocation
    |
    = note: this error originates in the macro `minimal_quote_tt` which comes from the expansion of the macro `minimal_quote` (in Nightly builds, run with -Z macro-backtrace for more info)

error: cannot find macro `stringify` in this scope
   --> /Users/danluu/dev/rust-interp-semantic-reuse-20260913/results/proc-macro-arena-crate-05/source/src/quote.rs:202:32
    |
202 |       ($i:ident) => { Ident::new(stringify!($i), Span::def_site()) };
    |                                  ^^^^^^^^^
...
399 | /                 minimal_quote!(crate::ToTokens::to_tokens(&crate::TokenTree::Group(crate::Group::new(
400 | |                     (@ match tt.delimiter() {
401 | |                         Delimiter::Parenthesis => minimal_quote!(crate::Delimiter::Parenthesis),
402 | |                         Delimiter::Brace => minimal_quote!(crate::Delimiter::Brace),
...   |
406 | |                     (@ quote(tt.stream())),
407 | |                 )), &mut ts);)
    | |______________________________- in this macro invocation
    |
    = note: this error originates in the macro `minimal_quote_tt` which comes from the expansion of the macro `minimal_quote` (in Nightly builds, run with -Z macro-backtrace for more info)

error: cannot find macro `stringify` in this scope
   --> /Users/danluu/dev/rust-interp-semantic-reuse-20260913/results/proc-macro-arena-crate-05/source/src/quote.rs:202:32
    |
202 |       ($i:ident) => { Ident::new(stringify!($i), Span::def_site()) };
    |                                  ^^^^^^^^^
...
399 | /                 minimal_quote!(crate::ToTokens::to_tokens(&crate::TokenTree::Group(crate::Group::new(
400 | |                     (@ match tt.delimiter() {
401 | |                         Delimiter::Parenthesis => minimal_quote!(crate::Delimiter::Parenthesis),
402 | |                         Delimiter::Brace => minimal_quote!(crate::Delimiter::Brace),
...   |
406 | |                     (@ quote(tt.stream())),
407 | |                 )), &mut ts);)
    | |______________________________- in this macro invocation
    |
    = note: this error originates in the macro `minimal_quote_tt` which comes from the expansion of the macro `minimal_quote` (in Nightly builds, run with -Z macro-backtrace for more info)

error: cannot find macro `stringify` in this scope
   --> /Users/danluu/dev/rust-interp-semantic-reuse-20260913/results/proc-macro-arena-crate-05/source/src/quote.rs:202:32
    |
202 |       ($i:ident) => { Ident::new(stringify!($i), Span::def_site()) };
    |                                  ^^^^^^^^^
...
399 | /                 minimal_quote!(crate::ToTokens::to_tokens(&crate::TokenTree::Group(crate::Group::new(
400 | |                     (@ match tt.delimiter() {
401 | |                         Delimiter::Parenthesis => minimal_quote!(crate::Delimiter::Parenthesis),
402 | |                         Delimiter::Brace => minimal_quote!(crate::Delimiter::Brace),
...   |
406 | |                     (@ quote(tt.stream())),
407 | |                 )), &mut ts);)
    | |______________________________- in this macro invocation
    |
    = note: this error originates in the macro `minimal_quote_tt` which comes from the expansion of the macro `minimal_quote` (in Nightly builds, run with -Z macro-backtrace for more info)

error: cannot find macro `stringify` in this scope
   --> /Users/danluu/dev/rust-interp-semantic-reuse-20260913/results/proc-macro-arena-crate-05/source/src/quote.rs:202:32
    |
202 |       ($i:ident) => { Ident::new(stringify!($i), Span::def_site()) };
    |                                  ^^^^^^^^^
...
399 | /                 minimal_quote!(crate::ToTokens::to_tokens(&crate::TokenTree::Group(crate::Group::new(
400 | |                     (@ match tt.delimiter() {
401 | |                         Delimiter::Parenthesis => minimal_quote!(crate::Delimiter::Parenthesis),
402 | |                         Delimiter::Brace => minimal_quote!(crate::Delimiter::Brace),
...   |
406 | |                     (@ quote(tt.stream())),
407 | |                 )), &mut ts);)
    | |______________________________- in this macro invocation
    |
    = note: this error originates in the macro `minimal_quote_tt` which comes from the expansion of the macro `minimal_quote` (in Nightly builds, run with -Z macro-backtrace for more info)

error: cannot find macro `stringify` in this scope
   --> /Users/danluu/dev/rust-interp-semantic-reuse-20260913/results/proc-macro-arena-crate-05/source/src/quote.rs:202:32
    |
202 |       ($i:ident) => { Ident::new(stringify!($i), Span::def_site()) };
    |                                  ^^^^^^^^^
...
399 | /                 minimal_quote!(crate::ToTokens::to_tokens(&crate::TokenTree::Group(crate::Group::new(
400 | |                     (@ match tt.delimiter() {
401 | |                         Delimiter::Parenthesis => minimal_quote!(crate::Delimiter::Parenthesis),
402 | |                         Delimiter::Brace => minimal_quote!(crate::Delimiter::Brace),
...   |
406 | |                     (@ quote(tt.stream())),
407 | |                 )), &mut ts);)
    | |______________________________- in this macro invocation
    |
    = note: this error originates in the macro `minimal_quote_tt` which comes from the expansion of the macro `minimal_quote` (in Nightly builds, run with -Z macro-backtrace for more info)

error: cannot find macro `stringify` in this scope
   --> /Users/danluu/dev/rust-interp-semantic-reuse-20260913/results/proc-macro-arena-crate-05/source/src/quote.rs:202:32
    |
202 |       ($i:ident) => { Ident::new(stringify!($i), Span::def_site()) };
    |                                  ^^^^^^^^^
...
399 | /                 minimal_quote!(crate::ToTokens::to_tokens(&crate::TokenTree::Group(crate::Group::new(
400 | |                     (@ match tt.delimiter() {
401 | |                         Delimiter::Parenthesis => minimal_quote!(crate::Delimiter::Parenthesis),
402 | |                         Delimiter::Brace => minimal_quote!(crate::Delimiter::Brace),
...   |
406 | |                     (@ quote(tt.stream())),
407 | |                 )), &mut ts);)
    | |______________________________- in this macro invocation
    |
    = note: this error originates in the macro `minimal_quote_tt` which comes from the expansion of the macro `minimal_quote` (in Nightly builds, run with -Z macro-backtrace for more info)

error: cannot find macro `stringify` in this scope
   --> /Users/danluu/dev/rust-interp-semantic-reuse-20260913/results/proc-macro-arena-crate-05/source/src/quote.rs:202:32
    |
202 |       ($i:ident) => { Ident::new(stringify!($i), Span::def_site()) };
    |                                  ^^^^^^^^^
...
399 | /                 minimal_quote!(crate::ToTokens::to_tokens(&crate::TokenTree::Group(crate::Group::new(
400 | |                     (@ match tt.delimiter() {
401 | |                         Delimiter::Parenthesis => minimal_quote!(crate::Delimiter::Parenthesis),
402 | |                         Delimiter::Brace => minimal_quote!(crate::Delimiter::Brace),
...   |
406 | |                     (@ quote(tt.stream())),
407 | |                 )), &mut ts);)
    | |______________________________- in this macro invocation
    |
    = note: this error originates in the macro `minimal_quote_tt` which comes from the expansion of the macro `minimal_quote` (in Nightly builds, run with -Z macro-backtrace for more info)

error: cannot find macro `stringify` in this scope
   --> /Users/danluu/dev/rust-interp-semantic-reuse-20260913/results/proc-macro-arena-crate-05/source/src/quote.rs:202:32
    |
202 |       ($i:ident) => { Ident::new(stringify!($i), Span::def_site()) };
    |                                  ^^^^^^^^^
...
399 | /                 minimal_quote!(crate::ToTokens::to_tokens(&crate::TokenTree::Group(crate::Group::new(
400 | |                     (@ match tt.delimiter() {
401 | |                         Delimiter::Parenthesis => minimal_quote!(crate::Delimiter::Parenthesis),
402 | |                         Delimiter::Brace => minimal_quote!(crate::Delimiter::Brace),
...   |
406 | |                     (@ quote(tt.stream())),
407 | |                 )), &mut ts);)
    | |______________________________- in this macro invocation
    |
    = note: this error originates in the macro `minimal_quote_tt` which comes from the expansion of the macro `minimal_quote` (in Nightly builds, run with -Z macro-backtrace for more info)

error: cannot find macro `stringify` in this scope
   --> /Users/danluu/dev/rust-interp-semantic-reuse-20260913/results/proc-macro-arena-crate-05/source/src/quote.rs:202:32
    |
202 |       ($i:ident) => { Ident::new(stringify!($i), Span::def_site()) };
    |                                  ^^^^^^^^^
...
399 | /                 minimal_quote!(crate::ToTokens::to_tokens(&crate::TokenTree::Group(crate::Group::new(
400 | |                     (@ match tt.delimiter() {
401 | |                         Delimiter::Parenthesis => minimal_quote!(crate::Delimiter::Parenthesis),
402 | |                         Delimiter::Brace => minimal_quote!(crate::Delimiter::Brace),
...   |
406 | |                     (@ quote(tt.stream())),
407 | |                 )), &mut ts);)
    | |______________________________- in this macro invocation
    |
    = note: this error originates in the macro `minimal_quote_tt` which comes from the expansion of the macro `minimal_quote` (in Nightly builds, run with -Z macro-backtrace for more info)

error: cannot find macro `stringify` in this scope
   --> /Users/danluu/dev/rust-interp-semantic-reuse-20260913/results/proc-macro-arena-crate-05/source/src/quote.rs:202:32
    |
202 |     ($i:ident) => { Ident::new(stringify!($i), Span::def_site()) };
    |                                ^^^^^^^^^
...
401 |                         Delimiter::Parenthesis => minimal_quote!(crate::Delimiter::Parenthesis),
    |                                                   --------------------------------------------- in this macro invocation
    |
    = note: this error originates in the macro `minimal_quote_tt` which comes from the expansion of the macro `minimal_quote` (in Nightly builds, run with -Z macro-backtrace for more info)

error: cannot find macro `stringify` in this scope
   --> /Users/danluu/dev/rust-interp-semantic-reuse-20260913/results/proc-macro-arena-crate-05/source/src/quote.rs:202:32
    |
202 |     ($i:ident) => { Ident::new(stringify!($i), Span::def_site()) };
    |                                ^^^^^^^^^
...
401 |                         Delimiter::Parenthesis => minimal_quote!(crate::Delimiter::Parenthesis),
    |                                                   --------------------------------------------- in this macro invocation
    |
    = note: this error originates in the macro `minimal_quote_tt` which comes from the expansion of the macro `minimal_quote` (in Nightly builds, run with -Z macro-backtrace for more info)

error: cannot find macro `stringify` in this scope
   --> /Users/danluu/dev/rust-interp-semantic-reuse-20260913/results/proc-macro-arena-crate-05/source/src/quote.rs:202:32
    |
202 |     ($i:ident) => { Ident::new(stringify!($i), Span::def_site()) };
    |                                ^^^^^^^^^
...
401 |                         Delimiter::Parenthesis => minimal_quote!(crate::Delimiter::Parenthesis),
    |                                                   --------------------------------------------- in this macro invocation
    |
    = note: this error originates in the macro `minimal_quote_tt` which comes from the expansion of the macro `minimal_quote` (in Nightly builds, run with -Z macro-backtrace for more info)

error: cannot find macro `stringify` in this scope
   --> /Users/danluu/dev/rust-interp-semantic-reuse-20260913/results/proc-macro-arena-crate-05/source/src/quote.rs:202:32
    |
202 |     ($i:ident) => { Ident::new(stringify!($i), Span::def_site()) };
    |                                ^^^^^^^^^
...
402 |                         Delimiter::Brace => minimal_quote!(crate::Delimiter::Brace),
    |                                             --------------------------------------- in this macro invocation
    |
    = note: this error originates in the macro `minimal_quote_tt` which comes from the expansion of the macro `minimal_quote` (in Nightly builds, run with -Z macro-backtrace for more info)

error: cannot find macro `stringify` in this scope
   --> /Users/danluu/dev/rust-interp-semantic-reuse-20260913/results/proc-macro-arena-crate-05/source/src/quote.rs:202:32
    |
202 |     ($i:ident) => { Ident::new(stringify!($i), Span::def_site()) };
    |                                ^^^^^^^^^
...
402 |                         Delimiter::Brace => minimal_quote!(crate::Delimiter::Brace),
    |                                             --------------------------------------- in this macro invocation
    |
    = note: this error originates in the macro `minimal_quote_tt` which comes from the expansion of the macro `minimal_quote` (in Nightly builds, run with -Z macro-backtrace for more info)

error: cannot find macro `stringify` in this scope
   --> /Users/danluu/dev/rust-interp-semantic-reuse-20260913/results/proc-macro-arena-crate-05/source/src/quote.rs:202:32
    |
202 |     ($i:ident) => { Ident::new(stringify!($i), Span::def_site()) };
    |                                ^^^^^^^^^
...
402 |                         Delimiter::Brace => minimal_quote!(crate::Delimiter::Brace),
    |                                             --------------------------------------- in this macro invocation
    |
    = note: this error originates in the macro `minimal_quote_tt` which comes from the expansion of the macro `minimal_quote` (in Nightly builds, run with -Z macro-backtrace for more info)

error: cannot find macro `stringify` in this scope
   --> /Users/danluu/dev/rust-interp-semantic-reuse-20260913/results/proc-macro-arena-crate-05/source/src/quote.rs:202:32
    |
202 |     ($i:ident) => { Ident::new(stringify!($i), Span::def_site()) };
    |                                ^^^^^^^^^
...
403 |                         Delimiter::Bracket => minimal_quote!(crate::Delimiter::Bracket),
    |                                               ----------------------------------------- in this macro invocation
    |
    = note: this error originates in the macro `minimal_quote_tt` which comes from the expansion of the macro `minimal_quote` (in Nightly builds, run with -Z macro-backtrace for more info)

error: cannot find macro `stringify` in this scope
   --> /Users/danluu/dev/rust-interp-semantic-reuse-20260913/results/proc-macro-arena-crate-05/source/src/quote.rs:202:32
    |
202 |     ($i:ident) => { Ident::new(stringify!($i), Span::def_site()) };
    |                                ^^^^^^^^^
...
403 |                         Delimiter::Bracket => minimal_quote!(crate::Delimiter::Bracket),
    |                                               ----------------------------------------- in this macro invocation
    |
    = note: this error originates in the macro `minimal_quote_tt` which comes from the expansion of the macro `minimal_quote` (in Nightly builds, run with -Z macro-backtrace for more info)

error: cannot find macro `stringify` in this scope
   --> /Users/danluu/dev/rust-interp-semantic-reuse-20260913/results/proc-macro-arena-crate-05/source/src/quote.rs:202:32
    |
202 |     ($i:ident) => { Ident::new(stringify!($i), Span::def_site()) };
    |                                ^^^^^^^^^
...
403 |                         Delimiter::Bracket => minimal_quote!(crate::Delimiter::Bracket),
    |                                               ----------------------------------------- in this macro invocation
    |
    = note: this error originates in the macro `minimal_quote_tt` which comes from the expansion of the macro `minimal_quote` (in Nightly builds, run with -Z macro-backtrace for more info)

error: cannot find macro `stringify` in this scope
   --> /Users/danluu/dev/rust-interp-semantic-reuse-20260913/results/proc-macro-arena-crate-05/source/src/quote.rs:202:32
    |
202 |     ($i:ident) => { Ident::new(stringify!($i), Span::def_site()) };
    |                                ^^^^^^^^^
...
404 |                         Delimiter::None => minimal_quote!(crate::Delimiter::None),
    |                                            -------------------------------------- in this macro invocation
    |
    = note: this error originates in the macro `minimal_quote_tt` which comes from the expansion of the macro `minimal_quote` (in Nightly builds, run with -Z macro-backtrace for more info)

error: cannot find macro `stringify` in this scope
   --> /Users/danluu/dev/rust-interp-semantic-reuse-20260913/results/proc-macro-arena-crate-05/source/src/quote.rs:202:32
    |
202 |     ($i:ident) => { Ident::new(stringify!($i), Span::def_site()) };
    |                                ^^^^^^^^^
...
404 |                         Delimiter::None => minimal_quote!(crate::Delimiter::None),
    |                                            -------------------------------------- in this macro invocation
    |
    = note: this error originates in the macro `minimal_quote_tt` which comes from the expansion of the macro `minimal_quote` (in Nightly builds, run with -Z macro-backtrace for more info)

error: cannot find macro `stringify` in this scope
   --> /Users/danluu/dev/rust-interp-semantic-reuse-20260913/results/proc-macro-arena-crate-05/source/src/quote.rs:202:32
    |
202 |     ($i:ident) => { Ident::new(stringify!($i), Span::def_site()) };
    |                                ^^^^^^^^^
...
404 |                         Delimiter::None => minimal_quote!(crate::Delimiter::None),
    |                                            -------------------------------------- in this macro invocation
    |
    = note: this error originates in the macro `minimal_quote_tt` which comes from the expansion of the macro `minimal_quote` (in Nightly builds, run with -Z macro-backtrace for more info)

error: cannot find macro `stringify` in this scope
   --> /Users/danluu/dev/rust-interp-semantic-reuse-20260913/results/proc-macro-arena-crate-05/source/src/quote.rs:202:32
    |
202 |       ($i:ident) => { Ident::new(stringify!($i), Span::def_site()) };
    |                                  ^^^^^^^^^
...
399 | /                 minimal_quote!(crate::ToTokens::to_tokens(&crate::TokenTree::Group(crate::Group::new(
400 | |                     (@ match tt.delimiter() {
401 | |                         Delimiter::Parenthesis => minimal_quote!(crate::Delimiter::Parenthesis),
402 | |                         Delimiter::Brace => minimal_quote!(crate::Delimiter::Brace),
...   |
406 | |                     (@ quote(tt.stream())),
407 | |                 )), &mut ts);)
    | |______________________________- in this macro invocation
    |
    = note: this error originates in the macro `minimal_quote_tt` which comes from the expansion of the macro `minimal_quote` (in Nightly builds, run with -Z macro-backtrace for more info)

error: cannot find macro `stringify` in this scope
   --> /Users/danluu/dev/rust-interp-semantic-reuse-20260913/results/proc-macro-arena-crate-05/source/src/quote.rs:202:32
    |
202 |       ($i:ident) => { Ident::new(stringify!($i), Span::def_site()) };
    |                                  ^^^^^^^^^
...
399 | /                 minimal_quote!(crate::ToTokens::to_tokens(&crate::TokenTree::Group(crate::Group::new(
400 | |                     (@ match tt.delimiter() {
401 | |                         Delimiter::Parenthesis => minimal_quote!(crate::Delimiter::Parenthesis),
402 | |                         Delimiter::Brace => minimal_quote!(crate::Delimiter::Brace),
...   |
406 | |                     (@ quote(tt.stream())),
407 | |                 )), &mut ts);)
    | |______________________________- in this macro invocation
    |
    = note: this error originates in the macro `minimal_quote_tt` which comes from the expansion of the macro `minimal_quote` (in Nightly builds, run with -Z macro-backtrace for more info)

error: cannot find macro `stringify` in this scope
   --> /Users/danluu/dev/rust-interp-semantic-reuse-20260913/results/proc-macro-arena-crate-05/source/src/quote.rs:202:32
    |
202 |     ($i:ident) => { Ident::new(stringify!($i), Span::def_site()) };
    |                                ^^^^^^^^^
...
412 |                     (stripped, minimal_quote!(crate::Ident::new_raw))
    |                                ------------------------------------- in this macro invocation
    |
    = note: this error originates in the macro `minimal_quote_tt` which comes from the expansion of the macro `minimal_quote` (in Nightly builds, run with -Z macro-backtrace for more info)

error: cannot find macro `stringify` in this scope
   --> /Users/danluu/dev/rust-interp-semantic-reuse-20260913/results/proc-macro-arena-crate-05/source/src/quote.rs:202:32
    |
202 |     ($i:ident) => { Ident::new(stringify!($i), Span::def_site()) };
    |                                ^^^^^^^^^
...
412 |                     (stripped, minimal_quote!(crate::Ident::new_raw))
    |                                ------------------------------------- in this macro invocation
    |
    = note: this error originates in the macro `minimal_quote_tt` which comes from the expansion of the macro `minimal_quote` (in Nightly builds, run with -Z macro-backtrace for more info)

error: cannot find macro `stringify` in this scope
   --> /Users/danluu/dev/rust-interp-semantic-reuse-20260913/results/proc-macro-arena-crate-05/source/src/quote.rs:202:32
    |
202 |     ($i:ident) => { Ident::new(stringify!($i), Span::def_site()) };
    |                                ^^^^^^^^^
...
412 |                     (stripped, minimal_quote!(crate::Ident::new_raw))
    |                                ------------------------------------- in this macro invocation
    |
    = note: this error originates in the macro `minimal_quote_tt` which comes from the expansion of the macro `minimal_quote` (in Nightly builds, run with -Z macro-backtrace for more info)

error: cannot find macro `stringify` in this scope
   --> /Users/danluu/dev/rust-interp-semantic-reuse-20260913/results/proc-macro-arena-crate-05/source/src/quote.rs:202:32
    |
202 |     ($i:ident) => { Ident::new(stringify!($i), Span::def_site()) };
    |                                ^^^^^^^^^
...
414 |                     (literal.as_str(), minimal_quote!(crate::Ident::new))
    |                                        --------------------------------- in this macro invocation
    |
    = note: this error originates in the macro `minimal_quote_tt` which comes from the expansion of the macro `minimal_quote` (in Nightly builds, run with -Z macro-backtrace for more info)

error: cannot find macro `stringify` in this scope
   --> /Users/danluu/dev/rust-interp-semantic-reuse-20260913/results/proc-macro-arena-crate-05/source/src/quote.rs:202:32
    |
202 |     ($i:ident) => { Ident::new(stringify!($i), Span::def_site()) };
    |                                ^^^^^^^^^
...
414 |                     (literal.as_str(), minimal_quote!(crate::Ident::new))
    |                                        --------------------------------- in this macro invocation
    |
    = note: this error originates in the macro `minimal_quote_tt` which comes from the expansion of the macro `minimal_quote` (in Nightly builds, run with -Z macro-backtrace for more info)

error: cannot find macro `stringify` in this scope
   --> /Users/danluu/dev/rust-interp-semantic-reuse-20260913/results/proc-macro-arena-crate-05/source/src/quote.rs:202:32
    |
202 |     ($i:ident) => { Ident::new(stringify!($i), Span::def_site()) };
    |                                ^^^^^^^^^
...
414 |                     (literal.as_str(), minimal_quote!(crate::Ident::new))
    |                                        --------------------------------- in this macro invocation
    |
    = note: this error originates in the macro `minimal_quote_tt` which comes from the expansion of the macro `minimal_quote` (in Nightly builds, run with -Z macro-backtrace for more info)

error: cannot find macro `stringify` in this scope
   --> /Users/danluu/dev/rust-interp-semantic-reuse-20260913/results/proc-macro-arena-crate-05/source/src/quote.rs:202:32
    |
202 |       ($i:ident) => { Ident::new(stringify!($i), Span::def_site()) };
    |                                  ^^^^^^^^^
...
416 | /                 minimal_quote!(crate::ToTokens::to_tokens(&crate::TokenTree::Ident((@ ctor)(
417 | |                     (@ TokenTree::from(Literal::string(literal))),
418 | |                     (@ quote_span(proc_macro_crate.clone(), tt.span())),
419 | |                 )), &mut ts);)
    | |______________________________- in this macro invocation
    |
    = note: this error originates in the macro `minimal_quote_tt` which comes from the expansion of the macro `minimal_quote` (in Nightly builds, run with -Z macro-backtrace for more info)

error: cannot find macro `stringify` in this scope
   --> /Users/danluu/dev/rust-interp-semantic-reuse-20260913/results/proc-macro-arena-crate-05/source/src/quote.rs:202:32
    |
202 |       ($i:ident) => { Ident::new(stringify!($i), Span::def_site()) };
    |                                  ^^^^^^^^^
...
416 | /                 minimal_quote!(crate::ToTokens::to_tokens(&crate::TokenTree::Ident((@ ctor)(
417 | |                     (@ TokenTree::from(Literal::string(literal))),
418 | |                     (@ quote_span(proc_macro_crate.clone(), tt.span())),
419 | |                 )), &mut ts);)
    | |______________________________- in this macro invocation
    |
    = note: this error originates in the macro `minimal_quote_tt` which comes from the expansion of the macro `minimal_quote` (in Nightly builds, run with -Z macro-backtrace for more info)

error: cannot find macro `stringify` in this scope
   --> /Users/danluu/dev/rust-interp-semantic-reuse-20260913/results/proc-macro-arena-crate-05/source/src/quote.rs:202:32
    |
202 |       ($i:ident) => { Ident::new(stringify!($i), Span::def_site()) };
    |                                  ^^^^^^^^^
...
416 | /                 minimal_quote!(crate::ToTokens::to_tokens(&crate::TokenTree::Ident((@ ctor)(
417 | |                     (@ TokenTree::from(Literal::string(literal))),
418 | |                     (@ quote_span(proc_macro_crate.clone(), tt.span())),
419 | |                 )), &mut ts);)
    | |______________________________- in this macro invocation
    |
    = note: this error originates in the macro `minimal_quote_tt` which comes from the expansion of the macro `minimal_quote` (in Nightly builds, run with -Z macro-backtrace for more info)

error: cannot find macro `stringify` in this scope
   --> /Users/danluu/dev/rust-interp-semantic-reuse-20260913/results/proc-macro-arena-crate-05/source/src/quote.rs:202:32
    |
202 |       ($i:ident) => { Ident::new(stringify!($i), Span::def_site()) };
    |                                  ^^^^^^^^^
...
416 | /                 minimal_quote!(crate::ToTokens::to_tokens(&crate::TokenTree::Ident((@ ctor)(
417 | |                     (@ TokenTree::from(Literal::string(literal))),
418 | |                     (@ quote_span(proc_macro_crate.clone(), tt.span())),
419 | |                 )), &mut ts);)
    | |______________________________- in this macro invocation
    |
    = note: this error originates in the macro `minimal_quote_tt` which comes from the expansion of the macro `minimal_quote` (in Nightly builds, run with -Z macro-backtrace for more info)

error: cannot find macro `stringify` in this scope
   --> /Users/danluu/dev/rust-interp-semantic-reuse-20260913/results/proc-macro-arena-crate-05/source/src/quote.rs:202:32
    |
202 |       ($i:ident) => { Ident::new(stringify!($i), Span::def_site()) };
    |                                  ^^^^^^^^^
...
416 | /                 minimal_quote!(crate::ToTokens::to_tokens(&crate::TokenTree::Ident((@ ctor)(
417 | |                     (@ TokenTree::from(Literal::string(literal))),
418 | |                     (@ quote_span(proc_macro_crate.clone(), tt.span())),
419 | |                 )), &mut ts);)
    | |______________________________- in this macro invocation
    |
    = note: this error originates in the macro `minimal_quote_tt` which comes from the expansion of the macro `minimal_quote` (in Nightly builds, run with -Z macro-backtrace for more info)

error: cannot find macro `stringify` in this scope
   --> /Users/danluu/dev/rust-interp-semantic-reuse-20260913/results/proc-macro-arena-crate-05/source/src/quote.rs:202:32
    |
202 |       ($i:ident) => { Ident::new(stringify!($i), Span::def_site()) };
    |                                  ^^^^^^^^^
...
416 | /                 minimal_quote!(crate::ToTokens::to_tokens(&crate::TokenTree::Ident((@ ctor)(
417 | |                     (@ TokenTree::from(Literal::string(literal))),
418 | |                     (@ quote_span(proc_macro_crate.clone(), tt.span())),
419 | |                 )), &mut ts);)
    | |______________________________- in this macro invocation
    |
    = note: this error originates in the macro `minimal_quote_tt` which comes from the expansion of the macro `minimal_quote` (in Nightly builds, run with -Z macro-backtrace for more info)

error: cannot find macro `stringify` in this scope
   --> /Users/danluu/dev/rust-interp-semantic-reuse-20260913/results/proc-macro-arena-crate-05/source/src/quote.rs:202:32
    |
202 |       ($i:ident) => { Ident::new(stringify!($i), Span::def_site()) };
    |                                  ^^^^^^^^^
...
416 | /                 minimal_quote!(crate::ToTokens::to_tokens(&crate::TokenTree::Ident((@ ctor)(
417 | |                     (@ TokenTree::from(Literal::string(literal))),
418 | |                     (@ quote_span(proc_macro_crate.clone(), tt.span())),
419 | |                 )), &mut ts);)
    | |______________________________- in this macro invocation
    |
    = note: this error originates in the macro `minimal_quote_tt` which comes from the expansion of the macro `minimal_quote` (in Nightly builds, run with -Z macro-backtrace for more info)

error: cannot find macro `stringify` in this scope
   --> /Users/danluu/dev/rust-interp-semantic-reuse-20260913/results/proc-macro-arena-crate-05/source/src/quote.rs:202:32
    |
202 |       ($i:ident) => { Ident::new(stringify!($i), Span::def_site()) };
    |                                  ^^^^^^^^^
...
416 | /                 minimal_quote!(crate::ToTokens::to_tokens(&crate::TokenTree::Ident((@ ctor)(
417 | |                     (@ TokenTree::from(Literal::string(literal))),
418 | |                     (@ quote_span(proc_macro_crate.clone(), tt.span())),
419 | |                 )), &mut ts);)
    | |______________________________- in this macro invocation
    |
    = note: this error originates in the macro `minimal_quote_tt` which comes from the expansion of the macro `minimal_quote` (in Nightly builds, run with -Z macro-backtrace for more info)

error: cannot find macro `stringify` in this scope
   --> /Users/danluu/dev/rust-interp-semantic-reuse-20260913/results/proc-macro-arena-crate-05/source/src/quote.rs:202:32
    |
202 |       ($i:ident) => { Ident::new(stringify!($i), Span::def_site()) };
    |                                  ^^^^^^^^^
...
422 | /                 minimal_quote!(crate::ToTokens::to_tokens(&crate::TokenTree::Literal({
423 | |                     let mut iter = (@ TokenTree::from(Literal::string(&tt.to_string())))
424 | |                         .parse::<crate::TokenStream>()
425 | |                         .unwrap()
...   |
435 | |                 }), &mut ts);)
    | |______________________________- in this macro invocation
    |
    = note: this error originates in the macro `minimal_quote_tt` which comes from the expansion of the macro `minimal_quote` (in Nightly builds, run with -Z macro-backtrace for more info)

error: cannot find macro `stringify` in this scope
   --> /Users/danluu/dev/rust-interp-semantic-reuse-20260913/results/proc-macro-arena-crate-05/source/src/quote.rs:202:32
    |
202 |       ($i:ident) => { Ident::new(stringify!($i), Span::def_site()) };
    |                                  ^^^^^^^^^
...
422 | /                 minimal_quote!(crate::ToTokens::to_tokens(&crate::TokenTree::Literal({
423 | |                     let mut iter = (@ TokenTree::from(Literal::string(&tt.to_string())))
424 | |                         .parse::<crate::TokenStream>()
425 | |                         .unwrap()
...   |
435 | |                 }), &mut ts);)
    | |______________________________- in this macro invocation
    |
    = note: this error originates in the macro `minimal_quote_tt` which comes from the expansion of the macro `minimal_quote` (in Nightly builds, run with -Z macro-backtrace for more info)

error: cannot find macro `stringify` in this scope
   --> /Users/danluu/dev/rust-interp-semantic-reuse-20260913/results/proc-macro-arena-crate-05/source/src/quote.rs:202:32
    |
202 |       ($i:ident) => { Ident::new(stringify!($i), Span::def_site()) };
    |                                  ^^^^^^^^^
...
422 | /                 minimal_quote!(crate::ToTokens::to_tokens(&crate::TokenTree::Literal({
423 | |                     let mut iter = (@ TokenTree::from(Literal::string(&tt.to_string())))
424 | |                         .parse::<crate::TokenStream>()
425 | |                         .unwrap()
...   |
435 | |                 }), &mut ts);)
    | |______________________________- in this macro invocation
    |
    = note: this error originates in the macro `minimal_quote_tt` which comes from the expansion of the macro `minimal_quote` (in Nightly builds, run with -Z macro-backtrace for more info)

error: cannot find macro `stringify` in this scope
   --> /Users/danluu/dev/rust-interp-semantic-reuse-20260913/results/proc-macro-arena-crate-05/source/src/quote.rs:202:32
    |
202 |       ($i:ident) => { Ident::new(stringify!($i), Span::def_site()) };
    |                                  ^^^^^^^^^
...
422 | /                 minimal_quote!(crate::ToTokens::to_tokens(&crate::TokenTree::Literal({
423 | |                     let mut iter = (@ TokenTree::from(Literal::string(&tt.to_string())))
424 | |                         .parse::<crate::TokenStream>()
425 | |                         .unwrap()
...   |
435 | |                 }), &mut ts);)
    | |______________________________- in this macro invocation
    |
    = note: this error originates in the macro `minimal_quote_tt` which comes from the expansion of the macro `minimal_quote` (in Nightly builds, run with -Z macro-backtrace for more info)

error: cannot find macro `stringify` in this scope
   --> /Users/danluu/dev/rust-interp-semantic-reuse-20260913/results/proc-macro-arena-crate-05/source/src/quote.rs:202:32
    |
202 |       ($i:ident) => { Ident::new(stringify!($i), Span::def_site()) };
    |                                  ^^^^^^^^^
...
422 | /                 minimal_quote!(crate::ToTokens::to_tokens(&crate::TokenTree::Literal({
423 | |                     let mut iter = (@ TokenTree::from(Literal::string(&tt.to_string())))
424 | |                         .parse::<crate::TokenStream>()
425 | |                         .unwrap()
...   |
435 | |                 }), &mut ts);)
    | |______________________________- in this macro invocation
    |
    = note: this error originates in the macro `minimal_quote_tt` which comes from the expansion of the macro `minimal_quote` (in Nightly builds, run with -Z macro-backtrace for more info)

error: cannot find macro `stringify` in this scope
   --> /Users/danluu/dev/rust-interp-semantic-reuse-20260913/results/proc-macro-arena-crate-05/source/src/quote.rs:202:32
    |
202 |       ($i:ident) => { Ident::new(stringify!($i), Span::def_site()) };
    |                                  ^^^^^^^^^
...
422 | /                 minimal_quote!(crate::ToTokens::to_tokens(&crate::TokenTree::Literal({
423 | |                     let mut iter = (@ TokenTree::from(Literal::string(&tt.to_string())))
424 | |                         .parse::<crate::TokenStream>()
425 | |                         .unwrap()
...   |
435 | |                 }), &mut ts);)
    | |______________________________- in this macro invocation
    |
    = note: this error originates in the macro `minimal_quote_tt` which comes from the expansion of the macro `minimal_quote` (in Nightly builds, run with -Z macro-backtrace for more info)

error: cannot find macro `stringify` in this scope
   --> /Users/danluu/dev/rust-interp-semantic-reuse-20260913/results/proc-macro-arena-crate-05/source/src/quote.rs:202:32
    |
202 |       ($i:ident) => { Ident::new(stringify!($i), Span::def_site()) };
    |                                  ^^^^^^^^^
...
422 | /                 minimal_quote!(crate::ToTokens::to_tokens(&crate::TokenTree::Literal({
423 | |                     let mut iter = (@ TokenTree::from(Literal::string(&tt.to_string())))
424 | |                         .parse::<crate::TokenStream>()
425 | |                         .unwrap()
...   |
435 | |                 }), &mut ts);)
    | |______________________________- in this macro invocation
    |
    = note: this error originates in the macro `minimal_quote_tt` which comes from the expansion of the macro `minimal_quote` (in Nightly builds, run with -Z macro-backtrace for more info)

error: cannot find macro `stringify` in this scope
   --> /Users/danluu/dev/rust-interp-semantic-reuse-20260913/results/proc-macro-arena-crate-05/source/src/quote.rs:202:32
    |
202 |       ($i:ident) => { Ident::new(stringify!($i), Span::def_site()) };
    |                                  ^^^^^^^^^
...
422 | /                 minimal_quote!(crate::ToTokens::to_tokens(&crate::TokenTree::Literal({
423 | |                     let mut iter = (@ TokenTree::from(Literal::string(&tt.to_string())))
424 | |                         .parse::<crate::TokenStream>()
425 | |                         .unwrap()
...   |
435 | |                 }), &mut ts);)
    | |______________________________- in this macro invocation
    |
    = note: this error originates in the macro `minimal_quote_tt` which comes from the expansion of the macro `minimal_quote` (in Nightly builds, run with -Z macro-backtrace for more info)

error: cannot find macro `stringify` in this scope
   --> /Users/danluu/dev/rust-interp-semantic-reuse-20260913/results/proc-macro-arena-crate-05/source/src/quote.rs:202:32
    |
202 |       ($i:ident) => { Ident::new(stringify!($i), Span::def_site()) };
    |                                  ^^^^^^^^^
...
422 | /                 minimal_quote!(crate::ToTokens::to_tokens(&crate::TokenTree::Literal({
423 | |                     let mut iter = (@ TokenTree::from(Literal::string(&tt.to_string())))
424 | |                         .parse::<crate::TokenStream>()
425 | |                         .unwrap()
...   |
435 | |                 }), &mut ts);)
    | |______________________________- in this macro invocation
    |
    = note: this error originates in the macro `minimal_quote_tt` which comes from the expansion of the macro `minimal_quote` (in Nightly builds, run with -Z macro-backtrace for more info)

error: cannot find macro `stringify` in this scope
   --> /Users/danluu/dev/rust-interp-semantic-reuse-20260913/results/proc-macro-arena-crate-05/source/src/quote.rs:202:32
    |
202 |       ($i:ident) => { Ident::new(stringify!($i), Span::def_site()) };
    |                                  ^^^^^^^^^
...
422 | /                 minimal_quote!(crate::ToTokens::to_tokens(&crate::TokenTree::Literal({
423 | |                     let mut iter = (@ TokenTree::from(Literal::string(&tt.to_string())))
424 | |                         .parse::<crate::TokenStream>()
425 | |                         .unwrap()
...   |
435 | |                 }), &mut ts);)
    | |______________________________- in this macro invocation
    |
    = note: this error originates in the macro `minimal_quote_tt` which comes from the expansion of the macro `minimal_quote` (in Nightly builds, run with -Z macro-backtrace for more info)

error: cannot find macro `stringify` in this scope
   --> /Users/danluu/dev/rust-interp-semantic-reuse-20260913/results/proc-macro-arena-crate-05/source/src/quote.rs:202:32
    |
202 |       ($i:ident) => { Ident::new(stringify!($i), Span::def_site()) };
    |                                  ^^^^^^^^^
...
422 | /                 minimal_quote!(crate::ToTokens::to_tokens(&crate::TokenTree::Literal({
423 | |                     let mut iter = (@ TokenTree::from(Literal::string(&tt.to_string())))
424 | |                         .parse::<crate::TokenStream>()
425 | |                         .unwrap()
...   |
435 | |                 }), &mut ts);)
    | |______________________________- in this macro invocation
    |
    = note: this error originates in the macro `minimal_quote_tt` which comes from the expansion of the macro `minimal_quote` (in Nightly builds, run with -Z macro-backtrace for more info)

error: cannot find macro `stringify` in this scope
   --> /Users/danluu/dev/rust-interp-semantic-reuse-20260913/results/proc-macro-arena-crate-05/source/src/quote.rs:202:32
    |
202 |       ($i:ident) => { Ident::new(stringify!($i), Span::def_site()) };
    |                                  ^^^^^^^^^
...
422 | /                 minimal_quote!(crate::ToTokens::to_tokens(&crate::TokenTree::Literal({
423 | |                     let mut iter = (@ TokenTree::from(Literal::string(&tt.to_string())))
424 | |                         .parse::<crate::TokenStream>()
425 | |                         .unwrap()
...   |
435 | |                 }), &mut ts);)
    | |______________________________- in this macro invocation
    |
    = note: this error originates in the macro `minimal_quote_tt` which comes from the expansion of the macro `minimal_quote` (in Nightly builds, run with -Z macro-backtrace for more info)

error: cannot find macro `stringify` in this scope
   --> /Users/danluu/dev/rust-interp-semantic-reuse-20260913/results/proc-macro-arena-crate-05/source/src/quote.rs:202:32
    |
202 |       ($i:ident) => { Ident::new(stringify!($i), Span::def_site()) };
    |                                  ^^^^^^^^^
...
422 | /                 minimal_quote!(crate::ToTokens::to_tokens(&crate::TokenTree::Literal({
423 | |                     let mut iter = (@ TokenTree::from(Literal::string(&tt.to_string())))
424 | |                         .parse::<crate::TokenStream>()
425 | |                         .unwrap()
...   |
435 | |                 }), &mut ts);)
    | |______________________________- in this macro invocation
    |
    = note: this error originates in the macro `minimal_quote_tt` which comes from the expansion of the macro `minimal_quote` (in Nightly builds, run with -Z macro-backtrace for more info)

error: cannot find macro `stringify` in this scope
   --> /Users/danluu/dev/rust-interp-semantic-reuse-20260913/results/proc-macro-arena-crate-05/source/src/quote.rs:202:32
    |
202 |       ($i:ident) => { Ident::new(stringify!($i), Span::def_site()) };
    |                                  ^^^^^^^^^
...
422 | /                 minimal_quote!(crate::ToTokens::to_tokens(&crate::TokenTree::Literal({
423 | |                     let mut iter = (@ TokenTree::from(Literal::string(&tt.to_string())))
424 | |                         .parse::<crate::TokenStream>()
425 | |                         .unwrap()
...   |
435 | |                 }), &mut ts);)
    | |______________________________- in this macro invocation
    |
    = note: this error originates in the macro `minimal_quote_tt` which comes from the expansion of the macro `minimal_quote` (in Nightly builds, run with -Z macro-backtrace for more info)

error: cannot find macro `stringify` in this scope
   --> /Users/danluu/dev/rust-interp-semantic-reuse-20260913/results/proc-macro-arena-crate-05/source/src/quote.rs:202:32
    |
202 |       ($i:ident) => { Ident::new(stringify!($i), Span::def_site()) };
    |                                  ^^^^^^^^^
...
422 | /                 minimal_quote!(crate::ToTokens::to_tokens(&crate::TokenTree::Literal({
423 | |                     let mut iter = (@ TokenTree::from(Literal::string(&tt.to_string())))
424 | |                         .parse::<crate::TokenStream>()
425 | |                         .unwrap()
...   |
435 | |                 }), &mut ts);)
    | |______________________________- in this macro invocation
    |
    = note: this error originates in the macro `minimal_quote_tt` which comes from the expansion of the macro `minimal_quote` (in Nightly builds, run with -Z macro-backtrace for more info)

error: cannot find macro `stringify` in this scope
   --> /Users/danluu/dev/rust-interp-semantic-reuse-20260913/results/proc-macro-arena-crate-05/source/src/quote.rs:202:32
    |
202 |       ($i:ident) => { Ident::new(stringify!($i), Span::def_site()) };
    |                                  ^^^^^^^^^
...
422 | /                 minimal_quote!(crate::ToTokens::to_tokens(&crate::TokenTree::Literal({
423 | |                     let mut iter = (@ TokenTree::from(Literal::string(&tt.to_string())))
424 | |                         .parse::<crate::TokenStream>()
425 | |                         .unwrap()
...   |
435 | |                 }), &mut ts);)
    | |______________________________- in this macro invocation
    |
    = note: this error originates in the macro `minimal_quote_tt` which comes from the expansion of the macro `minimal_quote` (in Nightly builds, run with -Z macro-backtrace for more info)

error: cannot find macro `stringify` in this scope
   --> /Users/danluu/dev/rust-interp-semantic-reuse-20260913/results/proc-macro-arena-crate-05/source/src/quote.rs:202:32
    |
202 |       ($i:ident) => { Ident::new(stringify!($i), Span::def_site()) };
    |                                  ^^^^^^^^^
...
422 | /                 minimal_quote!(crate::ToTokens::to_tokens(&crate::TokenTree::Literal({
423 | |                     let mut iter = (@ TokenTree::from(Literal::string(&tt.to_string())))
424 | |                         .parse::<crate::TokenStream>()
425 | |                         .unwrap()
...   |
435 | |                 }), &mut ts);)
    | |______________________________- in this macro invocation
    |
    = note: this error originates in the macro `minimal_quote_tt` which comes from the expansion of the macro `minimal_quote` (in Nightly builds, run with -Z macro-backtrace for more info)

error: cannot find macro `stringify` in this scope
   --> /Users/danluu/dev/rust-interp-semantic-reuse-20260913/results/proc-macro-arena-crate-05/source/src/quote.rs:202:32
    |
202 |       ($i:ident) => { Ident::new(stringify!($i), Span::def_site()) };
    |                                  ^^^^^^^^^
...
422 | /                 minimal_quote!(crate::ToTokens::to_tokens(&crate::TokenTree::Literal({
423 | |                     let mut iter = (@ TokenTree::from(Literal::string(&tt.to_string())))
424 | |                         .parse::<crate::TokenStream>()
425 | |                         .unwrap()
...   |
435 | |                 }), &mut ts);)
    | |______________________________- in this macro invocation
    |
    = note: this error originates in the macro `minimal_quote_tt` which comes from the expansion of the macro `minimal_quote` (in Nightly builds, run with -Z macro-backtrace for more info)

error: cannot find macro `stringify` in this scope
   --> /Users/danluu/dev/rust-interp-semantic-reuse-20260913/results/proc-macro-arena-crate-05/source/src/quote.rs:202:32
    |
202 |       ($i:ident) => { Ident::new(stringify!($i), Span::def_site()) };
    |                                  ^^^^^^^^^
...
422 | /                 minimal_quote!(crate::ToTokens::to_tokens(&crate::TokenTree::Literal({
423 | |                     let mut iter = (@ TokenTree::from(Literal::string(&tt.to_string())))
424 | |                         .parse::<crate::TokenStream>()
425 | |                         .unwrap()
...   |
435 | |                 }), &mut ts);)
    | |______________________________- in this macro invocation
    |
    = note: this error originates in the macro `minimal_quote_tt` which comes from the expansion of the macro `minimal_quote` (in Nightly builds, run with -Z macro-backtrace for more info)

error: cannot find macro `stringify` in this scope
   --> /Users/danluu/dev/rust-interp-semantic-reuse-20260913/results/proc-macro-arena-crate-05/source/src/quote.rs:202:32
    |
202 |       ($i:ident) => { Ident::new(stringify!($i), Span::def_site()) };
    |                                  ^^^^^^^^^
...
422 | /                 minimal_quote!(crate::ToTokens::to_tokens(&crate::TokenTree::Literal({
423 | |                     let mut iter = (@ TokenTree::from(Literal::string(&tt.to_string())))
424 | |                         .parse::<crate::TokenStream>()
425 | |                         .unwrap()
...   |
435 | |                 }), &mut ts);)
    | |______________________________- in this macro invocation
    |
    = note: this error originates in the macro `minimal_quote_tt` which comes from the expansion of the macro `minimal_quote` (in Nightly builds, run with -Z macro-backtrace for more info)

error: cannot find macro `stringify` in this scope
   --> /Users/danluu/dev/rust-interp-semantic-reuse-20260913/results/proc-macro-arena-crate-05/source/src/quote.rs:202:32
    |
202 |       ($i:ident) => { Ident::new(stringify!($i), Span::def_site()) };
    |                                  ^^^^^^^^^
...
422 | /                 minimal_quote!(crate::ToTokens::to_tokens(&crate::TokenTree::Literal({
423 | |                     let mut iter = (@ TokenTree::from(Literal::string(&tt.to_string())))
424 | |                         .parse::<crate::TokenStream>()
425 | |                         .unwrap()
...   |
435 | |                 }), &mut ts);)
    | |______________________________- in this macro invocation
    |
    = note: this error originates in the macro `minimal_quote_tt` which comes from the expansion of the macro `minimal_quote` (in Nightly builds, run with -Z macro-backtrace for more info)

error: cannot find macro `stringify` in this scope
   --> /Users/danluu/dev/rust-interp-semantic-reuse-20260913/results/proc-macro-arena-crate-05/source/src/quote.rs:202:32
    |
202 |       ($i:ident) => { Ident::new(stringify!($i), Span::def_site()) };
    |                                  ^^^^^^^^^
...
422 | /                 minimal_quote!(crate::ToTokens::to_tokens(&crate::TokenTree::Literal({
423 | |                     let mut iter = (@ TokenTree::from(Literal::string(&tt.to_string())))
424 | |                         .parse::<crate::TokenStream>()
425 | |                         .unwrap()
...   |
435 | |                 }), &mut ts);)
    | |______________________________- in this macro invocation
    |
    = note: this error originates in the macro `minimal_quote_tt` which comes from the expansion of the macro `minimal_quote` (in Nightly builds, run with -Z macro-backtrace for more info)

error: cannot find macro `stringify` in this scope
   --> /Users/danluu/dev/rust-interp-semantic-reuse-20260913/results/proc-macro-arena-crate-05/source/src/quote.rs:202:32
    |
202 |       ($i:ident) => { Ident::new(stringify!($i), Span::def_site()) };
    |                                  ^^^^^^^^^
...
422 | /                 minimal_quote!(crate::ToTokens::to_tokens(&crate::TokenTree::Literal({
423 | |                     let mut iter = (@ TokenTree::from(Literal::string(&tt.to_string())))
424 | |                         .parse::<crate::TokenStream>()
425 | |                         .unwrap()
...   |
435 | |                 }), &mut ts);)
    | |______________________________- in this macro invocation
    |
    = note: this error originates in the macro `minimal_quote_tt` which comes from the expansion of the macro `minimal_quote` (in Nightly builds, run with -Z macro-backtrace for more info)

error: cannot find macro `stringify` in this scope
   --> /Users/danluu/dev/rust-interp-semantic-reuse-20260913/results/proc-macro-arena-crate-05/source/src/quote.rs:202:32
    |
202 |       ($i:ident) => { Ident::new(stringify!($i), Span::def_site()) };
    |                                  ^^^^^^^^^
...
422 | /                 minimal_quote!(crate::ToTokens::to_tokens(&crate::TokenTree::Literal({
423 | |                     let mut iter = (@ TokenTree::from(Literal::string(&tt.to_string())))
424 | |                         .parse::<crate::TokenStream>()
425 | |                         .unwrap()
...   |
435 | |                 }), &mut ts);)
    | |______________________________- in this macro invocation
    |
    = note: this error originates in the macro `minimal_quote_tt` which comes from the expansion of the macro `minimal_quote` (in Nightly builds, run with -Z macro-backtrace for more info)

error: cannot find macro `stringify` in this scope
   --> /Users/danluu/dev/rust-interp-semantic-reuse-20260913/results/proc-macro-arena-crate-05/source/src/quote.rs:202:32
    |
202 |       ($i:ident) => { Ident::new(stringify!($i), Span::def_site()) };
    |                                  ^^^^^^^^^
...
422 | /                 minimal_quote!(crate::ToTokens::to_tokens(&crate::TokenTree::Literal({
423 | |                     let mut iter = (@ TokenTree::from(Literal::string(&tt.to_string())))
424 | |                         .parse::<crate::TokenStream>()
425 | |                         .unwrap()
...   |
435 | |                 }), &mut ts);)
    | |______________________________- in this macro invocation
    |
    = note: this error originates in the macro `minimal_quote_tt` which comes from the expansion of the macro `minimal_quote` (in Nightly builds, run with -Z macro-backtrace for more info)

error: cannot find macro `stringify` in this scope
   --> /Users/danluu/dev/rust-interp-semantic-reuse-20260913/results/proc-macro-arena-crate-05/source/src/quote.rs:202:32
    |
202 |       ($i:ident) => { Ident::new(stringify!($i), Span::def_site()) };
    |                                  ^^^^^^^^^
...
422 | /                 minimal_quote!(crate::ToTokens::to_tokens(&crate::TokenTree::Literal({
423 | |                     let mut iter = (@ TokenTree::from(Literal::string(&tt.to_string())))
424 | |                         .parse::<crate::TokenStream>()
425 | |                         .unwrap()
...   |
435 | |                 }), &mut ts);)
    | |______________________________- in this macro invocation
    |
    = note: this error originates in the macro `minimal_quote_tt` which comes from the expansion of the macro `minimal_quote` (in Nightly builds, run with -Z macro-backtrace for more info)

error: cannot find macro `stringify` in this scope
   --> /Users/danluu/dev/rust-interp-semantic-reuse-20260913/results/proc-macro-arena-crate-05/source/src/quote.rs:202:32
    |
202 |       ($i:ident) => { Ident::new(stringify!($i), Span::def_site()) };
    |                                  ^^^^^^^^^
...
422 | /                 minimal_quote!(crate::ToTokens::to_tokens(&crate::TokenTree::Literal({
423 | |                     let mut iter = (@ TokenTree::from(Literal::string(&tt.to_string())))
424 | |                         .parse::<crate::TokenStream>()
425 | |                         .unwrap()
...   |
435 | |                 }), &mut ts);)
    | |______________________________- in this macro invocation
    |
    = note: this error originates in the macro `minimal_quote_tt` which comes from the expansion of the macro `minimal_quote` (in Nightly builds, run with -Z macro-backtrace for more info)

error: cannot find macro `stringify` in this scope
   --> /Users/danluu/dev/rust-interp-semantic-reuse-20260913/results/proc-macro-arena-crate-05/source/src/quote.rs:202:32
    |
202 |       ($i:ident) => { Ident::new(stringify!($i), Span::def_site()) };
    |                                  ^^^^^^^^^
...
422 | /                 minimal_quote!(crate::ToTokens::to_tokens(&crate::TokenTree::Literal({
423 | |                     let mut iter = (@ TokenTree::from(Literal::string(&tt.to_string())))
424 | |                         .parse::<crate::TokenStream>()
425 | |                         .unwrap()
...   |
435 | |                 }), &mut ts);)
    | |______________________________- in this macro invocation
    |
    = note: this error originates in the macro `minimal_quote_tt` which comes from the expansion of the macro `minimal_quote` (in Nightly builds, run with -Z macro-backtrace for more info)

error: cannot find macro `stringify` in this scope
   --> /Users/danluu/dev/rust-interp-semantic-reuse-20260913/results/proc-macro-arena-crate-05/source/src/quote.rs:202:32
    |
202 |       ($i:ident) => { Ident::new(stringify!($i), Span::def_site()) };
    |                                  ^^^^^^^^^
...
422 | /                 minimal_quote!(crate::ToTokens::to_tokens(&crate::TokenTree::Literal({
423 | |                     let mut iter = (@ TokenTree::from(Literal::string(&tt.to_string())))
424 | |                         .parse::<crate::TokenStream>()
425 | |                         .unwrap()
...   |
435 | |                 }), &mut ts);)
    | |______________________________- in this macro invocation
    |
    = note: this error originates in the macro `minimal_quote_tt` which comes from the expansion of the macro `minimal_quote` (in Nightly builds, run with -Z macro-backtrace for more info)

error: cannot find macro `stringify` in this scope
   --> /Users/danluu/dev/rust-interp-semantic-reuse-20260913/results/proc-macro-arena-crate-05/source/src/quote.rs:202:32
    |
202 |       ($i:ident) => { Ident::new(stringify!($i), Span::def_site()) };
    |                                  ^^^^^^^^^
...
422 | /                 minimal_quote!(crate::ToTokens::to_tokens(&crate::TokenTree::Literal({
423 | |                     let mut iter = (@ TokenTree::from(Literal::string(&tt.to_string())))
424 | |                         .parse::<crate::TokenStream>()
425 | |                         .unwrap()
...   |
435 | |                 }), &mut ts);)
    | |______________________________- in this macro invocation
    |
    = note: this error originates in the macro `minimal_quote_tt` which comes from the expansion of the macro `minimal_quote` (in Nightly builds, run with -Z macro-backtrace for more info)

error: cannot find macro `stringify` in this scope
   --> /Users/danluu/dev/rust-interp-semantic-reuse-20260913/results/proc-macro-arena-crate-05/source/src/quote.rs:202:32
    |
202 |       ($i:ident) => { Ident::new(stringify!($i), Span::def_site()) };
    |                                  ^^^^^^^^^
...
422 | /                 minimal_quote!(crate::ToTokens::to_tokens(&crate::TokenTree::Literal({
423 | |                     let mut iter = (@ TokenTree::from(Literal::string(&tt.to_string())))
424 | |                         .parse::<crate::TokenStream>()
425 | |                         .unwrap()
...   |
435 | |                 }), &mut ts);)
    | |______________________________- in this macro invocation
    |
    = note: this error originates in the macro `minimal_quote_tt` which comes from the expansion of the macro `minimal_quote` (in Nightly builds, run with -Z macro-backtrace for more info)

error: cannot find macro `stringify` in this scope
   --> /Users/danluu/dev/rust-interp-semantic-reuse-20260913/results/proc-macro-arena-crate-05/source/src/quote.rs:202:32
    |
202 |       ($i:ident) => { Ident::new(stringify!($i), Span::def_site()) };
    |                                  ^^^^^^^^^
...
422 | /                 minimal_quote!(crate::ToTokens::to_tokens(&crate::TokenTree::Literal({
423 | |                     let mut iter = (@ TokenTree::from(Literal::string(&tt.to_string())))
424 | |                         .parse::<crate::TokenStream>()
425 | |                         .unwrap()
...   |
435 | |                 }), &mut ts);)
    | |______________________________- in this macro invocation
    |
    = note: this error originates in the macro `minimal_quote_tt` which comes from the expansion of the macro `minimal_quote` (in Nightly builds, run with -Z macro-backtrace for more info)

error: cannot find macro `stringify` in this scope
   --> /Users/danluu/dev/rust-interp-semantic-reuse-20260913/results/proc-macro-arena-crate-05/source/src/quote.rs:202:32
    |
202 |       ($i:ident) => { Ident::new(stringify!($i), Span::def_site()) };
    |                                  ^^^^^^^^^
...
422 | /                 minimal_quote!(crate::ToTokens::to_tokens(&crate::TokenTree::Literal({
423 | |                     let mut iter = (@ TokenTree::from(Literal::string(&tt.to_string())))
424 | |                         .parse::<crate::TokenStream>()
425 | |                         .unwrap()
...   |
435 | |                 }), &mut ts);)
    | |______________________________- in this macro invocation
    |
    = note: this error originates in the macro `minimal_quote_tt` which comes from the expansion of the macro `minimal_quote` (in Nightly builds, run with -Z macro-backtrace for more info)

error: cannot find macro `stringify` in this scope
   --> /Users/danluu/dev/rust-interp-semantic-reuse-20260913/results/proc-macro-arena-crate-05/source/src/quote.rs:202:32
    |
202 |       ($i:ident) => { Ident::new(stringify!($i), Span::def_site()) };
    |                                  ^^^^^^^^^
...
422 | /                 minimal_quote!(crate::ToTokens::to_tokens(&crate::TokenTree::Literal({
423 | |                     let mut iter = (@ TokenTree::from(Literal::string(&tt.to_string())))
424 | |                         .parse::<crate::TokenStream>()
425 | |                         .unwrap()
...   |
435 | |                 }), &mut ts);)
    | |______________________________- in this macro invocation
    |
    = note: this error originates in the macro `minimal_quote_tt` which comes from the expansion of the macro `minimal_quote` (in Nightly builds, run with -Z macro-backtrace for more info)

error: cannot find macro `panic` in this scope
   --> /Users/danluu/dev/rust-interp-semantic-reuse-20260913/results/proc-macro-arena-crate-05/source/src/quote.rs:441:9
    |
441 |         panic!("unexpected trailing `$` in `quote!`");
    |         ^^^^^

error: cannot find macro `stringify` in this scope
   --> /Users/danluu/dev/rust-interp-semantic-reuse-20260913/results/proc-macro-arena-crate-05/source/src/quote.rs:202:32
    |
202 |       ($i:ident) => { Ident::new(stringify!($i), Span::def_site()) };
    |                                  ^^^^^^^^^
...
444 | /     minimal_quote! {
445 | |         {
446 | |             let mut ts = crate::TokenStream::new();
447 | |             (@ tokens)
...   |
450 | |     }
    | |_____- in this macro invocation
    |
    = note: this error originates in the macro `minimal_quote_tt` which comes from the expansion of the macro `minimal_quote` (in Nightly builds, run with -Z macro-backtrace for more info)

error: cannot find macro `stringify` in this scope
   --> /Users/danluu/dev/rust-interp-semantic-reuse-20260913/results/proc-macro-arena-crate-05/source/src/quote.rs:202:32
    |
202 |       ($i:ident) => { Ident::new(stringify!($i), Span::def_site()) };
    |                                  ^^^^^^^^^
...
444 | /     minimal_quote! {
445 | |         {
446 | |             let mut ts = crate::TokenStream::new();
447 | |             (@ tokens)
...   |
450 | |     }
    | |_____- in this macro invocation
    |
    = note: this error originates in the macro `minimal_quote_tt` which comes from the expansion of the macro `minimal_quote` (in Nightly builds, run with -Z macro-backtrace for more info)

error: cannot find macro `stringify` in this scope
   --> /Users/danluu/dev/rust-interp-semantic-reuse-20260913/results/proc-macro-arena-crate-05/source/src/quote.rs:202:32
    |
202 |       ($i:ident) => { Ident::new(stringify!($i), Span::def_site()) };
    |                                  ^^^^^^^^^
...
444 | /     minimal_quote! {
445 | |         {
446 | |             let mut ts = crate::TokenStream::new();
447 | |             (@ tokens)
...   |
450 | |     }
    | |_____- in this macro invocation
    |
    = note: this error originates in the macro `minimal_quote_tt` which comes from the expansion of the macro `minimal_quote` (in Nightly builds, run with -Z macro-backtrace for more info)

error: cannot find macro `stringify` in this scope
   --> /Users/danluu/dev/rust-interp-semantic-reuse-20260913/results/proc-macro-arena-crate-05/source/src/quote.rs:202:32
    |
202 |       ($i:ident) => { Ident::new(stringify!($i), Span::def_site()) };
    |                                  ^^^^^^^^^
...
444 | /     minimal_quote! {
445 | |         {
446 | |             let mut ts = crate::TokenStream::new();
447 | |             (@ tokens)
...   |
450 | |     }
    | |_____- in this macro invocation
    |
    = note: this error originates in the macro `minimal_quote_tt` which comes from the expansion of the macro `minimal_quote` (in Nightly builds, run with -Z macro-backtrace for more info)

error: cannot find macro `stringify` in this scope
   --> /Users/danluu/dev/rust-interp-semantic-reuse-20260913/results/proc-macro-arena-crate-05/source/src/quote.rs:202:32
    |
202 |       ($i:ident) => { Ident::new(stringify!($i), Span::def_site()) };
    |                                  ^^^^^^^^^
...
444 | /     minimal_quote! {
445 | |         {
446 | |             let mut ts = crate::TokenStream::new();
447 | |             (@ tokens)
...   |
450 | |     }
    | |_____- in this macro invocation
    |
    = note: this error originates in the macro `minimal_quote_tt` which comes from the expansion of the macro `minimal_quote` (in Nightly builds, run with -Z macro-backtrace for more info)

error: cannot find macro `stringify` in this scope
   --> /Users/danluu/dev/rust-interp-semantic-reuse-20260913/results/proc-macro-arena-crate-05/source/src/quote.rs:202:32
    |
202 |       ($i:ident) => { Ident::new(stringify!($i), Span::def_site()) };
    |                                  ^^^^^^^^^
...
444 | /     minimal_quote! {
445 | |         {
446 | |             let mut ts = crate::TokenStream::new();
447 | |             (@ tokens)
...   |
450 | |     }
    | |_____- in this macro invocation
    |
    = note: this error originates in the macro `minimal_quote_tt` which comes from the expansion of the macro `minimal_quote` (in Nightly builds, run with -Z macro-backtrace for more info)

error: cannot find macro `stringify` in this scope
   --> /Users/danluu/dev/rust-interp-semantic-reuse-20260913/results/proc-macro-arena-crate-05/source/src/quote.rs:202:32
    |
202 |       ($i:ident) => { Ident::new(stringify!($i), Span::def_site()) };
    |                                  ^^^^^^^^^
...
444 | /     minimal_quote! {
445 | |         {
446 | |             let mut ts = crate::TokenStream::new();
447 | |             (@ tokens)
...   |
450 | |     }
    | |_____- in this macro invocation
    |
    = note: this error originates in the macro `minimal_quote_tt` which comes from the expansion of the macro `minimal_quote` (in Nightly builds, run with -Z macro-backtrace for more info)

error: cannot find macro `stringify` in this scope
   --> /Users/danluu/dev/rust-interp-semantic-reuse-20260913/results/proc-macro-arena-crate-05/source/src/quote.rs:202:32
    |
202 |     ($i:ident) => { Ident::new(stringify!($i), Span::def_site()) };
    |                                ^^^^^^^^^
...
485 |     minimal_quote!((@ proc_macro_crate ) ::Span::recover_proc_macro_span((@ TokenTree::from(Literal::usize_unsuffixed(id)))))
    |     ------------------------------------------------------------------------------------------------------------------------- in this macro invocation
    |
    = note: this error originates in the macro `minimal_quote_tt` which comes from the expansion of the macro `minimal_quote` (in Nightly builds, run with -Z macro-backtrace for more info)

error: cannot find macro `stringify` in this scope
   --> /Users/danluu/dev/rust-interp-semantic-reuse-20260913/results/proc-macro-arena-crate-05/source/src/quote.rs:202:32
    |
202 |     ($i:ident) => { Ident::new(stringify!($i), Span::def_site()) };
    |                                ^^^^^^^^^
...
485 |     minimal_quote!((@ proc_macro_crate ) ::Span::recover_proc_macro_span((@ TokenTree::from(Literal::usize_unsuffixed(id)))))
    |     ------------------------------------------------------------------------------------------------------------------------- in this macro invocation
    |
    = note: this error originates in the macro `minimal_quote_tt` which comes from the expansion of the macro `minimal_quote` (in Nightly builds, run with -Z macro-backtrace for more info)

error: cannot find attribute `derive` in this scope
   --> /Users/danluu/dev/rust-interp-semantic-reuse-20260913/results/proc-macro-arena-crate-05/source/src/lib.rs:601:3
    |
601 | #[derive(Copy, Clone)]
    |   ^^^^^^

error: cannot find attribute `derive` in this scope
   --> /Users/danluu/dev/rust-interp-semantic-reuse-20260913/results/proc-macro-arena-crate-05/source/src/lib.rs:783:3
    |
783 | #[derive(Clone)]
    |   ^^^^^^

error: cannot find macro `write` in this scope
   --> /Users/danluu/dev/rust-interp-semantic-reuse-20260913/results/proc-macro-arena-crate-05/source/src/lib.rs:891:36
    |
891 |             TokenTree::Group(t) => write!(f, "{t}"),
    |                                    ^^^^^

error: cannot find macro `write` in this scope
   --> /Users/danluu/dev/rust-interp-semantic-reuse-20260913/results/proc-macro-arena-crate-05/source/src/lib.rs:892:36
    |
892 |             TokenTree::Ident(t) => write!(f, "{t}"),
    |                                    ^^^^^

error: cannot find macro `write` in this scope
   --> /Users/danluu/dev/rust-interp-semantic-reuse-20260913/results/proc-macro-arena-crate-05/source/src/lib.rs:893:36
    |
893 |             TokenTree::Punct(t) => write!(f, "{t}"),
    |                                    ^^^^^

error: cannot find macro `write` in this scope
   --> /Users/danluu/dev/rust-interp-semantic-reuse-20260913/results/proc-macro-arena-crate-05/source/src/lib.rs:894:38
    |
894 |             TokenTree::Literal(t) => write!(f, "{t}"),
    |                                      ^^^^^

error: cannot find attribute `derive` in this scope
   --> /Users/danluu/dev/rust-interp-semantic-reuse-20260913/results/proc-macro-arena-crate-05/source/src/lib.rs:902:3
    |
902 | #[derive(Clone)]
    |   ^^^^^^

error: cannot find attribute `derive` in this scope
   --> /Users/danluu/dev/rust-interp-semantic-reuse-20260913/results/proc-macro-arena-crate-05/source/src/lib.rs:912:3
    |
912 | #[derive(Copy, Clone, Debug, PartialEq, Eq)]
    |   ^^^^^^

error: cannot find macro `write` in this scope
    --> /Users/danluu/dev/rust-interp-semantic-reuse-20260913/results/proc-macro-arena-crate-05/source/src/lib.rs:1027:9
     |
1027 |         write!(f, "{}", TokenStream::from(TokenTree::from(self.clone())))
     |         ^^^^^

error: cannot find attribute `derive` in this scope
    --> /Users/danluu/dev/rust-interp-semantic-reuse-20260913/results/proc-macro-arena-crate-05/source/src/lib.rs:1047:3
     |
1047 | #[derive(Clone)]
     |   ^^^^^^

error: cannot find attribute `derive` in this scope
    --> /Users/danluu/dev/rust-interp-semantic-reuse-20260913/results/proc-macro-arena-crate-05/source/src/lib.rs:1057:3
     |
1057 | #[derive(Copy, Clone, Debug, PartialEq, Eq)]
     |   ^^^^^^

error: cannot find macro `panic` in this scope
    --> /Users/danluu/dev/rust-interp-semantic-reuse-20260913/results/proc-macro-arena-crate-05/source/src/lib.rs:1097:13
     |
1097 |             panic!("unsupported character `{:?}`", ch);
     |             ^^^^^

error: cannot find macro `write` in this scope
    --> /Users/danluu/dev/rust-interp-semantic-reuse-20260913/results/proc-macro-arena-crate-05/source/src/lib.rs:1138:9
     |
1138 |         write!(f, "{}", self.as_char())
     |         ^^^^^

error: cannot find attribute `derive` in this scope
    --> /Users/danluu/dev/rust-interp-semantic-reuse-20260913/results/proc-macro-arena-crate-05/source/src/lib.rs:1168:3
     |
1168 | #[derive(Clone)]
     |   ^^^^^^

error: cannot find attribute `derive` in this scope
    --> /Users/danluu/dev/rust-interp-semantic-reuse-20260913/results/proc-macro-arena-crate-05/source/src/lib.rs:1258:3
     |
1258 | #[derive(Clone)]
     |   ^^^^^^

error: cannot find macro `stringify` in this scope
    --> /Users/danluu/dev/rust-interp-semantic-reuse-20260913/results/proc-macro-arena-crate-05/source/src/lib.rs:1280:58
     |
1280 |                   suffix: Some(bridge::client::Symbol::new(stringify!($kind))),
     |                                                            ^^^^^^^^^
...
1381 | /     suffixed_int_literals! {
1382 | |         u8_suffixed => u8,
1383 | |         u16_suffixed => u16,
1384 | |         u32_suffixed => u32,
...    |
1393 | |         isize_suffixed => isize,
1394 | |     }
     | |_____- in this macro invocation
     |
     = note: this error originates in the macro `suffixed_int_literals` (in Nightly builds, run with -Z macro-backtrace for more info)

error: cannot find macro `stringify` in this scope
    --> /Users/danluu/dev/rust-interp-semantic-reuse-20260913/results/proc-macro-arena-crate-05/source/src/lib.rs:1280:58
     |
1280 |                   suffix: Some(bridge::client::Symbol::new(stringify!($kind))),
     |                                                            ^^^^^^^^^
...
1381 | /     suffixed_int_literals! {
1382 | |         u8_suffixed => u8,
1383 | |         u16_suffixed => u16,
1384 | |         u32_suffixed => u32,
...    |
1393 | |         isize_suffixed => isize,
1394 | |     }
     | |_____- in this macro invocation
     |
     = note: duplicate diagnostic emitted due to `-Z deduplicate-diagnostics=no`
     = note: this error originates in the macro `suffixed_int_literals` (in Nightly builds, run with -Z macro-backtrace for more info)

error: cannot find macro `stringify` in this scope
    --> /Users/danluu/dev/rust-interp-semantic-reuse-20260913/results/proc-macro-arena-crate-05/source/src/lib.rs:1280:58
     |
1280 |                   suffix: Some(bridge::client::Symbol::new(stringify!($kind))),
     |                                                            ^^^^^^^^^
...
1381 | /     suffixed_int_literals! {
1382 | |         u8_suffixed => u8,
1383 | |         u16_suffixed => u16,
1384 | |         u32_suffixed => u32,
...    |
1393 | |         isize_suffixed => isize,
1394 | |     }
     | |_____- in this macro invocation
     |
     = note: duplicate diagnostic emitted due to `-Z deduplicate-diagnostics=no`
     = note: this error originates in the macro `suffixed_int_literals` (in Nightly builds, run with -Z macro-backtrace for more info)

error: cannot find macro `stringify` in this scope
    --> /Users/danluu/dev/rust-interp-semantic-reuse-20260913/results/proc-macro-arena-crate-05/source/src/lib.rs:1280:58
     |
1280 |                   suffix: Some(bridge::client::Symbol::new(stringify!($kind))),
     |                                                            ^^^^^^^^^
...
1381 | /     suffixed_int_literals! {
1382 | |         u8_suffixed => u8,
1383 | |         u16_suffixed => u16,
1384 | |         u32_suffixed => u32,
...    |
1393 | |         isize_suffixed => isize,
1394 | |     }
     | |_____- in this macro invocation
     |
     = note: duplicate diagnostic emitted due to `-Z deduplicate-diagnostics=no`
     = note: this error originates in the macro `suffixed_int_literals` (in Nightly builds, run with -Z macro-backtrace for more info)

error: cannot find macro `stringify` in this scope
    --> /Users/danluu/dev/rust-interp-semantic-reuse-20260913/results/proc-macro-arena-crate-05/source/src/lib.rs:1280:58
     |
1280 |                   suffix: Some(bridge::client::Symbol::new(stringify!($kind))),
     |                                                            ^^^^^^^^^
...
1381 | /     suffixed_int_literals! {
1382 | |         u8_suffixed => u8,
1383 | |         u16_suffixed => u16,
1384 | |         u32_suffixed => u32,
...    |
1393 | |         isize_suffixed => isize,
1394 | |     }
     | |_____- in this macro invocation
     |
     = note: duplicate diagnostic emitted due to `-Z deduplicate-diagnostics=no`
     = note: this error originates in the macro `suffixed_int_literals` (in Nightly builds, run with -Z macro-backtrace for more info)

error: cannot find macro `stringify` in this scope
    --> /Users/danluu/dev/rust-interp-semantic-reuse-20260913/results/proc-macro-arena-crate-05/source/src/lib.rs:1280:58
     |
1280 |                   suffix: Some(bridge::client::Symbol::new(stringify!($kind))),
     |                                                            ^^^^^^^^^
...
1381 | /     suffixed_int_literals! {
1382 | |         u8_suffixed => u8,
1383 | |         u16_suffixed => u16,
1384 | |         u32_suffixed => u32,
...    |
1393 | |         isize_suffixed => isize,
1394 | |     }
     | |_____- in this macro invocation
     |
     = note: duplicate diagnostic emitted due to `-Z deduplicate-diagnostics=no`
     = note: this error originates in the macro `suffixed_int_literals` (in Nightly builds, run with -Z macro-backtrace for more info)

error: cannot find macro `stringify` in this scope
    --> /Users/danluu/dev/rust-interp-semantic-reuse-20260913/results/proc-macro-arena-crate-05/source/src/lib.rs:1280:58
     |
1280 |                   suffix: Some(bridge::client::Symbol::new(stringify!($kind))),
     |                                                            ^^^^^^^^^
...
1381 | /     suffixed_int_literals! {
1382 | |         u8_suffixed => u8,
1383 | |         u16_suffixed => u16,
1384 | |         u32_suffixed => u32,
...    |
1393 | |         isize_suffixed => isize,
1394 | |     }
     | |_____- in this macro invocation
     |
     = note: duplicate diagnostic emitted due to `-Z deduplicate-diagnostics=no`
     = note: this error originates in the macro `suffixed_int_literals` (in Nightly builds, run with -Z macro-backtrace for more info)

error: cannot find macro `stringify` in this scope
    --> /Users/danluu/dev/rust-interp-semantic-reuse-20260913/results/proc-macro-arena-crate-05/source/src/lib.rs:1280:58
     |
1280 |                   suffix: Some(bridge::client::Symbol::new(stringify!($kind))),
     |                                                            ^^^^^^^^^
...
1381 | /     suffixed_int_literals! {
1382 | |         u8_suffixed => u8,
1383 | |         u16_suffixed => u16,
1384 | |         u32_suffixed => u32,
...    |
1393 | |         isize_suffixed => isize,
1394 | |     }
     | |_____- in this macro invocation
     |
     = note: duplicate diagnostic emitted due to `-Z deduplicate-diagnostics=no`
     = note: this error originates in the macro `suffixed_int_literals` (in Nightly builds, run with -Z macro-backtrace for more info)

error: cannot find macro `stringify` in this scope
    --> /Users/danluu/dev/rust-interp-semantic-reuse-20260913/results/proc-macro-arena-crate-05/source/src/lib.rs:1280:58
     |
1280 |                   suffix: Some(bridge::client::Symbol::new(stringify!($kind))),
     |                                                            ^^^^^^^^^
...
1381 | /     suffixed_int_literals! {
1382 | |         u8_suffixed => u8,
1383 | |         u16_suffixed => u16,
1384 | |         u32_suffixed => u32,
...    |
1393 | |         isize_suffixed => isize,
1394 | |     }
     | |_____- in this macro invocation
     |
     = note: duplicate diagnostic emitted due to `-Z deduplicate-diagnostics=no`
     = note: this error originates in the macro `suffixed_int_literals` (in Nightly builds, run with -Z macro-backtrace for more info)

error: cannot find macro `stringify` in this scope
    --> /Users/danluu/dev/rust-interp-semantic-reuse-20260913/results/proc-macro-arena-crate-05/source/src/lib.rs:1280:58
     |
1280 |                   suffix: Some(bridge::client::Symbol::new(stringify!($kind))),
     |                                                            ^^^^^^^^^
...
1381 | /     suffixed_int_literals! {
1382 | |         u8_suffixed => u8,
1383 | |         u16_suffixed => u16,
1384 | |         u32_suffixed => u32,
...    |
1393 | |         isize_suffixed => isize,
1394 | |     }
     | |_____- in this macro invocation
     |
     = note: duplicate diagnostic emitted due to `-Z deduplicate-diagnostics=no`
     = note: this error originates in the macro `suffixed_int_literals` (in Nightly builds, run with -Z macro-backtrace for more info)

error: cannot find macro `stringify` in this scope
    --> /Users/danluu/dev/rust-interp-semantic-reuse-20260913/results/proc-macro-arena-crate-05/source/src/lib.rs:1280:58
     |
1280 |                   suffix: Some(bridge::client::Symbol::new(stringify!($kind))),
     |                                                            ^^^^^^^^^
...
1381 | /     suffixed_int_literals! {
1382 | |         u8_suffixed => u8,
1383 | |         u16_suffixed => u16,
1384 | |         u32_suffixed => u32,
...    |
1393 | |         isize_suffixed => isize,
1394 | |     }
     | |_____- in this macro invocation
     |
     = note: duplicate diagnostic emitted due to `-Z deduplicate-diagnostics=no`
     = note: this error originates in the macro `suffixed_int_literals` (in Nightly builds, run with -Z macro-backtrace for more info)

error: cannot find macro `stringify` in this scope
    --> /Users/danluu/dev/rust-interp-semantic-reuse-20260913/results/proc-macro-arena-crate-05/source/src/lib.rs:1280:58
     |
1280 |                   suffix: Some(bridge::client::Symbol::new(stringify!($kind))),
     |                                                            ^^^^^^^^^
...
1381 | /     suffixed_int_literals! {
1382 | |         u8_suffixed => u8,
1383 | |         u16_suffixed => u16,
1384 | |         u32_suffixed => u32,
...    |
1393 | |         isize_suffixed => isize,
1394 | |     }
     | |_____- in this macro invocation
     |
     = note: duplicate diagnostic emitted due to `-Z deduplicate-diagnostics=no`
     = note: this error originates in the macro `suffixed_int_literals` (in Nightly builds, run with -Z macro-backtrace for more info)

error: cannot find macro `panic` in this scope
    --> /Users/danluu/dev/rust-interp-semantic-reuse-20260913/results/proc-macro-arena-crate-05/source/src/lib.rs:1426:13
     |
1426 |             panic!("Invalid float literal {n}");
     |             ^^^^^

error: cannot find macro `panic` in this scope
    --> /Users/danluu/dev/rust-interp-semantic-reuse-20260913/results/proc-macro-arena-crate-05/source/src/lib.rs:1451:13
     |
1451 |             panic!("Invalid float literal {n}");
     |             ^^^^^

error: cannot find macro `panic` in this scope
    --> /Users/danluu/dev/rust-interp-semantic-reuse-20260913/results/proc-macro-arena-crate-05/source/src/lib.rs:1471:13
     |
1471 |             panic!("Invalid float literal {n}");
     |             ^^^^^

error: cannot find macro `panic` in this scope
    --> /Users/danluu/dev/rust-interp-semantic-reuse-20260913/results/proc-macro-arena-crate-05/source/src/lib.rs:1496:13
     |
1496 |             panic!("Invalid float literal {n}");
     |             ^^^^^

error: cannot find macro `assert` in this scope
    --> /Users/danluu/dev/rust-interp-semantic-reuse-20260913/results/proc-macro-arena-crate-05/source/src/lib.rs:1616:27
     |
1616 |             const _: () = assert!(HASHES.len() == 256);
     |                           ^^^^^^

error: cannot find macro `concat` in this scope
    --> /Users/danluu/dev/rust-interp-semantic-reuse-20260913/results/proc-macro-arena-crate-05/source/src/lib.rs:1317:21
     |
1317 |               #[doc = concat!(
     |                       ^^^^^^
...
1765 | /     integer_values! {
1766 | |         u8 => u8_value,
1767 | |         u16 => u16_value,
1768 | |         u32 => u32_value,
...    |
1775 | |         i128 => i128_value,
1776 | |     }
     | |_____- in this macro invocation
     |
     = note: this error originates in the macro `integer_values` (in Nightly builds, run with -Z macro-backtrace for more info)

error: cannot find macro `stringify` in this scope
    --> /Users/danluu/dev/rust-interp-semantic-reuse-20260913/results/proc-macro-arena-crate-05/source/src/lib.rs:1330:25
     |
1330 |                           stringify!($nb) | "" => {
     |                           ^^^^^^^^^
...
1765 | /     integer_values! {
1766 | |         u8 => u8_value,
1767 | |         u16 => u16_value,
1768 | |         u32 => u32_value,
...    |
1775 | |         i128 => i128_value,
1776 | |     }
     | |_____- in this macro invocation
     |
     = note: this error originates in the macro `integer_values` (in Nightly builds, run with -Z macro-backtrace for more info)

error: cannot find macro `concat` in this scope
    --> /Users/danluu/dev/rust-interp-semantic-reuse-20260913/results/proc-macro-arena-crate-05/source/src/lib.rs:1317:21
     |
1317 |               #[doc = concat!(
     |                       ^^^^^^
...
1765 | /     integer_values! {
1766 | |         u8 => u8_value,
1767 | |         u16 => u16_value,
1768 | |         u32 => u32_value,
...    |
1775 | |         i128 => i128_value,
1776 | |     }
     | |_____- in this macro invocation
     |
     = note: duplicate diagnostic emitted due to `-Z deduplicate-diagnostics=no`
     = note: this error originates in the macro `integer_values` (in Nightly builds, run with -Z macro-backtrace for more info)

error: cannot find macro `stringify` in this scope
    --> /Users/danluu/dev/rust-interp-semantic-reuse-20260913/results/proc-macro-arena-crate-05/source/src/lib.rs:1330:25
     |
1330 |                           stringify!($nb) | "" => {
     |                           ^^^^^^^^^
...
1765 | /     integer_values! {
1766 | |         u8 => u8_value,
1767 | |         u16 => u16_value,
1768 | |         u32 => u32_value,
...    |
1775 | |         i128 => i128_value,
1776 | |     }
     | |_____- in this macro invocation
     |
     = note: duplicate diagnostic emitted due to `-Z deduplicate-diagnostics=no`
     = note: this error originates in the macro `integer_values` (in Nightly builds, run with -Z macro-backtrace for more info)

error: cannot find macro `concat` in this scope
    --> /Users/danluu/dev/rust-interp-semantic-reuse-20260913/results/proc-macro-arena-crate-05/source/src/lib.rs:1317:21
     |
1317 |               #[doc = concat!(
     |                       ^^^^^^
...
1765 | /     integer_values! {
1766 | |         u8 => u8_value,
1767 | |         u16 => u16_value,
1768 | |         u32 => u32_value,
...    |
1775 | |         i128 => i128_value,
1776 | |     }
     | |_____- in this macro invocation
     |
     = note: duplicate diagnostic emitted due to `-Z deduplicate-diagnostics=no`
     = note: this error originates in the macro `integer_values` (in Nightly builds, run with -Z macro-backtrace for more info)

error: cannot find macro `stringify` in this scope
    --> /Users/danluu/dev/rust-interp-semantic-reuse-20260913/results/proc-macro-arena-crate-05/source/src/lib.rs:1330:25
     |
1330 |                           stringify!($nb) | "" => {
     |                           ^^^^^^^^^
...
1765 | /     integer_values! {
1766 | |         u8 => u8_value,
1767 | |         u16 => u16_value,
1768 | |         u32 => u32_value,
...    |
1775 | |         i128 => i128_value,
1776 | |     }
     | |_____- in this macro invocation
     |
     = note: duplicate diagnostic emitted due to `-Z deduplicate-diagnostics=no`
     = note: this error originates in the macro `integer_values` (in Nightly builds, run with -Z macro-backtrace for more info)

error: cannot find macro `concat` in this scope
    --> /Users/danluu/dev/rust-interp-semantic-reuse-20260913/results/proc-macro-arena-crate-05/source/src/lib.rs:1317:21
     |
1317 |               #[doc = concat!(
     |                       ^^^^^^
...
1765 | /     integer_values! {
1766 | |         u8 => u8_value,
1767 | |         u16 => u16_value,
1768 | |         u32 => u32_value,
...    |
1775 | |         i128 => i128_value,
1776 | |     }
     | |_____- in this macro invocation
     |
     = note: duplicate diagnostic emitted due to `-Z deduplicate-diagnostics=no`
     = note: this error originates in the macro `integer_values` (in Nightly builds, run with -Z macro-backtrace for more info)

error: cannot find macro `stringify` in this scope
    --> /Users/danluu/dev/rust-interp-semantic-reuse-20260913/results/proc-macro-arena-crate-05/source/src/lib.rs:1330:25
     |
1330 |                           stringify!($nb) | "" => {
     |                           ^^^^^^^^^
...
1765 | /     integer_values! {
1766 | |         u8 => u8_value,
1767 | |         u16 => u16_value,
1768 | |         u32 => u32_value,
...    |
1775 | |         i128 => i128_value,
1776 | |     }
     | |_____- in this macro invocation
     |
     = note: duplicate diagnostic emitted due to `-Z deduplicate-diagnostics=no`
     = note: this error originates in the macro `integer_values` (in Nightly builds, run with -Z macro-backtrace for more info)

error: cannot find macro `concat` in this scope
    --> /Users/danluu/dev/rust-interp-semantic-reuse-20260913/results/proc-macro-arena-crate-05/source/src/lib.rs:1317:21
     |
1317 |               #[doc = concat!(
     |                       ^^^^^^
...
1765 | /     integer_values! {
1766 | |         u8 => u8_value,
1767 | |         u16 => u16_value,
1768 | |         u32 => u32_value,
...    |
1775 | |         i128 => i128_value,
1776 | |     }
     | |_____- in this macro invocation
     |
     = note: duplicate diagnostic emitted due to `-Z deduplicate-diagnostics=no`
     = note: this error originates in the macro `integer_values` (in Nightly builds, run with -Z macro-backtrace for more info)

error: cannot find macro `stringify` in this scope
    --> /Users/danluu/dev/rust-interp-semantic-reuse-20260913/results/proc-macro-arena-crate-05/source/src/lib.rs:1330:25
     |
1330 |                           stringify!($nb) | "" => {
     |                           ^^^^^^^^^
...
1765 | /     integer_values! {
1766 | |         u8 => u8_value,
1767 | |         u16 => u16_value,
1768 | |         u32 => u32_value,
...    |
1775 | |         i128 => i128_value,
1776 | |     }
     | |_____- in this macro invocation
     |
     = note: duplicate diagnostic emitted due to `-Z deduplicate-diagnostics=no`
     = note: this error originates in the macro `integer_values` (in Nightly builds, run with -Z macro-backtrace for more info)

error: cannot find macro `concat` in this scope
    --> /Users/danluu/dev/rust-interp-semantic-reuse-20260913/results/proc-macro-arena-crate-05/source/src/lib.rs:1317:21
     |
1317 |               #[doc = concat!(
     |                       ^^^^^^
...
1765 | /     integer_values! {
1766 | |         u8 => u8_value,
1767 | |         u16 => u16_value,
1768 | |         u32 => u32_value,
...    |
1775 | |         i128 => i128_value,
1776 | |     }
     | |_____- in this macro invocation
     |
     = note: duplicate diagnostic emitted due to `-Z deduplicate-diagnostics=no`
     = note: this error originates in the macro `integer_values` (in Nightly builds, run with -Z macro-backtrace for more info)

error: cannot find macro `stringify` in this scope
    --> /Users/danluu/dev/rust-interp-semantic-reuse-20260913/results/proc-macro-arena-crate-05/source/src/lib.rs:1330:25
     |
1330 |                           stringify!($nb) | "" => {
     |                           ^^^^^^^^^
...
1765 | /     integer_values! {
1766 | |         u8 => u8_value,
1767 | |         u16 => u16_value,
1768 | |         u32 => u32_value,
...    |
1775 | |         i128 => i128_value,
1776 | |     }
     | |_____- in this macro invocation
     |
     = note: duplicate diagnostic emitted due to `-Z deduplicate-diagnostics=no`
     = note: this error originates in the macro `integer_values` (in Nightly builds, run with -Z macro-backtrace for more info)

error: cannot find macro `concat` in this scope
    --> /Users/danluu/dev/rust-interp-semantic-reuse-20260913/results/proc-macro-arena-crate-05/source/src/lib.rs:1317:21
     |
1317 |               #[doc = concat!(
     |                       ^^^^^^
...
1765 | /     integer_values! {
1766 | |         u8 => u8_value,
1767 | |         u16 => u16_value,
1768 | |         u32 => u32_value,
...    |
1775 | |         i128 => i128_value,
1776 | |     }
     | |_____- in this macro invocation
     |
     = note: duplicate diagnostic emitted due to `-Z deduplicate-diagnostics=no`
     = note: this error originates in the macro `integer_values` (in Nightly builds, run with -Z macro-backtrace for more info)

error: cannot find macro `stringify` in this scope
    --> /Users/danluu/dev/rust-interp-semantic-reuse-20260913/results/proc-macro-arena-crate-05/source/src/lib.rs:1330:25
     |
1330 |                           stringify!($nb) | "" => {
     |                           ^^^^^^^^^
...
1765 | /     integer_values! {
1766 | |         u8 => u8_value,
1767 | |         u16 => u16_value,
1768 | |         u32 => u32_value,
...    |
1775 | |         i128 => i128_value,
1776 | |     }
     | |_____- in this macro invocation
     |
     = note: duplicate diagnostic emitted due to `-Z deduplicate-diagnostics=no`
     = note: this error originates in the macro `integer_values` (in Nightly builds, run with -Z macro-backtrace for more info)

error: cannot find macro `concat` in this scope
    --> /Users/danluu/dev/rust-interp-semantic-reuse-20260913/results/proc-macro-arena-crate-05/source/src/lib.rs:1317:21
     |
1317 |               #[doc = concat!(
     |                       ^^^^^^
...
1765 | /     integer_values! {
1766 | |         u8 => u8_value,
1767 | |         u16 => u16_value,
1768 | |         u32 => u32_value,
...    |
1775 | |         i128 => i128_value,
1776 | |     }
     | |_____- in this macro invocation
     |
     = note: duplicate diagnostic emitted due to `-Z deduplicate-diagnostics=no`
     = note: this error originates in the macro `integer_values` (in Nightly builds, run with -Z macro-backtrace for more info)

error: cannot find macro `stringify` in this scope
    --> /Users/danluu/dev/rust-interp-semantic-reuse-20260913/results/proc-macro-arena-crate-05/source/src/lib.rs:1330:25
     |
1330 |                           stringify!($nb) | "" => {
     |                           ^^^^^^^^^
...
1765 | /     integer_values! {
1766 | |         u8 => u8_value,
1767 | |         u16 => u16_value,
1768 | |         u32 => u32_value,
...    |
1775 | |         i128 => i128_value,
1776 | |     }
     | |_____- in this macro invocation
     |
     = note: duplicate diagnostic emitted due to `-Z deduplicate-diagnostics=no`
     = note: this error originates in the macro `integer_values` (in Nightly builds, run with -Z macro-backtrace for more info)

error: cannot find macro `concat` in this scope
    --> /Users/danluu/dev/rust-interp-semantic-reuse-20260913/results/proc-macro-arena-crate-05/source/src/lib.rs:1317:21
     |
1317 |               #[doc = concat!(
     |                       ^^^^^^
...
1765 | /     integer_values! {
1766 | |         u8 => u8_value,
1767 | |         u16 => u16_value,
1768 | |         u32 => u32_value,
...    |
1775 | |         i128 => i128_value,
1776 | |     }
     | |_____- in this macro invocation
     |
     = note: duplicate diagnostic emitted due to `-Z deduplicate-diagnostics=no`
     = note: this error originates in the macro `integer_values` (in Nightly builds, run with -Z macro-backtrace for more info)

error: cannot find macro `stringify` in this scope
    --> /Users/danluu/dev/rust-interp-semantic-reuse-20260913/results/proc-macro-arena-crate-05/source/src/lib.rs:1330:25
     |
1330 |                           stringify!($nb) | "" => {
     |                           ^^^^^^^^^
...
1765 | /     integer_values! {
1766 | |         u8 => u8_value,
1767 | |         u16 => u16_value,
1768 | |         u32 => u32_value,
...    |
1775 | |         i128 => i128_value,
1776 | |     }
     | |_____- in this macro invocation
     |
     = note: duplicate diagnostic emitted due to `-Z deduplicate-diagnostics=no`
     = note: this error originates in the macro `integer_values` (in Nightly builds, run with -Z macro-backtrace for more info)

error: cannot find macro `concat` in this scope
    --> /Users/danluu/dev/rust-interp-semantic-reuse-20260913/results/proc-macro-arena-crate-05/source/src/lib.rs:1317:21
     |
1317 |               #[doc = concat!(
     |                       ^^^^^^
...
1765 | /     integer_values! {
1766 | |         u8 => u8_value,
1767 | |         u16 => u16_value,
1768 | |         u32 => u32_value,
...    |
1775 | |         i128 => i128_value,
1776 | |     }
     | |_____- in this macro invocation
     |
     = note: duplicate diagnostic emitted due to `-Z deduplicate-diagnostics=no`
     = note: this error originates in the macro `integer_values` (in Nightly builds, run with -Z macro-backtrace for more info)

error: cannot find macro `stringify` in this scope
    --> /Users/danluu/dev/rust-interp-semantic-reuse-20260913/results/proc-macro-arena-crate-05/source/src/lib.rs:1330:25
     |
1330 |                           stringify!($nb) | "" => {
     |                           ^^^^^^^^^
...
1765 | /     integer_values! {
1766 | |         u8 => u8_value,
1767 | |         u16 => u16_value,
1768 | |         u32 => u32_value,
...    |
1775 | |         i128 => i128_value,
1776 | |     }
     | |_____- in this macro invocation
     |
     = note: duplicate diagnostic emitted due to `-Z deduplicate-diagnostics=no`
     = note: this error originates in the macro `integer_values` (in Nightly builds, run with -Z macro-backtrace for more info)

error: cannot find macro `concat` in this scope
    --> /Users/danluu/dev/rust-interp-semantic-reuse-20260913/results/proc-macro-arena-crate-05/source/src/lib.rs:1346:21
     |
1346 |               #[doc = concat!(
     |                       ^^^^^^
...
1778 | /     float_values! {
1779 | |         f16 => f16_value,
1780 | |         f32 => f32_value,
1781 | |         f64 => f64_value,
...    |
1785 | |     }
     | |_____- in this macro invocation
     |
     = note: this error originates in the macro `float_values` (in Nightly builds, run with -Z macro-backtrace for more info)

error: cannot find macro `stringify` in this scope
    --> /Users/danluu/dev/rust-interp-semantic-reuse-20260913/results/proc-macro-arena-crate-05/source/src/lib.rs:1359:25
     |
1359 |                           stringify!($nb) | "" => {
     |                           ^^^^^^^^^
...
1778 | /     float_values! {
1779 | |         f16 => f16_value,
1780 | |         f32 => f32_value,
1781 | |         f64 => f64_value,
...    |
1785 | |     }
     | |_____- in this macro invocation
     |
     = note: this error originates in the macro `float_values` (in Nightly builds, run with -Z macro-backtrace for more info)

error: cannot find macro `concat` in this scope
    --> /Users/danluu/dev/rust-interp-semantic-reuse-20260913/results/proc-macro-arena-crate-05/source/src/lib.rs:1346:21
     |
1346 |               #[doc = concat!(
     |                       ^^^^^^
...
1778 | /     float_values! {
1779 | |         f16 => f16_value,
1780 | |         f32 => f32_value,
1781 | |         f64 => f64_value,
...    |
1785 | |     }
     | |_____- in this macro invocation
     |
     = note: duplicate diagnostic emitted due to `-Z deduplicate-diagnostics=no`
     = note: this error originates in the macro `float_values` (in Nightly builds, run with -Z macro-backtrace for more info)

error: cannot find macro `stringify` in this scope
    --> /Users/danluu/dev/rust-interp-semantic-reuse-20260913/results/proc-macro-arena-crate-05/source/src/lib.rs:1359:25
     |
1359 |                           stringify!($nb) | "" => {
     |                           ^^^^^^^^^
...
1778 | /     float_values! {
1779 | |         f16 => f16_value,
1780 | |         f32 => f32_value,
1781 | |         f64 => f64_value,
...    |
1785 | |     }
     | |_____- in this macro invocation
     |
     = note: duplicate diagnostic emitted due to `-Z deduplicate-diagnostics=no`
     = note: this error originates in the macro `float_values` (in Nightly builds, run with -Z macro-backtrace for more info)

error: cannot find macro `concat` in this scope
    --> /Users/danluu/dev/rust-interp-semantic-reuse-20260913/results/proc-macro-arena-crate-05/source/src/lib.rs:1346:21
     |
1346 |               #[doc = concat!(
     |                       ^^^^^^
...
1778 | /     float_values! {
1779 | |         f16 => f16_value,
1780 | |         f32 => f32_value,
1781 | |         f64 => f64_value,
...    |
1785 | |     }
     | |_____- in this macro invocation
     |
     = note: duplicate diagnostic emitted due to `-Z deduplicate-diagnostics=no`
     = note: this error originates in the macro `float_values` (in Nightly builds, run with -Z macro-backtrace for more info)

error: cannot find macro `stringify` in this scope
    --> /Users/danluu/dev/rust-interp-semantic-reuse-20260913/results/proc-macro-arena-crate-05/source/src/lib.rs:1359:25
     |
1359 |                           stringify!($nb) | "" => {
     |                           ^^^^^^^^^
...
1778 | /     float_values! {
1779 | |         f16 => f16_value,
1780 | |         f32 => f32_value,
1781 | |         f64 => f64_value,
...    |
1785 | |     }
     | |_____- in this macro invocation
     |
     = note: duplicate diagnostic emitted due to `-Z deduplicate-diagnostics=no`
     = note: this error originates in the macro `float_values` (in Nightly builds, run with -Z macro-backtrace for more info)

error: cannot find attribute `derive` in this scope
    --> /Users/danluu/dev/rust-interp-semantic-reuse-20260913/results/proc-macro-arena-crate-05/source/src/lib.rs:1789:3
     |
1789 | #[derive(PartialEq, Eq)]
     |   ^^^^^^

error: cannot find macro `format_args` in this scope
    --> /Users/danluu/dev/rust-interp-semantic-reuse-20260913/results/proc-macro-arena-crate-05/source/src/lib.rs:1883:29
     |
1883 |             .field("kind", &format_args!("{:?}", self.0.kind))
     |                             ^^^^^^^^^^^

error: cannot find macro `format_args` in this scope
    --> /Users/danluu/dev/rust-interp-semantic-reuse-20260913/results/proc-macro-arena-crate-05/source/src/lib.rs:1886:31
     |
1886 |             .field("suffix", &format_args!("{:?}", self.0.suffix))
     |                               ^^^^^^^^^^^

error[E0425]: cannot find type `Vec` in this scope
  --> /Users/danluu/dev/rust-interp-semantic-reuse-20260913/results/proc-macro-arena-crate-05/source/src/bridge/arena.rs:26:21
   |
26 |     chunks: RefCell<Vec<Box<[MaybeUninit<u8>]>>>,
   |                     ^^^ not found in this scope

error[E0425]: cannot find type `Box` in this scope
  --> /Users/danluu/dev/rust-interp-semantic-reuse-20260913/results/proc-macro-arena-crate-05/source/src/bridge/arena.rs:26:25
   |
26 |     chunks: RefCell<Vec<Box<[MaybeUninit<u8>]>>>,
   |                         ^^^ not found in this scope

error[E0425]: cannot find type `Option` in this scope
   --> /Users/danluu/dev/rust-interp-semantic-reuse-20260913/results/proc-macro-arena-crate-05/source/src/bridge/arena.rs:110:55
    |
110 |     fn alloc_raw_without_grow(&self, bytes: usize) -> Option<&mut [MaybeUninit<u8>]> {
    |                                                       ^^^^^^ not found in this scope

error[E0425]: cannot find value `None` in this scope
   --> /Users/danluu/dev/rust-interp-semantic-reuse-20260913/results/proc-macro-arena-crate-05/source/src/bridge/arena.rs:122:13
    |
122 |             None
    |             ^^^^ not found in this scope
    |
help: consider importing this unit variant
    |
  7 + use crate::Delimiter::None;
    |

error[E0531]: cannot find tuple struct or tuple variant `Some` in this scope
   --> /Users/danluu/dev/rust-interp-semantic-reuse-20260913/results/proc-macro-arena-crate-05/source/src/bridge/arena.rs:131:16
    |
131 |         if let Some(a) = self.alloc_raw_without_grow(bytes) {
    |                ^^^^ not found in this scope

error[E0405]: cannot find trait `Sync` in this scope
  --> /Users/danluu/dev/rust-interp-semantic-reuse-20260913/results/proc-macro-arena-crate-05/source/src/bridge/buffer.rs:16:13
   |
16 | unsafe impl Sync for Buffer {}
   |             ^^^^ not found in this scope

error[E0405]: cannot find trait `Send` in this scope
  --> /Users/danluu/dev/rust-interp-semantic-reuse-20260913/results/proc-macro-arena-crate-05/source/src/bridge/buffer.rs:17:13
   |
17 | unsafe impl Send for Buffer {}
   |             ^^^^ not found in this scope

error[E0405]: cannot find trait `Default` in this scope
  --> /Users/danluu/dev/rust-interp-semantic-reuse-20260913/results/proc-macro-arena-crate-05/source/src/bridge/buffer.rs:19:6
   |
19 | impl Default for Buffer {
   |      ^^^^^^^ not found in this scope

error[E0405]: cannot find trait `Drop` in this scope
  --> /Users/danluu/dev/rust-interp-semantic-reuse-20260913/results/proc-macro-arena-crate-05/source/src/bridge/buffer.rs:94:6
   |
94 | impl Drop for Buffer {
   |      ^^^^ not found in this scope

error[E0405]: cannot find trait `From` in this scope
   --> /Users/danluu/dev/rust-interp-semantic-reuse-20260913/results/proc-macro-arena-crate-05/source/src/bridge/buffer.rs:102:6
    |
102 | impl From<Vec<u8>> for Buffer {
    |      ^^^^ not found in this scope

error[E0425]: cannot find type `Vec` in this scope
   --> /Users/danluu/dev/rust-interp-semantic-reuse-20260913/results/proc-macro-arena-crate-05/source/src/bridge/buffer.rs:102:11
    |
102 | impl From<Vec<u8>> for Buffer {
    |           ^^^ not found in this scope

error[E0425]: cannot find type `Vec` in this scope
   --> /Users/danluu/dev/rust-interp-semantic-reuse-20260913/results/proc-macro-arena-crate-05/source/src/bridge/buffer.rs:103:16
    |
103 |     fn from(v: Vec<u8>) -> Self {
    |                ^^^ not found in this scope

error[E0425]: cannot find type `Vec` in this scope
   --> /Users/danluu/dev/rust-interp-semantic-reuse-20260913/results/proc-macro-arena-crate-05/source/src/bridge/buffer.rs:108:33
    |
108 |         fn to_vec(b: Buffer) -> Vec<u8> {
    |                                 ^^^ not found in this scope

error[E0405]: cannot find trait `Send` in this scope
  --> /Users/danluu/dev/rust-interp-semantic-reuse-20260913/results/proc-macro-arena-crate-05/source/src/bridge/client.rs:17:7
   |
17 | impl !Send for TokenStream {}
   |       ^^^^ not found in this scope

error[E0405]: cannot find trait `Sync` in this scope
  --> /Users/danluu/dev/rust-interp-semantic-reuse-20260913/results/proc-macro-arena-crate-05/source/src/bridge/client.rs:18:7
   |
18 | impl !Sync for TokenStream {}
   |       ^^^^ not found in this scope

error[E0405]: cannot find trait `Drop` in this scope
  --> /Users/danluu/dev/rust-interp-semantic-reuse-20260913/results/proc-macro-arena-crate-05/source/src/bridge/client.rs:21:6
   |
21 | impl Drop for TokenStream {
   |      ^^^^ not found in this scope

error[E0405]: cannot find trait `Send` in this scope
  --> /Users/danluu/dev/rust-interp-semantic-reuse-20260913/results/proc-macro-arena-crate-05/source/src/bridge/client.rs:67:7
   |
67 | impl !Send for Span {}
   |       ^^^^ not found in this scope

error[E0405]: cannot find trait `Sync` in this scope
  --> /Users/danluu/dev/rust-interp-semantic-reuse-20260913/results/proc-macro-arena-crate-05/source/src/bridge/client.rs:68:7
   |
68 | impl !Sync for Span {}
   |       ^^^^ not found in this scope

error[E0405]: cannot find trait `Clone` in this scope
  --> /Users/danluu/dev/rust-interp-semantic-reuse-20260913/results/proc-macro-arena-crate-05/source/src/bridge/client.rs:84:6
   |
84 | impl Clone for TokenStream {
   |      ^^^^^ not found in this scope

error[E0425]: cannot find type `Option` in this scope
   --> /Users/danluu/dev/rust-interp-semantic-reuse-20260913/results/proc-macro-arena-crate-05/source/src/bridge/mod.rs:36:48
    |
 36 |             fn track_env_var(var: &str, value: Option<&str>);
    |                                                ^^^^^^ not found in this scope
    |
   ::: /Users/danluu/dev/rust-interp-semantic-reuse-20260913/results/proc-macro-arena-crate-05/source/src/bridge/client.rs:138:1
    |
138 | with_api!(define_client_side, TokenStream, Span, Symbol);
    | -------------------------------------------------------- in this macro invocation
    |
    = note: this error originates in the macro `with_api` (in Nightly builds, run with -Z macro-backtrace for more info)

error[E0425]: cannot find type `Result` in this scope
   --> /Users/danluu/dev/rust-interp-semantic-reuse-20260913/results/proc-macro-arena-crate-05/source/src/bridge/mod.rs:38:45
    |
 38 |             fn literal_from_str(s: &str) -> Result<Literal<$Span, $Symbol>, String>;
    |                                             ^^^^^^ not found in this scope
    |
   ::: /Users/danluu/dev/rust-interp-semantic-reuse-20260913/results/proc-macro-arena-crate-05/source/src/bridge/client.rs:138:1
    |
138 | with_api!(define_client_side, TokenStream, Span, Symbol);
    | -------------------------------------------------------- in this macro invocation
    |
    = note: this error originates in the macro `with_api` (in Nightly builds, run with -Z macro-backtrace for more info)

error[E0425]: cannot find type `String` in this scope
   --> /Users/danluu/dev/rust-interp-semantic-reuse-20260913/results/proc-macro-arena-crate-05/source/src/bridge/mod.rs:38:77
    |
 38 |             fn literal_from_str(s: &str) -> Result<Literal<$Span, $Symbol>, String>;
    |                                                                             ^^^^^^ not found in this scope
    |
   ::: /Users/danluu/dev/rust-interp-semantic-reuse-20260913/results/proc-macro-arena-crate-05/source/src/bridge/client.rs:138:1
    |
138 | with_api!(define_client_side, TokenStream, Span, Symbol);
    | -------------------------------------------------------- in this macro invocation
    |
    = note: this error originates in the macro `with_api` (in Nightly builds, run with -Z macro-backtrace for more info)
help: there is an enum variant `crate::bridge::PanicMessage::String`; try using the variant's enum
    |
 38 -             fn literal_from_str(s: &str) -> Result<Literal<$Span, $Symbol>, String>;
 38 +             fn literal_from_str(s: &str) -> Result<Literal<$Span, $Symbol>, crate::bridge::PanicMessage>;
    |

error[E0425]: cannot find type `Result` in this scope
   --> /Users/danluu/dev/rust-interp-semantic-reuse-20260913/results/proc-macro-arena-crate-05/source/src/bridge/mod.rs:44:57
    |
 44 |             fn ts_expand_expr(stream: &$TokenStream) -> Result<$TokenStream, ()>;
    |                                                         ^^^^^^ not found in this scope
    |
   ::: /Users/danluu/dev/rust-interp-semantic-reuse-20260913/results/proc-macro-arena-crate-05/source/src/bridge/client.rs:138:1
    |
138 | with_api!(define_client_side, TokenStream, Span, Symbol);
    | -------------------------------------------------------- in this macro invocation
    |
    = note: this error originates in the macro `with_api` (in Nightly builds, run with -Z macro-backtrace for more info)

error[E0425]: cannot find type `Result` in this scope
   --> /Users/danluu/dev/rust-interp-semantic-reuse-20260913/results/proc-macro-arena-crate-05/source/src/bridge/mod.rs:45:42
    |
 45 |             fn ts_from_str(src: &str) -> Result<$TokenStream, String>;
    |                                          ^^^^^^ not found in this scope
    |
   ::: /Users/danluu/dev/rust-interp-semantic-reuse-20260913/results/proc-macro-arena-crate-05/source/src/bridge/client.rs:138:1
    |
138 | with_api!(define_client_side, TokenStream, Span, Symbol);
    | -------------------------------------------------------- in this macro invocation
    |
    = note: this error originates in the macro `with_api` (in Nightly builds, run with -Z macro-backtrace for more info)

error[E0425]: cannot find type `String` in this scope
   --> /Users/danluu/dev/rust-interp-semantic-reuse-20260913/results/proc-macro-arena-crate-05/source/src/bridge/mod.rs:45:63
    |
 45 |             fn ts_from_str(src: &str) -> Result<$TokenStream, String>;
    |                                                               ^^^^^^ not found in this scope
    |
   ::: /Users/danluu/dev/rust-interp-semantic-reuse-20260913/results/proc-macro-arena-crate-05/source/src/bridge/client.rs:138:1
    |
138 | with_api!(define_client_side, TokenStream, Span, Symbol);
    | -------------------------------------------------------- in this macro invocation
    |
    = note: this error originates in the macro `with_api` (in Nightly builds, run with -Z macro-backtrace for more info)
help: there is an enum variant `crate::bridge::PanicMessage::String`; try using the variant's enum
    |
 45 -             fn ts_from_str(src: &str) -> Result<$TokenStream, String>;
 45 +             fn ts_from_str(src: &str) -> Result<$TokenStream, crate::bridge::PanicMessage>;
    |

error[E0425]: cannot find type `String` in this scope
   --> /Users/danluu/dev/rust-interp-semantic-reuse-20260913/results/proc-macro-arena-crate-05/source/src/bridge/mod.rs:46:55
    |
 46 |             fn ts_to_string(stream: &$TokenStream) -> String;
    |                                                       ^^^^^^ not found in this scope
    |
   ::: /Users/danluu/dev/rust-interp-semantic-reuse-20260913/results/proc-macro-arena-crate-05/source/src/bridge/client.rs:138:1
    |
138 | with_api!(define_client_side, TokenStream, Span, Symbol);
    | -------------------------------------------------------- in this macro invocation
    |
    = note: this error originates in the macro `with_api` (in Nightly builds, run with -Z macro-backtrace for more info)
help: there is an enum variant `crate::bridge::PanicMessage::String`; try using the variant's enum
    |
 46 -             fn ts_to_string(stream: &$TokenStream) -> String;
 46 +             fn ts_to_string(stream: &$TokenStream) -> crate::bridge::PanicMessage;
    |

error[E0425]: cannot find type `Option` in this scope
   --> /Users/danluu/dev/rust-interp-semantic-reuse-20260913/results/proc-macro-arena-crate-05/source/src/bridge/mod.rs:51:23
    |
 51 |                 base: Option<$TokenStream>,
    |                       ^^^^^^ not found in this scope
    |
   ::: /Users/danluu/dev/rust-interp-semantic-reuse-20260913/results/proc-macro-arena-crate-05/source/src/bridge/client.rs:138:1
    |
138 | with_api!(define_client_side, TokenStream, Span, Symbol);
    | -------------------------------------------------------- in this macro invocation
    |
    = note: this error originates in the macro `with_api` (in Nightly builds, run with -Z macro-backtrace for more info)

error[E0425]: cannot find type `Vec` in this scope
   --> /Users/danluu/dev/rust-interp-semantic-reuse-20260913/results/proc-macro-arena-crate-05/source/src/bridge/mod.rs:52:24
    |
 52 |                 trees: Vec<TokenTree<$TokenStream, $Span, $Symbol>>,
    |                        ^^^ not found in this scope
    |
   ::: /Users/danluu/dev/rust-interp-semantic-reuse-20260913/results/proc-macro-arena-crate-05/source/src/bridge/client.rs:138:1
    |
138 | with_api!(define_client_side, TokenStream, Span, Symbol);
    | -------------------------------------------------------- in this macro invocation
    |
    = note: this error originates in the macro `with_api` (in Nightly builds, run with -Z macro-backtrace for more info)

error[E0425]: cannot find type `Option` in this scope
   --> /Users/danluu/dev/rust-interp-semantic-reuse-20260913/results/proc-macro-arena-crate-05/source/src/bridge/mod.rs:55:23
    |
 55 |                 base: Option<$TokenStream>,
    |                       ^^^^^^ not found in this scope
    |
   ::: /Users/danluu/dev/rust-interp-semantic-reuse-20260913/results/proc-macro-arena-crate-05/source/src/bridge/client.rs:138:1
    |
138 | with_api!(define_client_side, TokenStream, Span, Symbol);
    | -------------------------------------------------------- in this macro invocation
    |
    = note: this error originates in the macro `with_api` (in Nightly builds, run with -Z macro-backtrace for more info)

error[E0425]: cannot find type `Vec` in this scope
   --> /Users/danluu/dev/rust-interp-semantic-reuse-20260913/results/proc-macro-arena-crate-05/source/src/bridge/mod.rs:56:26
    |
 56 |                 streams: Vec<$TokenStream>,
    |                          ^^^ not found in this scope
    |
   ::: /Users/danluu/dev/rust-interp-semantic-reuse-20260913/results/proc-macro-arena-crate-05/source/src/bridge/client.rs:138:1
    |
138 | with_api!(define_client_side, TokenStream, Span, Symbol);
    | -------------------------------------------------------- in this macro invocation
    |
    = note: this error originates in the macro `with_api` (in Nightly builds, run with -Z macro-backtrace for more info)

error[E0425]: cannot find type `Vec` in this scope
   --> /Users/danluu/dev/rust-interp-semantic-reuse-20260913/results/proc-macro-arena-crate-05/source/src/bridge/mod.rs:60:18
    |
 60 |             ) -> Vec<TokenTree<$TokenStream, $Span, $Symbol>>;
    |                  ^^^ not found in this scope
    |
   ::: /Users/danluu/dev/rust-interp-semantic-reuse-20260913/results/proc-macro-arena-crate-05/source/src/bridge/client.rs:138:1
    |
138 | with_api!(define_client_side, TokenStream, Span, Symbol);
    | -------------------------------------------------------- in this macro invocation
    |
    = note: this error originates in the macro `with_api` (in Nightly builds, run with -Z macro-backtrace for more info)

error[E0425]: cannot find type `String` in this scope
   --> /Users/danluu/dev/rust-interp-semantic-reuse-20260913/results/proc-macro-arena-crate-05/source/src/bridge/mod.rs:62:43
    |
 62 |             fn span_debug(span: $Span) -> String;
    |                                           ^^^^^^ not found in this scope
    |
   ::: /Users/danluu/dev/rust-interp-semantic-reuse-20260913/results/proc-macro-arena-crate-05/source/src/bridge/client.rs:138:1
    |
138 | with_api!(define_client_side, TokenStream, Span, Symbol);
    | -------------------------------------------------------- in this macro invocation
    |
    = note: this error originates in the macro `with_api` (in Nightly builds, run with -Z macro-backtrace for more info)
help: there is an enum variant `crate::bridge::PanicMessage::String`; try using the variant's enum
    |
 62 -             fn span_debug(span: $Span) -> String;
 62 +             fn span_debug(span: $Span) -> crate::bridge::PanicMessage;
    |

error[E0425]: cannot find type `Option` in this scope
   --> /Users/danluu/dev/rust-interp-semantic-reuse-20260913/results/proc-macro-arena-crate-05/source/src/bridge/mod.rs:63:44
    |
 63 |             fn span_parent(span: $Span) -> Option<$Span>;
    |                                            ^^^^^^ not found in this scope
    |
   ::: /Users/danluu/dev/rust-interp-semantic-reuse-20260913/results/proc-macro-arena-crate-05/source/src/bridge/client.rs:138:1
    |
138 | with_api!(define_client_side, TokenStream, Span, Symbol);
    | -------------------------------------------------------- in this macro invocation
    |
    = note: this error originates in the macro `with_api` (in Nightly builds, run with -Z macro-backtrace for more info)

error[E0425]: cannot find type `String` in this scope
   --> /Users/danluu/dev/rust-interp-semantic-reuse-20260913/results/proc-macro-arena-crate-05/source/src/bridge/mod.rs:70:42
    |
 70 |             fn span_file(span: $Span) -> String;
    |                                          ^^^^^^ not found in this scope
    |
   ::: /Users/danluu/dev/rust-interp-semantic-reuse-20260913/results/proc-macro-arena-crate-05/source/src/bridge/client.rs:138:1
    |
138 | with_api!(define_client_side, TokenStream, Span, Symbol);
    | -------------------------------------------------------- in this macro invocation
    |
    = note: this error originates in the macro `with_api` (in Nightly builds, run with -Z macro-backtrace for more info)
help: there is an enum variant `crate::bridge::PanicMessage::String`; try using the variant's enum
    |
 70 -             fn span_file(span: $Span) -> String;
 70 +             fn span_file(span: $Span) -> crate::bridge::PanicMessage;
    |

error[E0425]: cannot find type `Option` in this scope
   --> /Users/danluu/dev/rust-interp-semantic-reuse-20260913/results/proc-macro-arena-crate-05/source/src/bridge/mod.rs:71:48
    |
 71 |             fn span_local_file(span: $Span) -> Option<String>;
    |                                                ^^^^^^ not found in this scope
    |
   ::: /Users/danluu/dev/rust-interp-semantic-reuse-20260913/results/proc-macro-arena-crate-05/source/src/bridge/client.rs:138:1
    |
138 | with_api!(define_client_side, TokenStream, Span, Symbol);
    | -------------------------------------------------------- in this macro invocation
    |
    = note: this error originates in the macro `with_api` (in Nightly builds, run with -Z macro-backtrace for more info)

error[E0425]: cannot find type `String` in this scope
   --> /Users/danluu/dev/rust-interp-semantic-reuse-20260913/results/proc-macro-arena-crate-05/source/src/bridge/mod.rs:71:55
    |
 71 |             fn span_local_file(span: $Span) -> Option<String>;
    |                                                       ^^^^^^ not found in this scope
    |
   ::: /Users/danluu/dev/rust-interp-semantic-reuse-20260913/results/proc-macro-arena-crate-05/source/src/bridge/client.rs:138:1
    |
138 | with_api!(define_client_side, TokenStream, Span, Symbol);
    | -------------------------------------------------------- in this macro invocation
    |
    = note: this error originates in the macro `with_api` (in Nightly builds, run with -Z macro-backtrace for more info)
help: there is an enum variant `crate::bridge::PanicMessage::String`; try using the variant's enum
    |
 71 -             fn span_local_file(span: $Span) -> Option<String>;
 71 +             fn span_local_file(span: $Span) -> Option<crate::bridge::PanicMessage>;
    |

error[E0425]: cannot find type `Option` in this scope
   --> /Users/danluu/dev/rust-interp-semantic-reuse-20260913/results/proc-macro-arena-crate-05/source/src/bridge/mod.rs:72:56
    |
 72 |             fn span_join(span: $Span, other: $Span) -> Option<$Span>;
    |                                                        ^^^^^^ not found in this scope
    |
   ::: /Users/danluu/dev/rust-interp-semantic-reuse-20260913/results/proc-macro-arena-crate-05/source/src/bridge/client.rs:138:1
    |
138 | with_api!(define_client_side, TokenStream, Span, Symbol);
    | -------------------------------------------------------- in this macro invocation
    |
    = note: this error originates in the macro `with_api` (in Nightly builds, run with -Z macro-backtrace for more info)

error[E0425]: cannot find type `Option` in this scope
   --> /Users/danluu/dev/rust-interp-semantic-reuse-20260913/results/proc-macro-arena-crate-05/source/src/bridge/mod.rs:73:85
    |
 73 |             fn span_subspan(span: $Span, start: Bound<usize>, end: Bound<usize>) -> Option<$Span>;
    |                                                                                     ^^^^^^ not found in this scope
    |
   ::: /Users/danluu/dev/rust-interp-semantic-reuse-20260913/results/proc-macro-arena-crate-05/source/src/bridge/client.rs:138:1
    |
138 | with_api!(define_client_side, TokenStream, Span, Symbol);
    | -------------------------------------------------------- in this macro invocation
    |
    = note: this error originates in the macro `with_api` (in Nightly builds, run with -Z macro-backtrace for more info)

error[E0425]: cannot find type `Option` in this scope
   --> /Users/danluu/dev/rust-interp-semantic-reuse-20260913/results/proc-macro-arena-crate-05/source/src/bridge/mod.rs:75:49
    |
 75 |             fn span_source_text(span: $Span) -> Option<String>;
    |                                                 ^^^^^^ not found in this scope
    |
   ::: /Users/danluu/dev/rust-interp-semantic-reuse-20260913/results/proc-macro-arena-crate-05/source/src/bridge/client.rs:138:1
    |
138 | with_api!(define_client_side, TokenStream, Span, Symbol);
    | -------------------------------------------------------- in this macro invocation
    |
    = note: this error originates in the macro `with_api` (in Nightly builds, run with -Z macro-backtrace for more info)

error[E0425]: cannot find type `String` in this scope
   --> /Users/danluu/dev/rust-interp-semantic-reuse-20260913/results/proc-macro-arena-crate-05/source/src/bridge/mod.rs:75:56
    |
 75 |             fn span_source_text(span: $Span) -> Option<String>;
    |                                                        ^^^^^^ not found in this scope
    |
   ::: /Users/danluu/dev/rust-interp-semantic-reuse-20260913/results/proc-macro-arena-crate-05/source/src/bridge/client.rs:138:1
    |
138 | with_api!(define_client_side, TokenStream, Span, Symbol);
    | -------------------------------------------------------- in this macro invocation
    |
    = note: this error originates in the macro `with_api` (in Nightly builds, run with -Z macro-backtrace for more info)
help: there is an enum variant `crate::bridge::PanicMessage::String`; try using the variant's enum
    |
 75 -             fn span_source_text(span: $Span) -> Option<String>;
 75 +             fn span_source_text(span: $Span) -> Option<crate::bridge::PanicMessage>;
    |

error[E0425]: cannot find type `Result` in this scope
   --> /Users/danluu/dev/rust-interp-semantic-reuse-20260913/results/proc-macro-arena-crate-05/source/src/bridge/mod.rs:79:69
    |
 79 |             fn symbol_normalize_and_validate_ident(string: &str) -> Result<$Symbol, ()>;
    |                                                                     ^^^^^^ not found in this scope
    |
   ::: /Users/danluu/dev/rust-interp-semantic-reuse-20260913/results/proc-macro-arena-crate-05/source/src/bridge/client.rs:138:1
    |
138 | with_api!(define_client_side, TokenStream, Span, Symbol);
    | -------------------------------------------------------- in this macro invocation
    |
    = note: this error originates in the macro `with_api` (in Nightly builds, run with -Z macro-backtrace for more info)

error[E0405]: cannot find trait `Send` in this scope
   --> /Users/danluu/dev/rust-interp-semantic-reuse-20260913/results/proc-macro-arena-crate-05/source/src/bridge/client.rs:152:11
    |
152 | impl<'a> !Send for Bridge<'a> {}
    |           ^^^^ not found in this scope

error[E0405]: cannot find trait `Sync` in this scope
   --> /Users/danluu/dev/rust-interp-semantic-reuse-20260913/results/proc-macro-arena-crate-05/source/src/bridge/client.rs:153:11
    |
153 | impl<'a> !Sync for Bridge<'a> {}
    |           ^^^^ not found in this scope

error[E0405]: cannot find trait `FnOnce` in this scope
   --> /Users/danluu/dev/rust-interp-semantic-reuse-20260913/results/proc-macro-arena-crate-05/source/src/bridge/client.rs:166:77
    |
166 |     pub(super) fn set<'bridge, R>(state: &RefCell<Bridge<'bridge>>, f: impl FnOnce() -> R) -> R {
    |                                                                             ^^^^^^ not found in this scope

error[E0405]: cannot find trait `Drop` in this scope
   --> /Users/danluu/dev/rust-interp-semantic-reuse-20260913/results/proc-macro-arena-crate-05/source/src/bridge/client.rs:168:14
    |
168 |         impl Drop for RestoreOnDrop {
    |              ^^^^ not found in this scope

error[E0425]: cannot find value `BRIDGE_STATE` in this scope
   --> /Users/danluu/dev/rust-interp-semantic-reuse-20260913/results/proc-macro-arena-crate-05/source/src/bridge/client.rs:170:17
    |
170 |                 BRIDGE_STATE.set(self.0);
    |                 ^^^^^^^^^^^^ not found in this scope

error[E0425]: cannot find value `BRIDGE_STATE` in this scope
   --> /Users/danluu/dev/rust-interp-semantic-reuse-20260913/results/proc-macro-arena-crate-05/source/src/bridge/client.rs:175:21
    |
175 |         let outer = BRIDGE_STATE.replace(inner);
    |                     ^^^^^^^^^^^^ not found in this scope

error[E0405]: cannot find trait `FnOnce` in this scope
   --> /Users/danluu/dev/rust-interp-semantic-reuse-20260913/results/proc-macro-arena-crate-05/source/src/bridge/client.rs:182:30
    |
182 |         f: impl for<'bridge> FnOnce(Option<&RefCell<Bridge<'bridge>>>) -> R,
    |                              ^^^^^^ not found in this scope

error[E0425]: cannot find type `Option` in this scope
   --> /Users/danluu/dev/rust-interp-semantic-reuse-20260913/results/proc-macro-arena-crate-05/source/src/bridge/client.rs:182:37
    |
182 |         f: impl for<'bridge> FnOnce(Option<&RefCell<Bridge<'bridge>>>) -> R,
    |                                     ^^^^^^ not found in this scope

error[E0425]: cannot find value `BRIDGE_STATE` in this scope
   --> /Users/danluu/dev/rust-interp-semantic-reuse-20260913/results/proc-macro-arena-crate-05/source/src/bridge/client.rs:184:21
    |
184 |         let state = BRIDGE_STATE.get();
    |                     ^^^^^^^^^^^^ not found in this scope

error[E0405]: cannot find trait `FnOnce` in this scope
   --> /Users/danluu/dev/rust-interp-semantic-reuse-20260913/results/proc-macro-arena-crate-05/source/src/bridge/client.rs:198:24
    |
198 |     fn with<R>(f: impl FnOnce(&mut Bridge<'_>) -> R) -> R {
    |                        ^^^^^^ not found in this scope

error[E0405]: cannot find trait `FnOnce` in this scope
   --> /Users/danluu/dev/rust-interp-semantic-reuse-20260913/results/proc-macro-arena-crate-05/source/src/bridge/client.rs:247:13
    |
247 |     f: impl FnOnce(A) -> crate::TokenStream,
    |             ^^^^^^ not found in this scope

error[E0405]: cannot find trait `Fn` in this scope
   --> /Users/danluu/dev/rust-interp-semantic-reuse-20260913/results/proc-macro-arena-crate-05/source/src/bridge/client.rs:282:34
    |
282 |     pub const fn expand1(f: impl Fn(crate::TokenStream) -> crate::TokenStream + Copy) -> Self {
    |                                  ^^ not found in this scope

error[E0405]: cannot find trait `Copy` in this scope
   --> /Users/danluu/dev/rust-interp-semantic-reuse-20260913/results/proc-macro-arena-crate-05/source/src/bridge/client.rs:282:81
    |
282 |     pub const fn expand1(f: impl Fn(crate::TokenStream) -> crate::TokenStream + Copy) -> Self {
    |                                                                                 ^^^^ not found in this scope

error[E0405]: cannot find trait `Fn` in this scope
   --> /Users/danluu/dev/rust-interp-semantic-reuse-20260913/results/proc-macro-arena-crate-05/source/src/bridge/client.rs:291:17
    |
291 |         f: impl Fn(crate::TokenStream, crate::TokenStream) -> crate::TokenStream + Copy,
    |                 ^^ not found in this scope

error[E0405]: cannot find trait `Copy` in this scope
   --> /Users/danluu/dev/rust-interp-semantic-reuse-20260913/results/proc-macro-arena-crate-05/source/src/bridge/client.rs:291:84
    |
291 |         f: impl Fn(crate::TokenStream, crate::TokenStream) -> crate::TokenStream + Copy,
    |                                                                                    ^^^^ not found in this scope

error[E0405]: cannot find trait `From` in this scope
  --> /Users/danluu/dev/rust-interp-semantic-reuse-20260913/results/proc-macro-arena-crate-05/source/src/bridge/closure.rs:19:38
   |
19 | impl<'a, F: FnMut(Buffer) -> Buffer> From<&'a mut F> for Closure<'a> {
   |                                      ^^^^ not found in this scope

error[E0405]: cannot find trait `FnMut` in this scope
  --> /Users/danluu/dev/rust-interp-semantic-reuse-20260913/results/proc-macro-arena-crate-05/source/src/bridge/closure.rs:19:13
   |
19 | impl<'a, F: FnMut(Buffer) -> Buffer> From<&'a mut F> for Closure<'a> {
   |             ^^^^^ not found in this scope

error[E0405]: cannot find trait `FnMut` in this scope
  --> /Users/danluu/dev/rust-interp-semantic-reuse-20260913/results/proc-macro-arena-crate-05/source/src/bridge/closure.rs:21:31
   |
21 |         extern "C" fn call<F: FnMut(Buffer) -> Buffer>(env: *mut Env, arg: Buffer) -> Buffer {
   |                               ^^^^^ not found in this scope

error[E0405]: cannot find trait `Copy` in this scope
  --> /Users/danluu/dev/rust-interp-semantic-reuse-20260913/results/proc-macro-arena-crate-05/source/src/bridge/handle.rs:56:9
   |
56 | impl<T: Copy + Eq + Hash> InternedStore<T> {
   |         ^^^^ not found in this scope

error[E0405]: cannot find trait `Eq` in this scope
  --> /Users/danluu/dev/rust-interp-semantic-reuse-20260913/results/proc-macro-arena-crate-05/source/src/bridge/handle.rs:56:16
   |
56 | impl<T: Copy + Eq + Hash> InternedStore<T> {
   |                ^^ not found in this scope

error[E0405]: cannot find trait `Sized` in this scope
 --> /Users/danluu/dev/rust-interp-semantic-reuse-20260913/results/proc-macro-arena-crate-05/source/src/bridge/rpc.rs:7:29
  |
7 | pub(super) trait Encode<S>: Sized {
  |                             ^^^^^ not found in this scope

error[E0405]: cannot find trait `Sized` in this scope
  --> /Users/danluu/dev/rust-interp-semantic-reuse-20260913/results/proc-macro-arena-crate-05/source/src/bridge/rpc.rs:11:37
   |
11 | pub(super) trait Decode<'a, 's, S>: Sized {
   |                                     ^^^^^ not found in this scope

error[E0425]: cannot find type `String` in this scope
   --> /Users/danluu/dev/rust-interp-semantic-reuse-20260913/results/proc-macro-arena-crate-05/source/src/bridge/rpc.rs:225:23
    |
225 | impl<S> Encode<S> for String {
    |                       ^^^^^^ not found in this scope
    |
help: there is an enum variant `crate::bridge::PanicMessage::String`; try using the variant's enum
    |
225 - impl<S> Encode<S> for String {
225 + impl<S> Encode<S> for crate::bridge::PanicMessage {
    |

error[E0425]: cannot find type `String` in this scope
   --> /Users/danluu/dev/rust-interp-semantic-reuse-20260913/results/proc-macro-arena-crate-05/source/src/bridge/rpc.rs:232:31
    |
232 | impl<S> Decode<'_, '_, S> for String {
    |                               ^^^^^^ not found in this scope
    |
help: there is an enum variant `crate::bridge::PanicMessage::String`; try using the variant's enum
    |
232 - impl<S> Decode<'_, '_, S> for String {
232 + impl<S> Decode<'_, '_, S> for crate::bridge::PanicMessage {
    |

error[E0425]: cannot find type `Vec` in this scope
   --> /Users/danluu/dev/rust-interp-semantic-reuse-20260913/results/proc-macro-arena-crate-05/source/src/bridge/rpc.rs:239:37
    |
239 | impl<S, T: Encode<S>> Encode<S> for Vec<T> {
    |                                     ^^^ not found in this scope

error[E0425]: cannot find type `Vec` in this scope
   --> /Users/danluu/dev/rust-interp-semantic-reuse-20260913/results/proc-macro-arena-crate-05/source/src/bridge/rpc.rs:249:65
    |
249 | impl<'a, S, T: for<'s> Decode<'a, 's, S>> Decode<'a, '_, S> for Vec<T> {
    |                                                                 ^^^ not found in this scope

error[E0425]: cannot find type `String` in this scope
 --> /Users/danluu/dev/rust-interp-semantic-reuse-20260913/results/proc-macro-arena-crate-05/source/src/bridge/panic_message.rs:9:12
  |
9 |     String(String),
  |            ^^^^^^ not found in this scope
  |
help: there is an enum variant `crate::bridge::PanicMessage::String`; try using the variant's enum
  |
9 -     String(String),
9 +     String(crate::bridge::PanicMessage),
  |

error[E0405]: cannot find trait `From` in this scope
  --> /Users/danluu/dev/rust-interp-semantic-reuse-20260913/results/proc-macro-arena-crate-05/source/src/bridge/panic_message.rs:13:6
   |
13 | impl From<Box<dyn Any + Send>> for PanicMessage {
   |      ^^^^ not found in this scope

error[E0425]: cannot find type `Box` in this scope
  --> /Users/danluu/dev/rust-interp-semantic-reuse-20260913/results/proc-macro-arena-crate-05/source/src/bridge/panic_message.rs:13:11
   |
13 | impl From<Box<dyn Any + Send>> for PanicMessage {
   |           ^^^ not found in this scope

error[E0405]: cannot find trait `Send` in this scope
  --> /Users/danluu/dev/rust-interp-semantic-reuse-20260913/results/proc-macro-arena-crate-05/source/src/bridge/panic_message.rs:13:25
   |
13 | impl From<Box<dyn Any + Send>> for PanicMessage {
   |                         ^^^^ not found in this scope

error[E0425]: cannot find type `Box` in this scope
  --> /Users/danluu/dev/rust-interp-semantic-reuse-20260913/results/proc-macro-arena-crate-05/source/src/bridge/panic_message.rs:14:22
   |
14 |     fn from(payload: Box<dyn Any + Send + 'static>) -> Self {
   |                      ^^^ not found in this scope

error[E0405]: cannot find trait `Send` in this scope
  --> /Users/danluu/dev/rust-interp-semantic-reuse-20260913/results/proc-macro-arena-crate-05/source/src/bridge/panic_message.rs:14:36
   |
14 |     fn from(payload: Box<dyn Any + Send + 'static>) -> Self {
   |                                    ^^^^ not found in this scope

error[E0531]: cannot find tuple struct or tuple variant `Some` in this scope
  --> /Users/danluu/dev/rust-interp-semantic-reuse-20260913/results/proc-macro-arena-crate-05/source/src/bridge/panic_message.rs:15:16
   |
15 |         if let Some(s) = payload.downcast_ref::<&'static str>() {
   |                ^^^^ not found in this scope

error[E0425]: cannot find type `String` in this scope
  --> /Users/danluu/dev/rust-interp-semantic-reuse-20260913/results/proc-macro-arena-crate-05/source/src/bridge/panic_message.rs:18:43
   |
18 |         if let Ok(s) = payload.downcast::<String>() {
   |                                           ^^^^^^ not found in this scope
   |
help: there is an enum variant `crate::bridge::PanicMessage::String`; try using the variant's enum
   |
18 -         if let Ok(s) = payload.downcast::<String>() {
18 +         if let Ok(s) = payload.downcast::<crate::bridge::PanicMessage>() {
   |
help: you might be missing a type parameter
   |
13 | impl<String> From<Box<dyn Any + Send>> for PanicMessage {
   |     ++++++++

error[E0531]: cannot find tuple struct or tuple variant `Ok` in this scope
  --> /Users/danluu/dev/rust-interp-semantic-reuse-20260913/results/proc-macro-arena-crate-05/source/src/bridge/panic_message.rs:18:16
   |
18 |         if let Ok(s) = payload.downcast::<String>() {
   |                ^^ not found in this scope

error[E0405]: cannot find trait `From` in this scope
  --> /Users/danluu/dev/rust-interp-semantic-reuse-20260913/results/proc-macro-arena-crate-05/source/src/bridge/panic_message.rs:25:6
   |
25 | impl From<PanicMessage> for Box<dyn Any + Send> {
   |      ^^^^ not found in this scope

error[E0425]: cannot find type `Box` in this scope
  --> /Users/danluu/dev/rust-interp-semantic-reuse-20260913/results/proc-macro-arena-crate-05/source/src/bridge/panic_message.rs:25:29
   |
25 | impl From<PanicMessage> for Box<dyn Any + Send> {
   |                             ^^^ not found in this scope

error[E0405]: cannot find trait `Send` in this scope
  --> /Users/danluu/dev/rust-interp-semantic-reuse-20260913/results/proc-macro-arena-crate-05/source/src/bridge/panic_message.rs:25:43
   |
25 | impl From<PanicMessage> for Box<dyn Any + Send> {
   |                                           ^^^^ not found in this scope

error[E0425]: cannot find type `Option` in this scope
  --> /Users/danluu/dev/rust-interp-semantic-reuse-20260913/results/proc-macro-arena-crate-05/source/src/bridge/panic_message.rs:39:29
   |
39 |     pub fn as_str(&self) -> Option<&str> {
   |                             ^^^^^^ not found in this scope

error[E0425]: cannot find value `None` in this scope
  --> /Users/danluu/dev/rust-interp-semantic-reuse-20260913/results/proc-macro-arena-crate-05/source/src/bridge/panic_message.rs:43:38
   |
43 |             PanicMessage::Unknown => None,
   |                                      ^^^^ not found in this scope
   |
help: consider importing this unit variant
   |
 1 + use crate::Delimiter::None;
   |

error[E0425]: cannot find type `Option` in this scope
  --> /Users/danluu/dev/rust-interp-semantic-reuse-20260913/results/proc-macro-arena-crate-05/source/src/bridge/panic_message.rs:47:33
   |
47 |     pub fn into_string(self) -> Option<String> {
   |                                 ^^^^^^ not found in this scope

error[E0425]: cannot find type `String` in this scope
  --> /Users/danluu/dev/rust-interp-semantic-reuse-20260913/results/proc-macro-arena-crate-05/source/src/bridge/panic_message.rs:47:40
   |
47 |     pub fn into_string(self) -> Option<String> {
   |                                        ^^^^^^ not found in this scope
   |
help: there is an enum variant `crate::bridge::PanicMessage::String`; try using the variant's enum
   |
47 -     pub fn into_string(self) -> Option<String> {
47 +     pub fn into_string(self) -> Option<crate::bridge::PanicMessage> {
   |
help: you might be missing a type parameter
   |
38 | impl<String> PanicMessage {
   |     ++++++++

error[E0425]: cannot find value `None` in this scope
  --> /Users/danluu/dev/rust-interp-semantic-reuse-20260913/results/proc-macro-arena-crate-05/source/src/bridge/panic_message.rs:51:38
   |
51 |             PanicMessage::Unknown => None,
   |                                      ^^^^ not found in this scope
   |
help: consider importing this unit variant
   |
 1 + use crate::Delimiter::None;
   |

error[E0425]: cannot find type `String` in this scope
  --> /Users/danluu/dev/rust-interp-semantic-reuse-20260913/results/proc-macro-arena-crate-05/source/src/bridge/panic_message.rs:66:24
   |
66 |         match Option::<String>::decode(r, s) {
   |                        ^^^^^^ not found in this scope
   |
help: there is an enum variant `crate::bridge::PanicMessage::String`; try using the variant's enum
   |
66 -         match Option::<String>::decode(r, s) {
66 +         match Option::<crate::bridge::PanicMessage>::decode(r, s) {
   |
help: you might be missing a type parameter
   |
63 | impl<S, String> Decode<'_, '_, S> for PanicMessage {
   |       ++++++++

error[E0531]: cannot find tuple struct or tuple variant `Some` in this scope
  --> /Users/danluu/dev/rust-interp-semantic-reuse-20260913/results/proc-macro-arena-crate-05/source/src/bridge/panic_message.rs:67:13
   |
67 |             Some(s) => PanicMessage::String(s),
   |             ^^^^ not found in this scope

error[E0405]: cannot find trait `Fn` in this scope
  --> /Users/danluu/dev/rust-interp-semantic-reuse-20260913/results/proc-macro-arena-crate-05/source/src/bridge/selfless_reify.rs:43:8
   |
43 |     F: Fn(super::BridgeConfig<'_>) -> R + Copy,
   |        ^^ not found in this scope

error[E0405]: cannot find trait `Copy` in this scope
  --> /Users/danluu/dev/rust-interp-semantic-reuse-20260913/results/proc-macro-arena-crate-05/source/src/bridge/selfless_reify.rs:43:43
   |
43 |     F: Fn(super::BridgeConfig<'_>) -> R + Copy,
   |                                           ^^^^ not found in this scope

error[E0405]: cannot find trait `Fn` in this scope
  --> /Users/danluu/dev/rust-interp-semantic-reuse-20260913/results/proc-macro-arena-crate-05/source/src/bridge/selfless_reify.rs:52:33
   |
52 |     extern "C" fn wrapper<R, F: Fn(super::BridgeConfig<'_>) -> R + Copy>(
   |                                 ^^ not found in this scope

error[E0405]: cannot find trait `Copy` in this scope
  --> /Users/danluu/dev/rust-interp-semantic-reuse-20260913/results/proc-macro-arena-crate-05/source/src/bridge/selfless_reify.rs:52:68
   |
52 |     extern "C" fn wrapper<R, F: Fn(super::BridgeConfig<'_>) -> R + Copy>(
   |                                                                    ^^^^ not found in this scope

error[E0405]: cannot find trait `Clone` in this scope
  --> /Users/danluu/dev/rust-interp-semantic-reuse-20260913/results/proc-macro-arena-crate-05/source/src/bridge/server.rs:71:41
   |
71 |             type TokenStream: 'static + Clone + Default;
   |                                         ^^^^^ not found in this scope
...
87 | with_api!(define_server, Self::TokenStream, Self::Span, Self::Symbol);
   | --------------------------------------------------------------------- in this macro invocation
   |
   = note: this error originates in the macro `define_server` which comes from the expansion of the macro `with_api` (in Nightly builds, run with -Z macro-backtrace for more info)

error[E0405]: cannot find trait `Default` in this scope
  --> /Users/danluu/dev/rust-interp-semantic-reuse-20260913/results/proc-macro-arena-crate-05/source/src/bridge/server.rs:71:49
   |
71 |             type TokenStream: 'static + Clone + Default;
   |                                                 ^^^^^^^ not found in this scope
...
87 | with_api!(define_server, Self::TokenStream, Self::Span, Self::Symbol);
   | --------------------------------------------------------------------- in this macro invocation
   |
   = note: this error originates in the macro `define_server` which comes from the expansion of the macro `with_api` (in Nightly builds, run with -Z macro-backtrace for more info)

error[E0405]: cannot find trait `Copy` in this scope
  --> /Users/danluu/dev/rust-interp-semantic-reuse-20260913/results/proc-macro-arena-crate-05/source/src/bridge/server.rs:72:34
   |
72 |             type Span: 'static + Copy + Eq + Hash;
   |                                  ^^^^ not found in this scope
...
87 | with_api!(define_server, Self::TokenStream, Self::Span, Self::Symbol);
   | --------------------------------------------------------------------- in this macro invocation
   |
   = note: this error originates in the macro `define_server` which comes from the expansion of the macro `with_api` (in Nightly builds, run with -Z macro-backtrace for more info)

error[E0405]: cannot find trait `Eq` in this scope
  --> /Users/danluu/dev/rust-interp-semantic-reuse-20260913/results/proc-macro-arena-crate-05/source/src/bridge/server.rs:72:41
   |
72 |             type Span: 'static + Copy + Eq + Hash;
   |                                         ^^ not found in this scope
...
87 | with_api!(define_server, Self::TokenStream, Self::Span, Self::Symbol);
   | --------------------------------------------------------------------- in this macro invocation
   |
   = note: this error originates in the macro `define_server` which comes from the expansion of the macro `with_api` (in Nightly builds, run with -Z macro-backtrace for more info)

error[E0405]: cannot find trait `FnOnce` in this scope
  --> /Users/danluu/dev/rust-interp-semantic-reuse-20260913/results/proc-macro-arena-crate-05/source/src/bridge/server.rs:81:66
   |
81 |             fn with_symbol_string(symbol: &Self::Symbol, f: impl FnOnce(&str));
   |                                                                  ^^^^^^ not found in this scope
...
87 | with_api!(define_server, Self::TokenStream, Self::Span, Self::Symbol);
   | --------------------------------------------------------------------- in this macro invocation
   |
   = note: this error originates in the macro `define_server` which comes from the expansion of the macro `with_api` (in Nightly builds, run with -Z macro-backtrace for more info)

error[E0425]: cannot find type `Option` in this scope
  --> /Users/danluu/dev/rust-interp-semantic-reuse-20260913/results/proc-macro-arena-crate-05/source/src/bridge/mod.rs:36:48
   |
36 |             fn track_env_var(var: &str, value: Option<&str>);
   |                                                ^^^^^^ not found in this scope
   |
  ::: /Users/danluu/dev/rust-interp-semantic-reuse-20260913/results/proc-macro-arena-crate-05/source/src/bridge/server.rs:87:1
   |
87 | with_api!(define_server, Self::TokenStream, Self::Span, Self::Symbol);
   | --------------------------------------------------------------------- in this macro invocation
   |
   = note: this error originates in the macro `with_api` (in Nightly builds, run with -Z macro-backtrace for more info)

error[E0425]: cannot find type `Result` in this scope
  --> /Users/danluu/dev/rust-interp-semantic-reuse-20260913/results/proc-macro-arena-crate-05/source/src/bridge/mod.rs:38:45
   |
38 |             fn literal_from_str(s: &str) -> Result<Literal<$Span, $Symbol>, String>;
   |                                             ^^^^^^ not found in this scope
   |
  ::: /Users/danluu/dev/rust-interp-semantic-reuse-20260913/results/proc-macro-arena-crate-05/source/src/bridge/server.rs:87:1
   |
87 | with_api!(define_server, Self::TokenStream, Self::Span, Self::Symbol);
   | --------------------------------------------------------------------- in this macro invocation
   |
   = note: this error originates in the macro `with_api` (in Nightly builds, run with -Z macro-backtrace for more info)

error[E0425]: cannot find type `String` in this scope
  --> /Users/danluu/dev/rust-interp-semantic-reuse-20260913/results/proc-macro-arena-crate-05/source/src/bridge/mod.rs:38:77
   |
38 |             fn literal_from_str(s: &str) -> Result<Literal<$Span, $Symbol>, String>;
   |                                                                             ^^^^^^ not found in this scope
   |
  ::: /Users/danluu/dev/rust-interp-semantic-reuse-20260913/results/proc-macro-arena-crate-05/source/src/bridge/server.rs:87:1
   |
87 | with_api!(define_server, Self::TokenStream, Self::Span, Self::Symbol);
   | --------------------------------------------------------------------- in this macro invocation
   |
   = note: this error originates in the macro `with_api` (in Nightly builds, run with -Z macro-backtrace for more info)
help: there is an enum variant `crate::bridge::PanicMessage::String`; try using the variant's enum
   |
38 -             fn literal_from_str(s: &str) -> Result<Literal<$Span, $Symbol>, String>;
38 +             fn literal_from_str(s: &str) -> Result<Literal<$Span, $Symbol>, crate::bridge::PanicMessage>;
   |

error[E0425]: cannot find type `Result` in this scope
  --> /Users/danluu/dev/rust-interp-semantic-reuse-20260913/results/proc-macro-arena-crate-05/source/src/bridge/mod.rs:44:57
   |
44 |             fn ts_expand_expr(stream: &$TokenStream) -> Result<$TokenStream, ()>;
   |                                                         ^^^^^^ not found in this scope
   |
  ::: /Users/danluu/dev/rust-interp-semantic-reuse-20260913/results/proc-macro-arena-crate-05/source/src/bridge/server.rs:87:1
   |
87 | with_api!(define_server, Self::TokenStream, Self::Span, Self::Symbol);
   | --------------------------------------------------------------------- in this macro invocation
   |
   = note: this error originates in the macro `with_api` (in Nightly builds, run with -Z macro-backtrace for more info)

error[E0425]: cannot find type `Result` in this scope
  --> /Users/danluu/dev/rust-interp-semantic-reuse-20260913/results/proc-macro-arena-crate-05/source/src/bridge/mod.rs:45:42
   |
45 |             fn ts_from_str(src: &str) -> Result<$TokenStream, String>;
   |                                          ^^^^^^ not found in this scope
   |
  ::: /Users/danluu/dev/rust-interp-semantic-reuse-20260913/results/proc-macro-arena-crate-05/source/src/bridge/server.rs:87:1
   |
87 | with_api!(define_server, Self::TokenStream, Self::Span, Self::Symbol);
   | --------------------------------------------------------------------- in this macro invocation
   |
   = note: this error originates in the macro `with_api` (in Nightly builds, run with -Z macro-backtrace for more info)

error[E0425]: cannot find type `String` in this scope
  --> /Users/danluu/dev/rust-interp-semantic-reuse-20260913/results/proc-macro-arena-crate-05/source/src/bridge/mod.rs:45:63
   |
45 |             fn ts_from_str(src: &str) -> Result<$TokenStream, String>;
   |                                                               ^^^^^^ not found in this scope
   |
  ::: /Users/danluu/dev/rust-interp-semantic-reuse-20260913/results/proc-macro-arena-crate-05/source/src/bridge/server.rs:87:1
   |
87 | with_api!(define_server, Self::TokenStream, Self::Span, Self::Symbol);
   | --------------------------------------------------------------------- in this macro invocation
   |
   = note: this error originates in the macro `with_api` (in Nightly builds, run with -Z macro-backtrace for more info)
help: there is an enum variant `crate::bridge::PanicMessage::String`; try using the variant's enum
   |
45 -             fn ts_from_str(src: &str) -> Result<$TokenStream, String>;
45 +             fn ts_from_str(src: &str) -> Result<$TokenStream, crate::bridge::PanicMessage>;
   |

error[E0425]: cannot find type `String` in this scope
  --> /Users/danluu/dev/rust-interp-semantic-reuse-20260913/results/proc-macro-arena-crate-05/source/src/bridge/mod.rs:46:55
   |
46 |             fn ts_to_string(stream: &$TokenStream) -> String;
   |                                                       ^^^^^^ not found in this scope
   |
  ::: /Users/danluu/dev/rust-interp-semantic-reuse-20260913/results/proc-macro-arena-crate-05/source/src/bridge/server.rs:87:1
   |
87 | with_api!(define_server, Self::TokenStream, Self::Span, Self::Symbol);
   | --------------------------------------------------------------------- in this macro invocation
   |
   = note: this error originates in the macro `with_api` (in Nightly builds, run with -Z macro-backtrace for more info)
help: there is an enum variant `crate::bridge::PanicMessage::String`; try using the variant's enum
   |
46 -             fn ts_to_string(stream: &$TokenStream) -> String;
46 +             fn ts_to_string(stream: &$TokenStream) -> crate::bridge::PanicMessage;
   |

error[E0425]: cannot find type `Option` in this scope
  --> /Users/danluu/dev/rust-interp-semantic-reuse-20260913/results/proc-macro-arena-crate-05/source/src/bridge/mod.rs:51:23
   |
51 |                 base: Option<$TokenStream>,
   |                       ^^^^^^ not found in this scope
   |
  ::: /Users/danluu/dev/rust-interp-semantic-reuse-20260913/results/proc-macro-arena-crate-05/source/src/bridge/server.rs:87:1
   |
87 | with_api!(define_server, Self::TokenStream, Self::Span, Self::Symbol);
   | --------------------------------------------------------------------- in this macro invocation
   |
   = note: this error originates in the macro `with_api` (in Nightly builds, run with -Z macro-backtrace for more info)

error[E0425]: cannot find type `Vec` in this scope
  --> /Users/danluu/dev/rust-interp-semantic-reuse-20260913/results/proc-macro-arena-crate-05/source/src/bridge/mod.rs:52:24
   |
52 |                 trees: Vec<TokenTree<$TokenStream, $Span, $Symbol>>,
   |                        ^^^ not found in this scope
   |
  ::: /Users/danluu/dev/rust-interp-semantic-reuse-20260913/results/proc-macro-arena-crate-05/source/src/bridge/server.rs:87:1
   |
87 | with_api!(define_server, Self::TokenStream, Self::Span, Self::Symbol);
   | --------------------------------------------------------------------- in this macro invocation
   |
   = note: this error originates in the macro `with_api` (in Nightly builds, run with -Z macro-backtrace for more info)

error[E0425]: cannot find type `Option` in this scope
  --> /Users/danluu/dev/rust-interp-semantic-reuse-20260913/results/proc-macro-arena-crate-05/source/src/bridge/mod.rs:55:23
   |
55 |                 base: Option<$TokenStream>,
   |                       ^^^^^^ not found in this scope
   |
  ::: /Users/danluu/dev/rust-interp-semantic-reuse-20260913/results/proc-macro-arena-crate-05/source/src/bridge/server.rs:87:1
   |
87 | with_api!(define_server, Self::TokenStream, Self::Span, Self::Symbol);
   | --------------------------------------------------------------------- in this macro invocation
   |
   = note: this error originates in the macro `with_api` (in Nightly builds, run with -Z macro-backtrace for more info)

error[E0425]: cannot find type `Vec` in this scope
  --> /Users/danluu/dev/rust-interp-semantic-reuse-20260913/results/proc-macro-arena-crate-05/source/src/bridge/mod.rs:56:26
   |
56 |                 streams: Vec<$TokenStream>,
   |                          ^^^ not found in this scope
   |
  ::: /Users/danluu/dev/rust-interp-semantic-reuse-20260913/results/proc-macro-arena-crate-05/source/src/bridge/server.rs:87:1
   |
87 | with_api!(define_server, Self::TokenStream, Self::Span, Self::Symbol);
   | --------------------------------------------------------------------- in this macro invocation
   |
   = note: this error originates in the macro `with_api` (in Nightly builds, run with -Z macro-backtrace for more info)

error[E0425]: cannot find type `Vec` in this scope
  --> /Users/danluu/dev/rust-interp-semantic-reuse-20260913/results/proc-macro-arena-crate-05/source/src/bridge/mod.rs:60:18
   |
60 |             ) -> Vec<TokenTree<$TokenStream, $Span, $Symbol>>;
   |                  ^^^ not found in this scope
   |
  ::: /Users/danluu/dev/rust-interp-semantic-reuse-20260913/results/proc-macro-arena-crate-05/source/src/bridge/server.rs:87:1
   |
87 | with_api!(define_server, Self::TokenStream, Self::Span, Self::Symbol);
   | --------------------------------------------------------------------- in this macro invocation
   |
   = note: this error originates in the macro `with_api` (in Nightly builds, run with -Z macro-backtrace for more info)

error[E0425]: cannot find type `String` in this scope
  --> /Users/danluu/dev/rust-interp-semantic-reuse-20260913/results/proc-macro-arena-crate-05/source/src/bridge/mod.rs:62:43
   |
62 |             fn span_debug(span: $Span) -> String;
   |                                           ^^^^^^ not found in this scope
   |
  ::: /Users/danluu/dev/rust-interp-semantic-reuse-20260913/results/proc-macro-arena-crate-05/source/src/bridge/server.rs:87:1
   |
87 | with_api!(define_server, Self::TokenStream, Self::Span, Self::Symbol);
   | --------------------------------------------------------------------- in this macro invocation
   |
   = note: this error originates in the macro `with_api` (in Nightly builds, run with -Z macro-backtrace for more info)
help: there is an enum variant `crate::bridge::PanicMessage::String`; try using the variant's enum
   |
62 -             fn span_debug(span: $Span) -> String;
62 +             fn span_debug(span: $Span) -> crate::bridge::PanicMessage;
   |

error[E0425]: cannot find type `Option` in this scope
  --> /Users/danluu/dev/rust-interp-semantic-reuse-20260913/results/proc-macro-arena-crate-05/source/src/bridge/mod.rs:63:44
   |
63 |             fn span_parent(span: $Span) -> Option<$Span>;
   |                                            ^^^^^^ not found in this scope
   |
  ::: /Users/danluu/dev/rust-interp-semantic-reuse-20260913/results/proc-macro-arena-crate-05/source/src/bridge/server.rs:87:1
   |
87 | with_api!(define_server, Self::TokenStream, Self::Span, Self::Symbol);
   | --------------------------------------------------------------------- in this macro invocation
   |
   = note: this error originates in the macro `with_api` (in Nightly builds, run with -Z macro-backtrace for more info)

error[E0425]: cannot find type `String` in this scope
  --> /Users/danluu/dev/rust-interp-semantic-reuse-20260913/results/proc-macro-arena-crate-05/source/src/bridge/mod.rs:70:42
   |
70 |             fn span_file(span: $Span) -> String;
   |                                          ^^^^^^ not found in this scope
   |
  ::: /Users/danluu/dev/rust-interp-semantic-reuse-20260913/results/proc-macro-arena-crate-05/source/src/bridge/server.rs:87:1
   |
87 | with_api!(define_server, Self::TokenStream, Self::Span, Self::Symbol);
   | --------------------------------------------------------------------- in this macro invocation
   |
   = note: this error originates in the macro `with_api` (in Nightly builds, run with -Z macro-backtrace for more info)
help: there is an enum variant `crate::bridge::PanicMessage::String`; try using the variant's enum
   |
70 -             fn span_file(span: $Span) -> String;
70 +             fn span_file(span: $Span) -> crate::bridge::PanicMessage;
   |

error[E0425]: cannot find type `Option` in this scope
  --> /Users/danluu/dev/rust-interp-semantic-reuse-20260913/results/proc-macro-arena-crate-05/source/src/bridge/mod.rs:71:48
   |
71 |             fn span_local_file(span: $Span) -> Option<String>;
   |                                                ^^^^^^ not found in this scope
   |
  ::: /Users/danluu/dev/rust-interp-semantic-reuse-20260913/results/proc-macro-arena-crate-05/source/src/bridge/server.rs:87:1
   |
87 | with_api!(define_server, Self::TokenStream, Self::Span, Self::Symbol);
   | --------------------------------------------------------------------- in this macro invocation
   |
   = note: this error originates in the macro `with_api` (in Nightly builds, run with -Z macro-backtrace for more info)

error[E0425]: cannot find type `String` in this scope
  --> /Users/danluu/dev/rust-interp-semantic-reuse-20260913/results/proc-macro-arena-crate-05/source/src/bridge/mod.rs:71:55
   |
71 |             fn span_local_file(span: $Span) -> Option<String>;
   |                                                       ^^^^^^ not found in this scope
   |
  ::: /Users/danluu/dev/rust-interp-semantic-reuse-20260913/results/proc-macro-arena-crate-05/source/src/bridge/server.rs:87:1
   |
87 | with_api!(define_server, Self::TokenStream, Self::Span, Self::Symbol);
   | --------------------------------------------------------------------- in this macro invocation
   |
   = note: this error originates in the macro `with_api` (in Nightly builds, run with -Z macro-backtrace for more info)
help: there is an enum variant `crate::bridge::PanicMessage::String`; try using the variant's enum
   |
71 -             fn span_local_file(span: $Span) -> Option<String>;
71 +             fn span_local_file(span: $Span) -> Option<crate::bridge::PanicMessage>;
   |

error[E0425]: cannot find type `Option` in this scope
  --> /Users/danluu/dev/rust-interp-semantic-reuse-20260913/results/proc-macro-arena-crate-05/source/src/bridge/mod.rs:72:56
   |
72 |             fn span_join(span: $Span, other: $Span) -> Option<$Span>;
   |                                                        ^^^^^^ not found in this scope
   |
  ::: /Users/danluu/dev/rust-interp-semantic-reuse-20260913/results/proc-macro-arena-crate-05/source/src/bridge/server.rs:87:1
   |
87 | with_api!(define_server, Self::TokenStream, Self::Span, Self::Symbol);
   | --------------------------------------------------------------------- in this macro invocation
   |
   = note: this error originates in the macro `with_api` (in Nightly builds, run with -Z macro-backtrace for more info)

error[E0425]: cannot find type `Option` in this scope
  --> /Users/danluu/dev/rust-interp-semantic-reuse-20260913/results/proc-macro-arena-crate-05/source/src/bridge/mod.rs:73:85
   |
73 |             fn span_subspan(span: $Span, start: Bound<usize>, end: Bound<usize>) -> Option<$Span>;
   |                                                                                     ^^^^^^ not found in this scope
   |
  ::: /Users/danluu/dev/rust-interp-semantic-reuse-20260913/results/proc-macro-arena-crate-05/source/src/bridge/server.rs:87:1
   |
87 | with_api!(define_server, Self::TokenStream, Self::Span, Self::Symbol);
   | --------------------------------------------------------------------- in this macro invocation
   |
   = note: this error originates in the macro `with_api` (in Nightly builds, run with -Z macro-backtrace for more info)

error[E0425]: cannot find type `Option` in this scope
  --> /Users/danluu/dev/rust-interp-semantic-reuse-20260913/results/proc-macro-arena-crate-05/source/src/bridge/mod.rs:75:49
   |
75 |             fn span_source_text(span: $Span) -> Option<String>;
   |                                                 ^^^^^^ not found in this scope
   |
  ::: /Users/danluu/dev/rust-interp-semantic-reuse-20260913/results/proc-macro-arena-crate-05/source/src/bridge/server.rs:87:1
   |
87 | with_api!(define_server, Self::TokenStream, Self::Span, Self::Symbol);
   | --------------------------------------------------------------------- in this macro invocation
   |
   = note: this error originates in the macro `with_api` (in Nightly builds, run with -Z macro-backtrace for more info)

error[E0425]: cannot find type `String` in this scope
  --> /Users/danluu/dev/rust-interp-semantic-reuse-20260913/results/proc-macro-arena-crate-05/source/src/bridge/mod.rs:75:56
   |
75 |             fn span_source_text(span: $Span) -> Option<String>;
   |                                                        ^^^^^^ not found in this scope
   |
  ::: /Users/danluu/dev/rust-interp-semantic-reuse-20260913/results/proc-macro-arena-crate-05/source/src/bridge/server.rs:87:1
   |
87 | with_api!(define_server, Self::TokenStream, Self::Span, Self::Symbol);
   | --------------------------------------------------------------------- in this macro invocation
   |
   = note: this error originates in the macro `with_api` (in Nightly builds, run with -Z macro-backtrace for more info)
help: there is an enum variant `crate::bridge::PanicMessage::String`; try using the variant's enum
   |
75 -             fn span_source_text(span: $Span) -> Option<String>;
75 +             fn span_source_text(span: $Span) -> Option<crate::bridge::PanicMessage>;
   |

error[E0425]: cannot find type `Result` in this scope
  --> /Users/danluu/dev/rust-interp-semantic-reuse-20260913/results/proc-macro-arena-crate-05/source/src/bridge/mod.rs:79:69
   |
79 |             fn symbol_normalize_and_validate_ident(string: &str) -> Result<$Symbol, ()>;
   |                                                                     ^^^^^^ not found in this scope
   |
  ::: /Users/danluu/dev/rust-interp-semantic-reuse-20260913/results/proc-macro-arena-crate-05/source/src/bridge/server.rs:87:1
   |
87 | with_api!(define_server, Self::TokenStream, Self::Span, Self::Symbol);
   | --------------------------------------------------------------------- in this macro invocation
   |
   = note: this error originates in the macro `with_api` (in Nightly builds, run with -Z macro-backtrace for more info)

error[E0425]: cannot find type `Option` in this scope
   --> /Users/danluu/dev/rust-interp-semantic-reuse-20260913/results/proc-macro-arena-crate-05/source/src/bridge/mod.rs:36:48
    |
 36 |             fn track_env_var(var: &str, value: Option<&str>);
    |                                                ^^^^^^ not found in this scope
    |
   ::: /Users/danluu/dev/rust-interp-semantic-reuse-20260913/results/proc-macro-arena-crate-05/source/src/bridge/server.rs:132:1
    |
132 | with_api!(define_dispatcher, MarkedTokenStream<S>, MarkedSpan<S>, MarkedSymbol<S>);
    | ---------------------------------------------------------------------------------- in this macro invocation
    |
    = note: this error originates in the macro `with_api` (in Nightly builds, run with -Z macro-backtrace for more info)

error[E0425]: cannot find type `Result` in this scope
   --> /Users/danluu/dev/rust-interp-semantic-reuse-20260913/results/proc-macro-arena-crate-05/source/src/bridge/mod.rs:38:45
    |
 38 |             fn literal_from_str(s: &str) -> Result<Literal<$Span, $Symbol>, String>;
    |                                             ^^^^^^ not found in this scope
    |
   ::: /Users/danluu/dev/rust-interp-semantic-reuse-20260913/results/proc-macro-arena-crate-05/source/src/bridge/server.rs:132:1
    |
132 | with_api!(define_dispatcher, MarkedTokenStream<S>, MarkedSpan<S>, MarkedSymbol<S>);
    | ---------------------------------------------------------------------------------- in this macro invocation
    |
    = note: this error originates in the macro `with_api` (in Nightly builds, run with -Z macro-backtrace for more info)

error[E0425]: cannot find type `String` in this scope
   --> /Users/danluu/dev/rust-interp-semantic-reuse-20260913/results/proc-macro-arena-crate-05/source/src/bridge/mod.rs:38:77
    |
 38 |             fn literal_from_str(s: &str) -> Result<Literal<$Span, $Symbol>, String>;
    |                                                                             ^^^^^^ not found in this scope
    |
   ::: /Users/danluu/dev/rust-interp-semantic-reuse-20260913/results/proc-macro-arena-crate-05/source/src/bridge/server.rs:132:1
    |
132 | with_api!(define_dispatcher, MarkedTokenStream<S>, MarkedSpan<S>, MarkedSymbol<S>);
    | ---------------------------------------------------------------------------------- in this macro invocation
    |
    = note: this error originates in the macro `with_api` (in Nightly builds, run with -Z macro-backtrace for more info)
help: there is an enum variant `crate::bridge::PanicMessage::String`; try using the variant's enum
    |
 38 -             fn literal_from_str(s: &str) -> Result<Literal<$Span, $Symbol>, String>;
 38 +             fn literal_from_str(s: &str) -> Result<Literal<$Span, $Symbol>, crate::bridge::PanicMessage>;
    |

error[E0425]: cannot find type `Result` in this scope
   --> /Users/danluu/dev/rust-interp-semantic-reuse-20260913/results/proc-macro-arena-crate-05/source/src/bridge/mod.rs:44:57
    |
 44 |             fn ts_expand_expr(stream: &$TokenStream) -> Result<$TokenStream, ()>;
    |                                                         ^^^^^^ not found in this scope
    |
   ::: /Users/danluu/dev/rust-interp-semantic-reuse-20260913/results/proc-macro-arena-crate-05/source/src/bridge/server.rs:132:1
    |
132 | with_api!(define_dispatcher, MarkedTokenStream<S>, MarkedSpan<S>, MarkedSymbol<S>);
    | ---------------------------------------------------------------------------------- in this macro invocation
    |
    = note: this error originates in the macro `with_api` (in Nightly builds, run with -Z macro-backtrace for more info)

error[E0425]: cannot find type `Result` in this scope
   --> /Users/danluu/dev/rust-interp-semantic-reuse-20260913/results/proc-macro-arena-crate-05/source/src/bridge/mod.rs:45:42
    |
 45 |             fn ts_from_str(src: &str) -> Result<$TokenStream, String>;
    |                                          ^^^^^^ not found in this scope
    |
   ::: /Users/danluu/dev/rust-interp-semantic-reuse-20260913/results/proc-macro-arena-crate-05/source/src/bridge/server.rs:132:1
    |
132 | with_api!(define_dispatcher, MarkedTokenStream<S>, MarkedSpan<S>, MarkedSymbol<S>);
    | ---------------------------------------------------------------------------------- in this macro invocation
    |
    = note: this error originates in the macro `with_api` (in Nightly builds, run with -Z macro-backtrace for more info)

error[E0425]: cannot find type `String` in this scope
   --> /Users/danluu/dev/rust-interp-semantic-reuse-20260913/results/proc-macro-arena-crate-05/source/src/bridge/mod.rs:45:63
    |
 45 |             fn ts_from_str(src: &str) -> Result<$TokenStream, String>;
    |                                                               ^^^^^^ not found in this scope
    |
   ::: /Users/danluu/dev/rust-interp-semantic-reuse-20260913/results/proc-macro-arena-crate-05/source/src/bridge/server.rs:132:1
    |
132 | with_api!(define_dispatcher, MarkedTokenStream<S>, MarkedSpan<S>, MarkedSymbol<S>);
    | ---------------------------------------------------------------------------------- in this macro invocation
    |
    = note: this error originates in the macro `with_api` (in Nightly builds, run with -Z macro-backtrace for more info)
help: there is an enum variant `crate::bridge::PanicMessage::String`; try using the variant's enum
    |
 45 -             fn ts_from_str(src: &str) -> Result<$TokenStream, String>;
 45 +             fn ts_from_str(src: &str) -> Result<$TokenStream, crate::bridge::PanicMessage>;
    |

error[E0425]: cannot find type `String` in this scope
   --> /Users/danluu/dev/rust-interp-semantic-reuse-20260913/results/proc-macro-arena-crate-05/source/src/bridge/mod.rs:46:55
    |
 46 |             fn ts_to_string(stream: &$TokenStream) -> String;
    |                                                       ^^^^^^ not found in this scope
    |
   ::: /Users/danluu/dev/rust-interp-semantic-reuse-20260913/results/proc-macro-arena-crate-05/source/src/bridge/server.rs:132:1
    |
132 | with_api!(define_dispatcher, MarkedTokenStream<S>, MarkedSpan<S>, MarkedSymbol<S>);
    | ---------------------------------------------------------------------------------- in this macro invocation
    |
    = note: this error originates in the macro `with_api` (in Nightly builds, run with -Z macro-backtrace for more info)
help: there is an enum variant `crate::bridge::PanicMessage::String`; try using the variant's enum
    |
 46 -             fn ts_to_string(stream: &$TokenStream) -> String;
 46 +             fn ts_to_string(stream: &$TokenStream) -> crate::bridge::PanicMessage;
    |

error[E0425]: cannot find type `Option` in this scope
   --> /Users/danluu/dev/rust-interp-semantic-reuse-20260913/results/proc-macro-arena-crate-05/source/src/bridge/mod.rs:51:23
    |
 51 |                 base: Option<$TokenStream>,
    |                       ^^^^^^ not found in this scope
    |
   ::: /Users/danluu/dev/rust-interp-semantic-reuse-20260913/results/proc-macro-arena-crate-05/source/src/bridge/server.rs:132:1
    |
132 | with_api!(define_dispatcher, MarkedTokenStream<S>, MarkedSpan<S>, MarkedSymbol<S>);
    | ---------------------------------------------------------------------------------- in this macro invocation
    |
    = note: this error originates in the macro `with_api` (in Nightly builds, run with -Z macro-backtrace for more info)

error[E0425]: cannot find type `Vec` in this scope
   --> /Users/danluu/dev/rust-interp-semantic-reuse-20260913/results/proc-macro-arena-crate-05/source/src/bridge/mod.rs:52:24
    |
 52 |                 trees: Vec<TokenTree<$TokenStream, $Span, $Symbol>>,
    |                        ^^^ not found in this scope
    |
   ::: /Users/danluu/dev/rust-interp-semantic-reuse-20260913/results/proc-macro-arena-crate-05/source/src/bridge/server.rs:132:1
    |
132 | with_api!(define_dispatcher, MarkedTokenStream<S>, MarkedSpan<S>, MarkedSymbol<S>);
    | ---------------------------------------------------------------------------------- in this macro invocation
    |
    = note: this error originates in the macro `with_api` (in Nightly builds, run with -Z macro-backtrace for more info)

error[E0425]: cannot find type `Option` in this scope
   --> /Users/danluu/dev/rust-interp-semantic-reuse-20260913/results/proc-macro-arena-crate-05/source/src/bridge/mod.rs:55:23
    |
 55 |                 base: Option<$TokenStream>,
    |                       ^^^^^^ not found in this scope
    |
   ::: /Users/danluu/dev/rust-interp-semantic-reuse-20260913/results/proc-macro-arena-crate-05/source/src/bridge/server.rs:132:1
    |
132 | with_api!(define_dispatcher, MarkedTokenStream<S>, MarkedSpan<S>, MarkedSymbol<S>);
    | ---------------------------------------------------------------------------------- in this macro invocation
    |
    = note: this error originates in the macro `with_api` (in Nightly builds, run with -Z macro-backtrace for more info)

error[E0425]: cannot find type `Vec` in this scope
   --> /Users/danluu/dev/rust-interp-semantic-reuse-20260913/results/proc-macro-arena-crate-05/source/src/bridge/mod.rs:56:26
    |
 56 |                 streams: Vec<$TokenStream>,
    |                          ^^^ not found in this scope
    |
   ::: /Users/danluu/dev/rust-interp-semantic-reuse-20260913/results/proc-macro-arena-crate-05/source/src/bridge/server.rs:132:1
    |
132 | with_api!(define_dispatcher, MarkedTokenStream<S>, MarkedSpan<S>, MarkedSymbol<S>);
    | ---------------------------------------------------------------------------------- in this macro invocation
    |
    = note: this error originates in the macro `with_api` (in Nightly builds, run with -Z macro-backtrace for more info)

error[E0425]: cannot find type `Vec` in this scope
   --> /Users/danluu/dev/rust-interp-semantic-reuse-20260913/results/proc-macro-arena-crate-05/source/src/bridge/mod.rs:60:18
    |
 60 |             ) -> Vec<TokenTree<$TokenStream, $Span, $Symbol>>;
    |                  ^^^ not found in this scope
    |
   ::: /Users/danluu/dev/rust-interp-semantic-reuse-20260913/results/proc-macro-arena-crate-05/source/src/bridge/server.rs:132:1
    |
132 | with_api!(define_dispatcher, MarkedTokenStream<S>, MarkedSpan<S>, MarkedSymbol<S>);
    | ---------------------------------------------------------------------------------- in this macro invocation
    |
    = note: this error originates in the macro `with_api` (in Nightly builds, run with -Z macro-backtrace for more info)

error[E0425]: cannot find type `String` in this scope
   --> /Users/danluu/dev/rust-interp-semantic-reuse-20260913/results/proc-macro-arena-crate-05/source/src/bridge/mod.rs:62:43
    |
 62 |             fn span_debug(span: $Span) -> String;
    |                                           ^^^^^^ not found in this scope
    |
   ::: /Users/danluu/dev/rust-interp-semantic-reuse-20260913/results/proc-macro-arena-crate-05/source/src/bridge/server.rs:132:1
    |
132 | with_api!(define_dispatcher, MarkedTokenStream<S>, MarkedSpan<S>, MarkedSymbol<S>);
    | ---------------------------------------------------------------------------------- in this macro invocation
    |
    = note: this error originates in the macro `with_api` (in Nightly builds, run with -Z macro-backtrace for more info)
help: there is an enum variant `crate::bridge::PanicMessage::String`; try using the variant's enum
    |
 62 -             fn span_debug(span: $Span) -> String;
 62 +             fn span_debug(span: $Span) -> crate::bridge::PanicMessage;
    |

error[E0425]: cannot find type `Option` in this scope
   --> /Users/danluu/dev/rust-interp-semantic-reuse-20260913/results/proc-macro-arena-crate-05/source/src/bridge/mod.rs:63:44
    |
 63 |             fn span_parent(span: $Span) -> Option<$Span>;
    |                                            ^^^^^^ not found in this scope
    |
   ::: /Users/danluu/dev/rust-interp-semantic-reuse-20260913/results/proc-macro-arena-crate-05/source/src/bridge/server.rs:132:1
    |
132 | with_api!(define_dispatcher, MarkedTokenStream<S>, MarkedSpan<S>, MarkedSymbol<S>);
    | ---------------------------------------------------------------------------------- in this macro invocation
    |
    = note: this error originates in the macro `with_api` (in Nightly builds, run with -Z macro-backtrace for more info)

error[E0425]: cannot find type `String` in this scope
   --> /Users/danluu/dev/rust-interp-semantic-reuse-20260913/results/proc-macro-arena-crate-05/source/src/bridge/mod.rs:70:42
    |
 70 |             fn span_file(span: $Span) -> String;
    |                                          ^^^^^^ not found in this scope
    |
   ::: /Users/danluu/dev/rust-interp-semantic-reuse-20260913/results/proc-macro-arena-crate-05/source/src/bridge/server.rs:132:1
    |
132 | with_api!(define_dispatcher, MarkedTokenStream<S>, MarkedSpan<S>, MarkedSymbol<S>);
    | ---------------------------------------------------------------------------------- in this macro invocation
    |
    = note: this error originates in the macro `with_api` (in Nightly builds, run with -Z macro-backtrace for more info)
help: there is an enum variant `crate::bridge::PanicMessage::String`; try using the variant's enum
    |
 70 -             fn span_file(span: $Span) -> String;
 70 +             fn span_file(span: $Span) -> crate::bridge::PanicMessage;
    |

error[E0425]: cannot find type `Option` in this scope
   --> /Users/danluu/dev/rust-interp-semantic-reuse-20260913/results/proc-macro-arena-crate-05/source/src/bridge/mod.rs:71:48
    |
 71 |             fn span_local_file(span: $Span) -> Option<String>;
    |                                                ^^^^^^ not found in this scope
    |
   ::: /Users/danluu/dev/rust-interp-semantic-reuse-20260913/results/proc-macro-arena-crate-05/source/src/bridge/server.rs:132:1
    |
132 | with_api!(define_dispatcher, MarkedTokenStream<S>, MarkedSpan<S>, MarkedSymbol<S>);
    | ---------------------------------------------------------------------------------- in this macro invocation
    |
    = note: this error originates in the macro `with_api` (in Nightly builds, run with -Z macro-backtrace for more info)

error[E0425]: cannot find type `String` in this scope
   --> /Users/danluu/dev/rust-interp-semantic-reuse-20260913/results/proc-macro-arena-crate-05/source/src/bridge/mod.rs:71:55
    |
 71 |             fn span_local_file(span: $Span) -> Option<String>;
    |                                                       ^^^^^^ not found in this scope
    |
   ::: /Users/danluu/dev/rust-interp-semantic-reuse-20260913/results/proc-macro-arena-crate-05/source/src/bridge/server.rs:132:1
    |
132 | with_api!(define_dispatcher, MarkedTokenStream<S>, MarkedSpan<S>, MarkedSymbol<S>);
    | ---------------------------------------------------------------------------------- in this macro invocation
    |
    = note: this error originates in the macro `with_api` (in Nightly builds, run with -Z macro-backtrace for more info)
help: there is an enum variant `crate::bridge::PanicMessage::String`; try using the variant's enum
    |
 71 -             fn span_local_file(span: $Span) -> Option<String>;
 71 +             fn span_local_file(span: $Span) -> Option<crate::bridge::PanicMessage>;
    |

error[E0425]: cannot find type `Option` in this scope
   --> /Users/danluu/dev/rust-interp-semantic-reuse-20260913/results/proc-macro-arena-crate-05/source/src/bridge/mod.rs:72:56
    |
 72 |             fn span_join(span: $Span, other: $Span) -> Option<$Span>;
    |                                                        ^^^^^^ not found in this scope
    |
   ::: /Users/danluu/dev/rust-interp-semantic-reuse-20260913/results/proc-macro-arena-crate-05/source/src/bridge/server.rs:132:1
    |
132 | with_api!(define_dispatcher, MarkedTokenStream<S>, MarkedSpan<S>, MarkedSymbol<S>);
    | ---------------------------------------------------------------------------------- in this macro invocation
    |
    = note: this error originates in the macro `with_api` (in Nightly builds, run with -Z macro-backtrace for more info)

error[E0425]: cannot find type `Option` in this scope
   --> /Users/danluu/dev/rust-interp-semantic-reuse-20260913/results/proc-macro-arena-crate-05/source/src/bridge/mod.rs:73:85
    |
 73 |             fn span_subspan(span: $Span, start: Bound<usize>, end: Bound<usize>) -> Option<$Span>;
    |                                                                                     ^^^^^^ not found in this scope
    |
   ::: /Users/danluu/dev/rust-interp-semantic-reuse-20260913/results/proc-macro-arena-crate-05/source/src/bridge/server.rs:132:1
    |
132 | with_api!(define_dispatcher, MarkedTokenStream<S>, MarkedSpan<S>, MarkedSymbol<S>);
    | ---------------------------------------------------------------------------------- in this macro invocation
    |
    = note: this error originates in the macro `with_api` (in Nightly builds, run with -Z macro-backtrace for more info)

error[E0425]: cannot find type `Option` in this scope
   --> /Users/danluu/dev/rust-interp-semantic-reuse-20260913/results/proc-macro-arena-crate-05/source/src/bridge/mod.rs:75:49
    |
 75 |             fn span_source_text(span: $Span) -> Option<String>;
    |                                                 ^^^^^^ not found in this scope
    |
   ::: /Users/danluu/dev/rust-interp-semantic-reuse-20260913/results/proc-macro-arena-crate-05/source/src/bridge/server.rs:132:1
    |
132 | with_api!(define_dispatcher, MarkedTokenStream<S>, MarkedSpan<S>, MarkedSymbol<S>);
    | ---------------------------------------------------------------------------------- in this macro invocation
    |
    = note: this error originates in the macro `with_api` (in Nightly builds, run with -Z macro-backtrace for more info)

error[E0425]: cannot find type `String` in this scope
   --> /Users/danluu/dev/rust-interp-semantic-reuse-20260913/results/proc-macro-arena-crate-05/source/src/bridge/mod.rs:75:56
    |
 75 |             fn span_source_text(span: $Span) -> Option<String>;
    |                                                        ^^^^^^ not found in this scope
    |
   ::: /Users/danluu/dev/rust-interp-semantic-reuse-20260913/results/proc-macro-arena-crate-05/source/src/bridge/server.rs:132:1
    |
132 | with_api!(define_dispatcher, MarkedTokenStream<S>, MarkedSpan<S>, MarkedSymbol<S>);
    | ---------------------------------------------------------------------------------- in this macro invocation
    |
    = note: this error originates in the macro `with_api` (in Nightly builds, run with -Z macro-backtrace for more info)
help: there is an enum variant `crate::bridge::PanicMessage::String`; try using the variant's enum
    |
 75 -             fn span_source_text(span: $Span) -> Option<String>;
 75 +             fn span_source_text(span: $Span) -> Option<crate::bridge::PanicMessage>;
    |

error[E0425]: cannot find type `Result` in this scope
   --> /Users/danluu/dev/rust-interp-semantic-reuse-20260913/results/proc-macro-arena-crate-05/source/src/bridge/mod.rs:79:69
    |
 79 |             fn symbol_normalize_and_validate_ident(string: &str) -> Result<$Symbol, ()>;
    |                                                                     ^^^^^^ not found in this scope
    |
   ::: /Users/danluu/dev/rust-interp-semantic-reuse-20260913/results/proc-macro-arena-crate-05/source/src/bridge/server.rs:132:1
    |
132 | with_api!(define_dispatcher, MarkedTokenStream<S>, MarkedSpan<S>, MarkedSymbol<S>);
    | ---------------------------------------------------------------------------------- in this macro invocation
    |
    = note: this error originates in the macro `with_api` (in Nightly builds, run with -Z macro-backtrace for more info)

error[E0425]: cannot find value `ALREADY_RUNNING_SAME_THREAD` in this scope
   --> /Users/danluu/dev/rust-interp-semantic-reuse-20260913/results/proc-macro-arena-crate-05/source/src/bridge/server.rs:164:31
    |
164 |         let already_running = ALREADY_RUNNING_SAME_THREAD.replace(true);
    |                               ^^^^^^^^^^^^^^^^^^^^^^^^^^^ not found in this scope

error[E0405]: cannot find trait `Drop` in this scope
   --> /Users/danluu/dev/rust-interp-semantic-reuse-20260913/results/proc-macro-arena-crate-05/source/src/bridge/server.rs:173:6
    |
173 | impl Drop for RunningSameThreadGuard {
    |      ^^^^ not found in this scope

error[E0425]: cannot find value `ALREADY_RUNNING_SAME_THREAD` in this scope
   --> /Users/danluu/dev/rust-interp-semantic-reuse-20260913/results/proc-macro-arena-crate-05/source/src/bridge/server.rs:175:9
    |
175 |         ALREADY_RUNNING_SAME_THREAD.set(false);
    |         ^^^^^^^^^^^^^^^^^^^^^^^^^^^ not found in this scope

error[E0425]: cannot find value `ALREADY_RUNNING_SAME_THREAD` in this scope
   --> /Users/danluu/dev/rust-interp-semantic-reuse-20260913/results/proc-macro-arena-crate-05/source/src/bridge/server.rs:194:33
    |
194 |         if self.cross_thread || ALREADY_RUNNING_SAME_THREAD.get() {
    |                                 ^^^^^^^^^^^^^^^^^^^^^^^^^^^ not found in this scope

error[E0531]: cannot find tuple struct or tuple variant `Some` in this scope
   --> /Users/danluu/dev/rust-interp-semantic-reuse-20260913/results/proc-macro-arena-crate-05/source/src/bridge/server.rs:210:23
    |
210 |             while let Some(b) = server.recv() {
    |                       ^^^^ not found in this scope

error[E0425]: cannot find type `Option` in this scope
   --> /Users/danluu/dev/rust-interp-semantic-reuse-20260913/results/proc-macro-arena-crate-05/source/src/bridge/server.rs:248:27
    |
248 |     fn recv(&mut self) -> Option<T> {
    |                           ^^^^^^ not found in this scope

error[E0425]: cannot find type `Result` in this scope
   --> /Users/danluu/dev/rust-interp-semantic-reuse-20260913/results/proc-macro-arena-crate-05/source/src/bridge/server.rs:263:6
    |
263 | ) -> Result<O, PanicMessage> {
    |      ^^^^^^ not found in this scope

error[E0425]: cannot find type `Result` in this scope
   --> /Users/danluu/dev/rust-interp-semantic-reuse-20260913/results/proc-macro-arena-crate-05/source/src/bridge/server.rs:284:10
    |
284 |     ) -> Result<S::TokenStream, PanicMessage>
    |          ^^^^^^ not found in this scope

error[E0425]: cannot find type `Option` in this scope
   --> /Users/danluu/dev/rust-interp-semantic-reuse-20260913/results/proc-macro-arena-crate-05/source/src/bridge/server.rs:290:23
    |
290 |             .map(|s| <Option<MarkedTokenStream<S>>>::unmark(s).unwrap_or_default())
    |                       ^^^^^^ not found in this scope

error[E0425]: cannot find type `Result` in this scope
   --> /Users/danluu/dev/rust-interp-semantic-reuse-20260913/results/proc-macro-arena-crate-05/source/src/bridge/server.rs:300:10
    |
300 |     ) -> Result<S::TokenStream, PanicMessage>
    |          ^^^^^^ not found in this scope

error[E0425]: cannot find type `Option` in this scope
   --> /Users/danluu/dev/rust-interp-semantic-reuse-20260913/results/proc-macro-arena-crate-05/source/src/bridge/server.rs:312:19
    |
312 |         .map(|s| <Option<MarkedTokenStream<S>>>::unmark(s).unwrap_or_default())
    |                   ^^^^^^ not found in this scope

error[E0405]: cannot find trait `Send` in this scope
  --> /Users/danluu/dev/rust-interp-semantic-reuse-20260913/results/proc-macro-arena-crate-05/source/src/bridge/symbol.rs:22:7
   |
22 | impl !Send for Symbol {}
   |       ^^^^ not found in this scope

error[E0405]: cannot find trait `Sync` in this scope
  --> /Users/danluu/dev/rust-interp-semantic-reuse-20260913/results/proc-macro-arena-crate-05/source/src/bridge/symbol.rs:23:7
   |
23 | impl !Sync for Symbol {}
   |       ^^^^ not found in this scope

error[E0425]: cannot find value `INTERNER` in this scope
  --> /Users/danluu/dev/rust-interp-semantic-reuse-20260913/results/proc-macro-arena-crate-05/source/src/bridge/symbol.rs:28:9
   |
28 |         INTERNER.with_borrow_mut(|i| i.intern(string))
   |         ^^^^^^^^ not found in this scope

error[E0405]: cannot find trait `FnOnce` in this scope
  --> /Users/danluu/dev/rust-interp-semantic-reuse-20260913/results/proc-macro-arena-crate-05/source/src/bridge/symbol.rs:56:41
   |
56 |     pub(crate) fn with<R>(self, f: impl FnOnce(&str) -> R) -> R {
   |                                         ^^^^^^ not found in this scope

error[E0425]: cannot find value `INTERNER` in this scope
  --> /Users/danluu/dev/rust-interp-semantic-reuse-20260913/results/proc-macro-arena-crate-05/source/src/bridge/symbol.rs:57:9
   |
57 |         INTERNER.with_borrow(|i| f(i.get(self)))
   |         ^^^^^^^^ not found in this scope

error[E0425]: cannot find value `INTERNER` in this scope
  --> /Users/danluu/dev/rust-interp-semantic-reuse-20260913/results/proc-macro-arena-crate-05/source/src/bridge/symbol.rs:63:9
   |
63 |         INTERNER.with_borrow_mut(|i| i.clear());
   |         ^^^^^^^^ not found in this scope

error[E0425]: cannot find type `Vec` in this scope
   --> /Users/danluu/dev/rust-interp-semantic-reuse-20260913/results/proc-macro-arena-crate-05/source/src/bridge/symbol.rs:138:14
    |
138 |     strings: Vec<&'static str>,
    |              ^^^ not found in this scope

error[E0531]: cannot find tuple struct or tuple variant `Some` in this scope
   --> /Users/danluu/dev/rust-interp-semantic-reuse-20260913/results/proc-macro-arena-crate-05/source/src/bridge/symbol.rs:147:16
    |
147 |         if let Some(&name) = self.names.get(string) {
    |                ^^^^ not found in this scope

error[E0405]: cannot find trait `Send` in this scope
   --> /Users/danluu/dev/rust-interp-semantic-reuse-20260913/results/proc-macro-arena-crate-05/source/src/bridge/mod.rs:131:7
    |
131 | impl !Send for BridgeConfig<'_> {}
    |       ^^^^ not found in this scope

error[E0405]: cannot find trait `Sync` in this scope
   --> /Users/danluu/dev/rust-interp-semantic-reuse-20260913/results/proc-macro-arena-crate-05/source/src/bridge/mod.rs:132:7
    |
132 | impl !Sync for BridgeConfig<'_> {}
    |       ^^^^ not found in this scope

error[E0425]: cannot find type `Vec` in this scope
   --> /Users/danluu/dev/rust-interp-semantic-reuse-20260913/results/proc-macro-arena-crate-05/source/src/bridge/mod.rs:185:24
    |
185 | impl<T: Mark> Mark for Vec<T> {
    |                        ^^^ not found in this scope

error[E0425]: cannot find type `Vec` in this scope
   --> /Users/danluu/dev/rust-interp-semantic-reuse-20260913/results/proc-macro-arena-crate-05/source/src/bridge/mod.rs:186:21
    |
186 |     type Unmarked = Vec<T::Unmarked>;
    |                     ^^^ not found in this scope

error[E0425]: cannot find type `String` in this scope
   --> /Users/danluu/dev/rust-interp-semantic-reuse-20260913/results/proc-macro-arena-crate-05/source/src/bridge/mod.rs:220:5
    |
220 |     String,
    |     ^^^^^^ not found in this scope
    |
help: there is an enum variant `crate::bridge::PanicMessage::String`; try using the variant's enum
    |
220 -     String,
220 +     crate::bridge::PanicMessage,
    |

error[E0425]: cannot find type `Option` in this scope
   --> /Users/danluu/dev/rust-interp-semantic-reuse-20260913/results/proc-macro-arena-crate-05/source/src/bridge/mod.rs:339:10
    |
339 |     enum Option<T> {
    |          ^^^^^^ not found in this scope
    |
   ::: /Users/danluu/dev/rust-interp-semantic-reuse-20260913/results/proc-macro-arena-crate-05/source/src/bridge/rpc.rs:62:59
    |
 62 |             impl<S, $($($T: Encode<S>),+)?> Encode<S> for $name $(<$($T),+>)? {
    |                                                           ----- due to this macro variable

error[E0425]: cannot find type `Option` in this scope
   --> /Users/danluu/dev/rust-interp-semantic-reuse-20260913/results/proc-macro-arena-crate-05/source/src/bridge/mod.rs:339:10
    |
339 |     enum Option<T> {
    |          ^^^^^^ not found in this scope
    |
   ::: /Users/danluu/dev/rust-interp-semantic-reuse-20260913/results/proc-macro-arena-crate-05/source/src/bridge/rpc.rs:62:59
    |
 62 |             impl<S, $($($T: Encode<S>),+)?> Encode<S> for $name $(<$($T),+>)? {
    |                                                           ----- due to this macro variable
    |
    = note: duplicate diagnostic emitted due to `-Z deduplicate-diagnostics=no`

error[E0425]: cannot find type `Option` in this scope
   --> /Users/danluu/dev/rust-interp-semantic-reuse-20260913/results/proc-macro-arena-crate-05/source/src/bridge/mod.rs:339:10
    |
339 |     enum Option<T> {
    |          ^^^^^^ not found in this scope

error[E0425]: cannot find type `Option` in this scope
   --> /Users/danluu/dev/rust-interp-semantic-reuse-20260913/results/proc-macro-arena-crate-05/source/src/bridge/mod.rs:339:10
    |
339 |     enum Option<T> {
    |          ^^^^^^ not found in this scope
    |
    = note: duplicate diagnostic emitted due to `-Z deduplicate-diagnostics=no`

error[E0425]: cannot find type `Result` in this scope
   --> /Users/danluu/dev/rust-interp-semantic-reuse-20260913/results/proc-macro-arena-crate-05/source/src/bridge/mod.rs:346:10
    |
346 |     enum Result<T, E> {
    |          ^^^^^^ not found in this scope
    |
   ::: /Users/danluu/dev/rust-interp-semantic-reuse-20260913/results/proc-macro-arena-crate-05/source/src/bridge/rpc.rs:62:59
    |
 62 |             impl<S, $($($T: Encode<S>),+)?> Encode<S> for $name $(<$($T),+>)? {
    |                                                           ----- due to this macro variable

error[E0425]: cannot find type `Result` in this scope
   --> /Users/danluu/dev/rust-interp-semantic-reuse-20260913/results/proc-macro-arena-crate-05/source/src/bridge/mod.rs:346:10
    |
346 |     enum Result<T, E> {
    |          ^^^^^^ not found in this scope
    |
   ::: /Users/danluu/dev/rust-interp-semantic-reuse-20260913/results/proc-macro-arena-crate-05/source/src/bridge/rpc.rs:62:59
    |
 62 |             impl<S, $($($T: Encode<S>),+)?> Encode<S> for $name $(<$($T),+>)? {
    |                                                           ----- due to this macro variable
    |
    = note: duplicate diagnostic emitted due to `-Z deduplicate-diagnostics=no`

error[E0425]: cannot find type `Result` in this scope
   --> /Users/danluu/dev/rust-interp-semantic-reuse-20260913/results/proc-macro-arena-crate-05/source/src/bridge/mod.rs:346:10
    |
346 |     enum Result<T, E> {
    |          ^^^^^^ not found in this scope

error[E0425]: cannot find type `Result` in this scope
   --> /Users/danluu/dev/rust-interp-semantic-reuse-20260913/results/proc-macro-arena-crate-05/source/src/bridge/mod.rs:346:10
    |
346 |     enum Result<T, E> {
    |          ^^^^^^ not found in this scope
    |
    = note: duplicate diagnostic emitted due to `-Z deduplicate-diagnostics=no`

error[E0405]: cannot find trait `Copy` in this scope
   --> /Users/danluu/dev/rust-interp-semantic-reuse-20260913/results/proc-macro-arena-crate-05/source/src/bridge/mod.rs:359:12
    |
359 | impl<Span: Copy> DelimSpan<Span> {
    |            ^^^^ not found in this scope

error[E0425]: cannot find type `Option` in this scope
   --> /Users/danluu/dev/rust-interp-semantic-reuse-20260913/results/proc-macro-arena-crate-05/source/src/bridge/mod.rs:370:17
    |
370 |     pub stream: Option<TokenStream>,
    |                 ^^^^^^ not found in this scope

error[E0425]: cannot find type `Option` in this scope
   --> /Users/danluu/dev/rust-interp-semantic-reuse-20260913/results/proc-macro-arena-crate-05/source/src/bridge/mod.rs:398:17
    |
398 |     pub suffix: Option<Symbol>,
    |                 ^^^^^^ not found in this scope

error[E0425]: cannot find type `String` in this scope
   --> /Users/danluu/dev/rust-interp-semantic-reuse-20260913/results/proc-macro-arena-crate-05/source/src/bridge/mod.rs:424:18
    |
424 |     pub message: String,
    |                  ^^^^^^ not found in this scope
    |
help: there is an enum variant `crate::bridge::PanicMessage::String`; try using the variant's enum
    |
424 -     pub message: String,
424 +     pub message: crate::bridge::PanicMessage,
    |

error[E0425]: cannot find type `Vec` in this scope
   --> /Users/danluu/dev/rust-interp-semantic-reuse-20260913/results/proc-macro-arena-crate-05/source/src/bridge/mod.rs:425:16
    |
425 |     pub spans: Vec<Span>,
    |                ^^^ not found in this scope

error[E0425]: cannot find type `Vec` in this scope
   --> /Users/danluu/dev/rust-interp-semantic-reuse-20260913/results/proc-macro-arena-crate-05/source/src/bridge/mod.rs:426:19
    |
426 |     pub children: Vec<Diagnostic<Span>>,
    |                   ^^^ not found in this scope

error[E0425]: cannot find type `Vec` in this scope
  --> /Users/danluu/dev/rust-interp-semantic-reuse-20260913/results/proc-macro-arena-crate-05/source/src/diagnostic.rs:22:28
   |
22 |     fn into_spans(self) -> Vec<Span>;
   |                            ^^^ not found in this scope

error[E0425]: cannot find type `Vec` in this scope
  --> /Users/danluu/dev/rust-interp-semantic-reuse-20260913/results/proc-macro-arena-crate-05/source/src/diagnostic.rs:27:28
   |
27 |     fn into_spans(self) -> Vec<Span> {
   |                            ^^^ not found in this scope

error[E0425]: cannot find type `Vec` in this scope
  --> /Users/danluu/dev/rust-interp-semantic-reuse-20260913/results/proc-macro-arena-crate-05/source/src/diagnostic.rs:33:20
   |
33 | impl MultiSpan for Vec<Span> {
   |                    ^^^ not found in this scope

error[E0425]: cannot find type `Vec` in this scope
  --> /Users/danluu/dev/rust-interp-semantic-reuse-20260913/results/proc-macro-arena-crate-05/source/src/diagnostic.rs:34:28
   |
34 |     fn into_spans(self) -> Vec<Span> {
   |                            ^^^ not found in this scope

error[E0425]: cannot find type `Vec` in this scope
  --> /Users/danluu/dev/rust-interp-semantic-reuse-20260913/results/proc-macro-arena-crate-05/source/src/diagnostic.rs:41:28
   |
41 |     fn into_spans(self) -> Vec<Span> {
   |                            ^^^ not found in this scope

error[E0425]: cannot find type `String` in this scope
  --> /Users/danluu/dev/rust-interp-semantic-reuse-20260913/results/proc-macro-arena-crate-05/source/src/diagnostic.rs:52:14
   |
52 |     message: String,
   |              ^^^^^^ not found in this scope
   |
help: there is an enum variant `crate::bridge::PanicMessage::String`; try using the variant's enum
   |
52 -     message: String,
52 +     message: crate::bridge::PanicMessage,
   |

error[E0425]: cannot find type `Vec` in this scope
  --> /Users/danluu/dev/rust-interp-semantic-reuse-20260913/results/proc-macro-arena-crate-05/source/src/diagnostic.rs:53:12
   |
53 |     spans: Vec<Span>,
   |            ^^^ not found in this scope

error[E0425]: cannot find type `Vec` in this scope
  --> /Users/danluu/dev/rust-interp-semantic-reuse-20260913/results/proc-macro-arena-crate-05/source/src/diagnostic.rs:54:15
   |
54 |     children: Vec<Diagnostic>,
   |               ^^^ not found in this scope

error[E0405]: cannot find trait `Iterator` in this scope
  --> /Users/danluu/dev/rust-interp-semantic-reuse-20260913/results/proc-macro-arena-crate-05/source/src/diagnostic.rs:87:10
   |
87 | impl<'a> Iterator for Children<'a> {
   |          ^^^^^^^^ not found in this scope

error[E0425]: cannot find type `Option` in this scope
  --> /Users/danluu/dev/rust-interp-semantic-reuse-20260913/results/proc-macro-arena-crate-05/source/src/diagnostic.rs:90:27
   |
90 |     fn next(&mut self) -> Option<Self::Item> {
   |                           ^^^^^^ not found in this scope

error[E0405]: cannot find trait `Into` in this scope
  --> /Users/danluu/dev/rust-interp-semantic-reuse-20260913/results/proc-macro-arena-crate-05/source/src/diagnostic.rs:99:19
   |
99 |     pub fn new<T: Into<String>>(level: Level, message: T) -> Diagnostic {
   |                   ^^^^ not found in this scope

error[E0425]: cannot find type `String` in this scope
  --> /Users/danluu/dev/rust-interp-semantic-reuse-20260913/results/proc-macro-arena-crate-05/source/src/diagnostic.rs:99:24
   |
99 |     pub fn new<T: Into<String>>(level: Level, message: T) -> Diagnostic {
   |                        ^^^^^^ not found in this scope
   |
help: there is an enum variant `crate::bridge::PanicMessage::String`; try using the variant's enum
   |
99 -     pub fn new<T: Into<String>>(level: Level, message: T) -> Diagnostic {
99 +     pub fn new<T: Into<crate::bridge::PanicMessage>>(level: Level, message: T) -> Diagnostic {
   |
help: you might be missing a type parameter
   |
96 | impl<String> Diagnostic {
   |     ++++++++

error[E0405]: cannot find trait `Into` in this scope
   --> /Users/danluu/dev/rust-interp-semantic-reuse-20260913/results/proc-macro-arena-crate-05/source/src/diagnostic.rs:109:12
    |
109 |         T: Into<String>,
    |            ^^^^ not found in this scope

error[E0425]: cannot find type `String` in this scope
   --> /Users/danluu/dev/rust-interp-semantic-reuse-20260913/results/proc-macro-arena-crate-05/source/src/diagnostic.rs:109:17
    |
109 |         T: Into<String>,
    |                 ^^^^^^ not found in this scope
    |
help: there is an enum variant `crate::bridge::PanicMessage::String`; try using the variant's enum
    |
109 -         T: Into<String>,
109 +         T: Into<crate::bridge::PanicMessage>,
    |
help: you might be missing a type parameter
    |
 96 | impl<String> Diagnostic {
    |     ++++++++

error[E0405]: cannot find trait `Into` in this scope
   --> /Users/danluu/dev/rust-interp-semantic-reuse-20260913/results/proc-macro-arena-crate-05/source/src/diagnostic.rs:65:16
    |
 65 |             T: Into<String>,
    |                ^^^^ not found in this scope
...
114 |     diagnostic_child_methods!(span_error, error, Level::Error);
    |     ---------------------------------------------------------- in this macro invocation
    |
    = note: this error originates in the macro `diagnostic_child_methods` (in Nightly builds, run with -Z macro-backtrace for more info)

error[E0425]: cannot find type `String` in this scope
   --> /Users/danluu/dev/rust-interp-semantic-reuse-20260913/results/proc-macro-arena-crate-05/source/src/diagnostic.rs:65:21
    |
 65 |             T: Into<String>,
    |                     ^^^^^^ not found in this scope
...
114 |     diagnostic_child_methods!(span_error, error, Level::Error);
    |     ---------------------------------------------------------- in this macro invocation
    |
    = note: this error originates in the macro `diagnostic_child_methods` (in Nightly builds, run with -Z macro-backtrace for more info)
help: there is an enum variant `crate::bridge::PanicMessage::String`; try using the variant's enum
    |
 65 -             T: Into<String>,
 65 +             T: Into<crate::bridge::PanicMessage>,
    |
help: you might be missing a type parameter
    |
 96 | impl<String> Diagnostic {
    |     ++++++++

error[E0405]: cannot find trait `Into` in this scope
   --> /Users/danluu/dev/rust-interp-semantic-reuse-20260913/results/proc-macro-arena-crate-05/source/src/diagnostic.rs:74:28
    |
 74 |         pub fn $regular<T: Into<String>>(mut self, message: T) -> Diagnostic {
    |                            ^^^^ not found in this scope
...
114 |     diagnostic_child_methods!(span_error, error, Level::Error);
    |     ---------------------------------------------------------- in this macro invocation
    |
    = note: this error originates in the macro `diagnostic_child_methods` (in Nightly builds, run with -Z macro-backtrace for more info)

error[E0425]: cannot find type `String` in this scope
   --> /Users/danluu/dev/rust-interp-semantic-reuse-20260913/results/proc-macro-arena-crate-05/source/src/diagnostic.rs:74:33
    |
 74 |         pub fn $regular<T: Into<String>>(mut self, message: T) -> Diagnostic {
    |                                 ^^^^^^ not found in this scope
...
114 |     diagnostic_child_methods!(span_error, error, Level::Error);
    |     ---------------------------------------------------------- in this macro invocation
    |
    = note: this error originates in the macro `diagnostic_child_methods` (in Nightly builds, run with -Z macro-backtrace for more info)
help: there is an enum variant `crate::bridge::PanicMessage::String`; try using the variant's enum
    |
 74 -         pub fn $regular<T: Into<String>>(mut self, message: T) -> Diagnostic {
 74 +         pub fn $regular<T: Into<crate::bridge::PanicMessage>>(mut self, message: T) -> Diagnostic {
    |
help: you might be missing a type parameter
    |
 96 | impl<String> Diagnostic {
    |     ++++++++

error[E0405]: cannot find trait `Into` in this scope
   --> /Users/danluu/dev/rust-interp-semantic-reuse-20260913/results/proc-macro-arena-crate-05/source/src/diagnostic.rs:65:16
    |
 65 |             T: Into<String>,
    |                ^^^^ not found in this scope
...
115 |     diagnostic_child_methods!(span_warning, warning, Level::Warning);
    |     ---------------------------------------------------------------- in this macro invocation
    |
    = note: this error originates in the macro `diagnostic_child_methods` (in Nightly builds, run with -Z macro-backtrace for more info)

error[E0425]: cannot find type `String` in this scope
   --> /Users/danluu/dev/rust-interp-semantic-reuse-20260913/results/proc-macro-arena-crate-05/source/src/diagnostic.rs:65:21
    |
 65 |             T: Into<String>,
    |                     ^^^^^^ not found in this scope
...
115 |     diagnostic_child_methods!(span_warning, warning, Level::Warning);
    |     ---------------------------------------------------------------- in this macro invocation
    |
    = note: this error originates in the macro `diagnostic_child_methods` (in Nightly builds, run with -Z macro-backtrace for more info)
help: there is an enum variant `crate::bridge::PanicMessage::String`; try using the variant's enum
    |
 65 -             T: Into<String>,
 65 +             T: Into<crate::bridge::PanicMessage>,
    |
help: you might be missing a type parameter
    |
 96 | impl<String> Diagnostic {
    |     ++++++++

error[E0405]: cannot find trait `Into` in this scope
   --> /Users/danluu/dev/rust-interp-semantic-reuse-20260913/results/proc-macro-arena-crate-05/source/src/diagnostic.rs:74:28
    |
 74 |         pub fn $regular<T: Into<String>>(mut self, message: T) -> Diagnostic {
    |                            ^^^^ not found in this scope
...
115 |     diagnostic_child_methods!(span_warning, warning, Level::Warning);
    |     ---------------------------------------------------------------- in this macro invocation
    |
    = note: this error originates in the macro `diagnostic_child_methods` (in Nightly builds, run with -Z macro-backtrace for more info)

error[E0425]: cannot find type `String` in this scope
   --> /Users/danluu/dev/rust-interp-semantic-reuse-20260913/results/proc-macro-arena-crate-05/source/src/diagnostic.rs:74:33
    |
 74 |         pub fn $regular<T: Into<String>>(mut self, message: T) -> Diagnostic {
    |                                 ^^^^^^ not found in this scope
...
115 |     diagnostic_child_methods!(span_warning, warning, Level::Warning);
    |     ---------------------------------------------------------------- in this macro invocation
    |
    = note: this error originates in the macro `diagnostic_child_methods` (in Nightly builds, run with -Z macro-backtrace for more info)
help: there is an enum variant `crate::bridge::PanicMessage::String`; try using the variant's enum
    |
 74 -         pub fn $regular<T: Into<String>>(mut self, message: T) -> Diagnostic {
 74 +         pub fn $regular<T: Into<crate::bridge::PanicMessage>>(mut self, message: T) -> Diagnostic {
    |
help: you might be missing a type parameter
    |
 96 | impl<String> Diagnostic {
    |     ++++++++

error[E0405]: cannot find trait `Into` in this scope
   --> /Users/danluu/dev/rust-interp-semantic-reuse-20260913/results/proc-macro-arena-crate-05/source/src/diagnostic.rs:65:16
    |
 65 |             T: Into<String>,
    |                ^^^^ not found in this scope
...
116 |     diagnostic_child_methods!(span_note, note, Level::Note);
    |     ------------------------------------------------------- in this macro invocation
    |
    = note: this error originates in the macro `diagnostic_child_methods` (in Nightly builds, run with -Z macro-backtrace for more info)

error[E0425]: cannot find type `String` in this scope
   --> /Users/danluu/dev/rust-interp-semantic-reuse-20260913/results/proc-macro-arena-crate-05/source/src/diagnostic.rs:65:21
    |
 65 |             T: Into<String>,
    |                     ^^^^^^ not found in this scope
...
116 |     diagnostic_child_methods!(span_note, note, Level::Note);
    |     ------------------------------------------------------- in this macro invocation
    |
    = note: this error originates in the macro `diagnostic_child_methods` (in Nightly builds, run with -Z macro-backtrace for more info)
help: there is an enum variant `crate::bridge::PanicMessage::String`; try using the variant's enum
    |
 65 -             T: Into<String>,
 65 +             T: Into<crate::bridge::PanicMessage>,
    |
help: you might be missing a type parameter
    |
 96 | impl<String> Diagnostic {
    |     ++++++++

error[E0405]: cannot find trait `Into` in this scope
   --> /Users/danluu/dev/rust-interp-semantic-reuse-20260913/results/proc-macro-arena-crate-05/source/src/diagnostic.rs:74:28
    |
 74 |         pub fn $regular<T: Into<String>>(mut self, message: T) -> Diagnostic {
    |                            ^^^^ not found in this scope
...
116 |     diagnostic_child_methods!(span_note, note, Level::Note);
    |     ------------------------------------------------------- in this macro invocation
    |
    = note: this error originates in the macro `diagnostic_child_methods` (in Nightly builds, run with -Z macro-backtrace for more info)

error[E0425]: cannot find type `String` in this scope
   --> /Users/danluu/dev/rust-interp-semantic-reuse-20260913/results/proc-macro-arena-crate-05/source/src/diagnostic.rs:74:33
    |
 74 |         pub fn $regular<T: Into<String>>(mut self, message: T) -> Diagnostic {
    |                                 ^^^^^^ not found in this scope
...
116 |     diagnostic_child_methods!(span_note, note, Level::Note);
    |     ------------------------------------------------------- in this macro invocation
    |
    = note: this error originates in the macro `diagnostic_child_methods` (in Nightly builds, run with -Z macro-backtrace for more info)
help: there is an enum variant `crate::bridge::PanicMessage::String`; try using the variant's enum
    |
 74 -         pub fn $regular<T: Into<String>>(mut self, message: T) -> Diagnostic {
 74 +         pub fn $regular<T: Into<crate::bridge::PanicMessage>>(mut self, message: T) -> Diagnostic {
    |
help: you might be missing a type parameter
    |
 96 | impl<String> Diagnostic {
    |     ++++++++

error[E0405]: cannot find trait `Into` in this scope
   --> /Users/danluu/dev/rust-interp-semantic-reuse-20260913/results/proc-macro-arena-crate-05/source/src/diagnostic.rs:65:16
    |
 65 |             T: Into<String>,
    |                ^^^^ not found in this scope
...
117 |     diagnostic_child_methods!(span_help, help, Level::Help);
    |     ------------------------------------------------------- in this macro invocation
    |
    = note: this error originates in the macro `diagnostic_child_methods` (in Nightly builds, run with -Z macro-backtrace for more info)

error[E0425]: cannot find type `String` in this scope
   --> /Users/danluu/dev/rust-interp-semantic-reuse-20260913/results/proc-macro-arena-crate-05/source/src/diagnostic.rs:65:21
    |
 65 |             T: Into<String>,
    |                     ^^^^^^ not found in this scope
...
117 |     diagnostic_child_methods!(span_help, help, Level::Help);
    |     ------------------------------------------------------- in this macro invocation
    |
    = note: this error originates in the macro `diagnostic_child_methods` (in Nightly builds, run with -Z macro-backtrace for more info)
help: there is an enum variant `crate::bridge::PanicMessage::String`; try using the variant's enum
    |
 65 -             T: Into<String>,
 65 +             T: Into<crate::bridge::PanicMessage>,
    |
help: you might be missing a type parameter
    |
 96 | impl<String> Diagnostic {
    |     ++++++++

error[E0405]: cannot find trait `Into` in this scope
   --> /Users/danluu/dev/rust-interp-semantic-reuse-20260913/results/proc-macro-arena-crate-05/source/src/diagnostic.rs:74:28
    |
 74 |         pub fn $regular<T: Into<String>>(mut self, message: T) -> Diagnostic {
    |                            ^^^^ not found in this scope
...
117 |     diagnostic_child_methods!(span_help, help, Level::Help);
    |     ------------------------------------------------------- in this macro invocation
    |
    = note: this error originates in the macro `diagnostic_child_methods` (in Nightly builds, run with -Z macro-backtrace for more info)

error[E0425]: cannot find type `String` in this scope
   --> /Users/danluu/dev/rust-interp-semantic-reuse-20260913/results/proc-macro-arena-crate-05/source/src/diagnostic.rs:74:33
    |
 74 |         pub fn $regular<T: Into<String>>(mut self, message: T) -> Diagnostic {
    |                                 ^^^^^^ not found in this scope
...
117 |     diagnostic_child_methods!(span_help, help, Level::Help);
    |     ------------------------------------------------------- in this macro invocation
    |
    = note: this error originates in the macro `diagnostic_child_methods` (in Nightly builds, run with -Z macro-backtrace for more info)
help: there is an enum variant `crate::bridge::PanicMessage::String`; try using the variant's enum
    |
 74 -         pub fn $regular<T: Into<String>>(mut self, message: T) -> Diagnostic {
 74 +         pub fn $regular<T: Into<crate::bridge::PanicMessage>>(mut self, message: T) -> Diagnostic {
    |
help: you might be missing a type parameter
    |
 96 | impl<String> Diagnostic {
    |     ++++++++

error[E0405]: cannot find trait `Into` in this scope
   --> /Users/danluu/dev/rust-interp-semantic-reuse-20260913/results/proc-macro-arena-crate-05/source/src/diagnostic.rs:139:27
    |
139 |     pub fn set_message<T: Into<String>>(&mut self, message: T) {
    |                           ^^^^ not found in this scope

error[E0425]: cannot find type `String` in this scope
   --> /Users/danluu/dev/rust-interp-semantic-reuse-20260913/results/proc-macro-arena-crate-05/source/src/diagnostic.rs:139:32
    |
139 |     pub fn set_message<T: Into<String>>(&mut self, message: T) {
    |                                ^^^^^^ not found in this scope
    |
help: there is an enum variant `crate::bridge::PanicMessage::String`; try using the variant's enum
    |
139 -     pub fn set_message<T: Into<String>>(&mut self, message: T) {
139 +     pub fn set_message<T: Into<crate::bridge::PanicMessage>>(&mut self, message: T) {
    |
help: you might be missing a type parameter
    |
 96 | impl<String> Diagnostic {
    |     ++++++++

error[E0425]: cannot find type `String` in this scope
  --> /Users/danluu/dev/rust-interp-semantic-reuse-20260913/results/proc-macro-arena-crate-05/source/src/escape.rs:12:65
   |
12 | pub(crate) fn escape_bytes(bytes: &[u8], opt: EscapeOptions) -> String {
   |                                                                 ^^^^^^ not found in this scope
   |
help: there is an enum variant `crate::bridge::PanicMessage::String`; try using the variant's enum
   |
12 - pub(crate) fn escape_bytes(bytes: &[u8], opt: EscapeOptions) -> String {
12 + pub(crate) fn escape_bytes(bytes: &[u8], opt: EscapeOptions) -> crate::bridge::PanicMessage {
   |

error[E0425]: cannot find type `String` in this scope
  --> /Users/danluu/dev/rust-interp-semantic-reuse-20260913/results/proc-macro-arena-crate-05/source/src/escape.rs:33:64
   |
33 | fn escape_single_byte(byte: u8, opt: EscapeOptions, repr: &mut String) {
   |                                                                ^^^^^^ not found in this scope
   |
help: there is an enum variant `crate::bridge::PanicMessage::String`; try using the variant's enum
   |
33 - fn escape_single_byte(byte: u8, opt: EscapeOptions, repr: &mut String) {
33 + fn escape_single_byte(byte: u8, opt: EscapeOptions, repr: &mut crate::bridge::PanicMessage) {
   |

error[E0425]: cannot find type `String` in this scope
  --> /Users/danluu/dev/rust-interp-semantic-reuse-20260913/results/proc-macro-arena-crate-05/source/src/escape.rs:47:64
   |
47 | fn escape_single_char(ch: char, opt: EscapeOptions, repr: &mut String) {
   |                                                                ^^^^^^ not found in this scope
   |
help: there is an enum variant `crate::bridge::PanicMessage::String`; try using the variant's enum
   |
47 - fn escape_single_char(ch: char, opt: EscapeOptions, repr: &mut String) {
47 + fn escape_single_char(ch: char, opt: EscapeOptions, repr: &mut crate::bridge::PanicMessage) {
   |

error[E0405]: cannot find trait `Sized` in this scope
  --> /Users/danluu/dev/rust-interp-semantic-reuse-20260913/results/proc-macro-arena-crate-05/source/src/to_tokens.rs:69:15
   |
69 |         Self: Sized,
   |               ^^^^^ not found in this scope

error[E0405]: cannot find trait `Sized` in this scope
   --> /Users/danluu/dev/rust-interp-semantic-reuse-20260913/results/proc-macro-arena-crate-05/source/src/to_tokens.rs:128:21
    |
128 | impl<T: ToTokens + ?Sized> ToTokens for &T {
    |                     ^^^^^ not found in this scope

error[E0405]: cannot find trait `Sized` in this scope
   --> /Users/danluu/dev/rust-interp-semantic-reuse-20260913/results/proc-macro-arena-crate-05/source/src/to_tokens.rs:135:21
    |
135 | impl<T: ToTokens + ?Sized> ToTokens for &mut T {
    |                     ^^^^^ not found in this scope

error[E0425]: cannot find type `Box` in this scope
   --> /Users/danluu/dev/rust-interp-semantic-reuse-20260913/results/proc-macro-arena-crate-05/source/src/to_tokens.rs:142:41
    |
142 | impl<T: ToTokens + ?Sized> ToTokens for Box<T> {
    |                                         ^^^ not found in this scope

error[E0405]: cannot find trait `Sized` in this scope
   --> /Users/danluu/dev/rust-interp-semantic-reuse-20260913/results/proc-macro-arena-crate-05/source/src/to_tokens.rs:142:21
    |
142 | impl<T: ToTokens + ?Sized> ToTokens for Box<T> {
    |                     ^^^^^ not found in this scope

error[E0405]: cannot find trait `Sized` in this scope
   --> /Users/danluu/dev/rust-interp-semantic-reuse-20260913/results/proc-macro-arena-crate-05/source/src/to_tokens.rs:149:21
    |
149 | impl<T: ToTokens + ?Sized> ToTokens for Rc<T> {
    |                     ^^^^^ not found in this scope

error[E0405]: cannot find trait `ToOwned` in this scope
   --> /Users/danluu/dev/rust-interp-semantic-reuse-20260913/results/proc-macro-arena-crate-05/source/src/to_tokens.rs:156:20
    |
156 | impl<T: ToTokens + ToOwned + ?Sized> ToTokens for Cow<'_, T> {
    |                    ^^^^^^^ not found in this scope

error[E0405]: cannot find trait `Sized` in this scope
   --> /Users/danluu/dev/rust-interp-semantic-reuse-20260913/results/proc-macro-arena-crate-05/source/src/to_tokens.rs:156:31
    |
156 | impl<T: ToTokens + ToOwned + ?Sized> ToTokens for Cow<'_, T> {
    |                               ^^^^^ not found in this scope

error[E0425]: cannot find type `Option` in this scope
   --> /Users/danluu/dev/rust-interp-semantic-reuse-20260913/results/proc-macro-arena-crate-05/source/src/to_tokens.rs:163:32
    |
163 | impl<T: ToTokens> ToTokens for Option<T> {
    |                                ^^^^^^ not found in this scope

error[E0531]: cannot find tuple struct or tuple variant `Some` in this scope
   --> /Users/danluu/dev/rust-interp-semantic-reuse-20260913/results/proc-macro-arena-crate-05/source/src/to_tokens.rs:165:16
    |
165 |         if let Some(t) = self {
    |                ^^^^ not found in this scope

error[E0425]: cannot find type `String` in this scope
   --> /Users/danluu/dev/rust-interp-semantic-reuse-20260913/results/proc-macro-arena-crate-05/source/src/to_tokens.rs:292:19
    |
292 | impl ToTokens for String {
    |                   ^^^^^^ not found in this scope
    |
help: there is an enum variant `crate::bridge::PanicMessage::String`; try using the variant's enum
    |
292 - impl ToTokens for String {
292 + impl ToTokens for crate::bridge::PanicMessage {
    |

error[E0425]: cannot find type `Option` in this scope
   --> /Users/danluu/dev/rust-interp-semantic-reuse-20260913/results/proc-macro-arena-crate-05/source/src/lib.rs:236:24
    |
236 | pub struct TokenStream(Option<bridge::client::TokenStream>);
    |                        ^^^^^^ not found in this scope

error[E0405]: cannot find trait `Send` in this scope
   --> /Users/danluu/dev/rust-interp-semantic-reuse-20260913/results/proc-macro-arena-crate-05/source/src/lib.rs:239:7
    |
239 | impl !Send for TokenStream {}
    |       ^^^^ not found in this scope

error[E0405]: cannot find trait `Sync` in this scope
   --> /Users/danluu/dev/rust-interp-semantic-reuse-20260913/results/proc-macro-arena-crate-05/source/src/lib.rs:241:7
    |
241 | impl !Sync for TokenStream {}
    |       ^^^^ not found in this scope

error[E0425]: cannot find type `String` in this scope
   --> /Users/danluu/dev/rust-interp-semantic-reuse-20260913/results/proc-macro-arena-crate-05/source/src/lib.rs:249:21
    |
249 | pub struct LexError(String);
    |                     ^^^^^^ not found in this scope
    |
help: there is an enum variant `crate::bridge::PanicMessage::String`; try using the variant's enum
    |
249 - pub struct LexError(String);
249 + pub struct LexError(crate::bridge::PanicMessage);
    |

error[E0405]: cannot find trait `Send` in this scope
   --> /Users/danluu/dev/rust-interp-semantic-reuse-20260913/results/proc-macro-arena-crate-05/source/src/lib.rs:262:7
    |
262 | impl !Send for LexError {}
    |       ^^^^ not found in this scope

error[E0405]: cannot find trait `Sync` in this scope
   --> /Users/danluu/dev/rust-interp-semantic-reuse-20260913/results/proc-macro-arena-crate-05/source/src/lib.rs:264:7
    |
264 | impl !Sync for LexError {}
    |       ^^^^ not found in this scope

error[E0405]: cannot find trait `Send` in this scope
   --> /Users/danluu/dev/rust-interp-semantic-reuse-20260913/results/proc-macro-arena-crate-05/source/src/lib.rs:283:7
    |
283 | impl !Send for ExpandError {}
    |       ^^^^ not found in this scope

error[E0405]: cannot find trait `Sync` in this scope
   --> /Users/danluu/dev/rust-interp-semantic-reuse-20260913/results/proc-macro-arena-crate-05/source/src/lib.rs:286:7
    |
286 | impl !Sync for ExpandError {}
    |       ^^^^ not found in this scope

error[E0425]: cannot find value `None` in this scope
   --> /Users/danluu/dev/rust-interp-semantic-reuse-20260913/results/proc-macro-arena-crate-05/source/src/lib.rs:292:21
    |
292 |         TokenStream(None)
    |                     ^^^^ not found in this scope
    |
help: consider importing this unit variant
    |
 48 + use crate::Delimiter::None;
    |

error[E0425]: cannot find type `Result` in this scope
   --> /Users/danluu/dev/rust-interp-semantic-reuse-20260913/results/proc-macro-arena-crate-05/source/src/lib.rs:312:34
    |
312 |     pub fn expand_expr(&self) -> Result<TokenStream, ExpandError> {
    |                                  ^^^^^^ not found in this scope

error[E0531]: cannot find tuple struct or tuple variant `Ok` in this scope
   --> /Users/danluu/dev/rust-interp-semantic-reuse-20260913/results/proc-macro-arena-crate-05/source/src/lib.rs:315:13
    |
315 |             Ok(stream) => Ok(TokenStream(Some(stream))),
    |             ^^ not found in this scope

error[E0531]: cannot find tuple struct or tuple variant `Err` in this scope
   --> /Users/danluu/dev/rust-interp-semantic-reuse-20260913/results/proc-macro-arena-crate-05/source/src/lib.rs:316:13
    |
316 |             Err(_) => Err(ExpandError),
    |             ^^^ not found in this scope

error[E0425]: cannot find type `Result` in this scope
   --> /Users/danluu/dev/rust-interp-semantic-reuse-20260913/results/proc-macro-arena-crate-05/source/src/lib.rs:332:31
    |
332 |     fn from_str(src: &str) -> Result<TokenStream, LexError> {
    |                               ^^^^^^ not found in this scope

error[E0531]: cannot find tuple struct or tuple variant `Some` in this scope
   --> /Users/danluu/dev/rust-interp-semantic-reuse-20260913/results/proc-macro-arena-crate-05/source/src/lib.rs:352:13
    |
352 |             Some(ts) => write!(f, "{}", BridgeMethods::ts_to_string(ts)),
    |             ^^^^ not found in this scope

error[E0405]: cannot find trait `Default` in this scope
   --> /Users/danluu/dev/rust-interp-semantic-reuse-20260913/results/proc-macro-arena-crate-05/source/src/lib.rs:368:6
    |
368 | impl Default for TokenStream {
    |      ^^^^^^^ not found in this scope

error[E0425]: cannot find type `Vec` in this scope
   --> /Users/danluu/dev/rust-interp-semantic-reuse-20260913/results/proc-macro-arena-crate-05/source/src/lib.rs:399:12
    |
399 |     trees: Vec<
    |            ^^^ not found in this scope

error[E0425]: cannot find value `None` in this scope
   --> /Users/danluu/dev/rust-interp-semantic-reuse-20260913/results/proc-macro-arena-crate-05/source/src/lib.rs:419:25
    |
419 |             TokenStream(None)
    |                         ^^^^ not found in this scope
    |
help: consider importing this unit variant
    |
 48 + use crate::Delimiter::None;
    |

error[E0425]: cannot find value `None` in this scope
   --> /Users/danluu/dev/rust-interp-semantic-reuse-20260913/results/proc-macro-arena-crate-05/source/src/lib.rs:421:61
    |
421 |             TokenStream(Some(BridgeMethods::ts_concat_trees(None, self.trees)))
    |                                                             ^^^^ not found in this scope
    |
help: consider importing this unit variant
    |
 48 + use crate::Delimiter::None;
    |

error[E0425]: cannot find type `Vec` in this scope
   --> /Users/danluu/dev/rust-interp-semantic-reuse-20260913/results/proc-macro-arena-crate-05/source/src/lib.rs:436:14
    |
436 |     streams: Vec<bridge::client::TokenStream>,
    |              ^^^ not found in this scope

error[E0531]: cannot find tuple struct or tuple variant `Some` in this scope
   --> /Users/danluu/dev/rust-interp-semantic-reuse-20260913/results/proc-macro-arena-crate-05/source/src/lib.rs:445:16
    |
445 |         if let Some(stream) = stream.0 {
    |                ^^^^ not found in this scope

error[E0425]: cannot find value `None` in this scope
   --> /Users/danluu/dev/rust-interp-semantic-reuse-20260913/results/proc-macro-arena-crate-05/source/src/lib.rs:454:63
    |
454 |             TokenStream(Some(BridgeMethods::ts_concat_streams(None, self.streams)))
    |                                                               ^^^^ not found in this scope
    |
help: consider importing this unit variant
    |
 48 + use crate::Delimiter::None;
    |

error[E0405]: cannot find trait `FromIterator` in this scope
   --> /Users/danluu/dev/rust-interp-semantic-reuse-20260913/results/proc-macro-arena-crate-05/source/src/lib.rs:473:6
    |
473 | impl FromIterator<TokenTree> for TokenStream {
    |      ^^^^^^^^^^^^ not found in this scope

error[E0405]: cannot find trait `IntoIterator` in this scope
   --> /Users/danluu/dev/rust-interp-semantic-reuse-20260913/results/proc-macro-arena-crate-05/source/src/lib.rs:474:21
    |
474 |     fn from_iter<I: IntoIterator<Item = TokenTree>>(trees: I) -> Self {
    |                     ^^^^^^^^^^^^ not found in this scope

error[E0405]: cannot find trait `FromIterator` in this scope
   --> /Users/danluu/dev/rust-interp-semantic-reuse-20260913/results/proc-macro-arena-crate-05/source/src/lib.rs:485:6
    |
485 | impl FromIterator<TokenStream> for TokenStream {
    |      ^^^^^^^^^^^^ not found in this scope

error[E0405]: cannot find trait `IntoIterator` in this scope
   --> /Users/danluu/dev/rust-interp-semantic-reuse-20260913/results/proc-macro-arena-crate-05/source/src/lib.rs:486:21
    |
486 |     fn from_iter<I: IntoIterator<Item = TokenStream>>(streams: I) -> Self {
    |                     ^^^^^^^^^^^^ not found in this scope

error[E0405]: cannot find trait `Extend` in this scope
   --> /Users/danluu/dev/rust-interp-semantic-reuse-20260913/results/proc-macro-arena-crate-05/source/src/lib.rs:495:6
    |
495 | impl Extend<TokenTree> for TokenStream {
    |      ^^^^^^ not found in this scope

error[E0405]: cannot find trait `IntoIterator` in this scope
   --> /Users/danluu/dev/rust-interp-semantic-reuse-20260913/results/proc-macro-arena-crate-05/source/src/lib.rs:496:18
    |
496 |     fn extend<I: IntoIterator<Item = TokenTree>>(&mut self, trees: I) {
    |                  ^^^^^^^^^^^^ not found in this scope

error[E0405]: cannot find trait `Extend` in this scope
   --> /Users/danluu/dev/rust-interp-semantic-reuse-20260913/results/proc-macro-arena-crate-05/source/src/lib.rs:505:6
    |
505 | impl Extend<TokenStream> for TokenStream {
    |      ^^^^^^ not found in this scope

error[E0405]: cannot find trait `IntoIterator` in this scope
   --> /Users/danluu/dev/rust-interp-semantic-reuse-20260913/results/proc-macro-arena-crate-05/source/src/lib.rs:506:18
    |
506 |     fn extend<I: IntoIterator<Item = TokenStream>>(&mut self, streams: I) {
    |                  ^^^^^^^^^^^^ not found in this scope

error[E0405]: cannot find trait `Extend` in this scope
   --> /Users/danluu/dev/rust-interp-semantic-reuse-20260913/results/proc-macro-arena-crate-05/source/src/lib.rs:518:18
    |
518 |             impl Extend<$item> for TokenStream {
    |                  ^^^^^^ not found in this scope
...
527 | extend_items!(Group Literal Punct Ident);
    | ---------------------------------------- in this macro invocation
    |
    = note: this error originates in the macro `extend_items` (in Nightly builds, run with -Z macro-backtrace for more info)

error[E0405]: cannot find trait `IntoIterator` in this scope
   --> /Users/danluu/dev/rust-interp-semantic-reuse-20260913/results/proc-macro-arena-crate-05/source/src/lib.rs:519:30
    |
519 |                 fn extend<I: IntoIterator<Item = $item>>(&mut self, iter: I) {
    |                              ^^^^^^^^^^^^ not found in this scope
...
527 | extend_items!(Group Literal Punct Ident);
    | ---------------------------------------- in this macro invocation
    |
    = note: this error originates in the macro `extend_items` (in Nightly builds, run with -Z macro-backtrace for more info)

error[E0405]: cannot find trait `Extend` in this scope
   --> /Users/danluu/dev/rust-interp-semantic-reuse-20260913/results/proc-macro-arena-crate-05/source/src/lib.rs:518:18
    |
518 |             impl Extend<$item> for TokenStream {
    |                  ^^^^^^ not found in this scope
...
527 | extend_items!(Group Literal Punct Ident);
    | ---------------------------------------- in this macro invocation
    |
    = note: duplicate diagnostic emitted due to `-Z deduplicate-diagnostics=no`
    = note: this error originates in the macro `extend_items` (in Nightly builds, run with -Z macro-backtrace for more info)

error[E0405]: cannot find trait `IntoIterator` in this scope
   --> /Users/danluu/dev/rust-interp-semantic-reuse-20260913/results/proc-macro-arena-crate-05/source/src/lib.rs:519:30
    |
519 |                 fn extend<I: IntoIterator<Item = $item>>(&mut self, iter: I) {
    |                              ^^^^^^^^^^^^ not found in this scope
...
527 | extend_items!(Group Literal Punct Ident);
    | ---------------------------------------- in this macro invocation
    |
    = note: duplicate diagnostic emitted due to `-Z deduplicate-diagnostics=no`
    = note: this error originates in the macro `extend_items` (in Nightly builds, run with -Z macro-backtrace for more info)

error[E0405]: cannot find trait `Extend` in this scope
   --> /Users/danluu/dev/rust-interp-semantic-reuse-20260913/results/proc-macro-arena-crate-05/source/src/lib.rs:518:18
    |
518 |             impl Extend<$item> for TokenStream {
    |                  ^^^^^^ not found in this scope
...
527 | extend_items!(Group Literal Punct Ident);
    | ---------------------------------------- in this macro invocation
    |
    = note: duplicate diagnostic emitted due to `-Z deduplicate-diagnostics=no`
    = note: this error originates in the macro `extend_items` (in Nightly builds, run with -Z macro-backtrace for more info)

error[E0405]: cannot find trait `IntoIterator` in this scope
   --> /Users/danluu/dev/rust-interp-semantic-reuse-20260913/results/proc-macro-arena-crate-05/source/src/lib.rs:519:30
    |
519 |                 fn extend<I: IntoIterator<Item = $item>>(&mut self, iter: I) {
    |                              ^^^^^^^^^^^^ not found in this scope
...
527 | extend_items!(Group Literal Punct Ident);
    | ---------------------------------------- in this macro invocation
    |
    = note: duplicate diagnostic emitted due to `-Z deduplicate-diagnostics=no`
    = note: this error originates in the macro `extend_items` (in Nightly builds, run with -Z macro-backtrace for more info)

error[E0405]: cannot find trait `Extend` in this scope
   --> /Users/danluu/dev/rust-interp-semantic-reuse-20260913/results/proc-macro-arena-crate-05/source/src/lib.rs:518:18
    |
518 |             impl Extend<$item> for TokenStream {
    |                  ^^^^^^ not found in this scope
...
527 | extend_items!(Group Literal Punct Ident);
    | ---------------------------------------- in this macro invocation
    |
    = note: duplicate diagnostic emitted due to `-Z deduplicate-diagnostics=no`
    = note: this error originates in the macro `extend_items` (in Nightly builds, run with -Z macro-backtrace for more info)

error[E0405]: cannot find trait `IntoIterator` in this scope
   --> /Users/danluu/dev/rust-interp-semantic-reuse-20260913/results/proc-macro-arena-crate-05/source/src/lib.rs:519:30
    |
519 |                 fn extend<I: IntoIterator<Item = $item>>(&mut self, iter: I) {
    |                              ^^^^^^^^^^^^ not found in this scope
...
527 | extend_items!(Group Literal Punct Ident);
    | ---------------------------------------- in this macro invocation
    |
    = note: duplicate diagnostic emitted due to `-Z deduplicate-diagnostics=no`
    = note: this error originates in the macro `extend_items` (in Nightly builds, run with -Z macro-backtrace for more info)

error[E0405]: cannot find trait `Iterator` in this scope
   --> /Users/danluu/dev/rust-interp-semantic-reuse-20260913/results/proc-macro-arena-crate-05/source/src/lib.rs:550:10
    |
550 |     impl Iterator for IntoIter {
    |          ^^^^^^^^ not found in this scope

error[E0425]: cannot find type `Option` in this scope
   --> /Users/danluu/dev/rust-interp-semantic-reuse-20260913/results/proc-macro-arena-crate-05/source/src/lib.rs:553:31
    |
553 |         fn next(&mut self) -> Option<TokenTree> {
    |                               ^^^^^^ not found in this scope

error[E0425]: cannot find type `Option` in this scope
   --> /Users/danluu/dev/rust-interp-semantic-reuse-20260913/results/proc-macro-arena-crate-05/source/src/lib.rs:562:40
    |
562 |         fn size_hint(&self) -> (usize, Option<usize>) {
    |                                        ^^^^^^ not found in this scope

error[E0405]: cannot find trait `IntoIterator` in this scope
   --> /Users/danluu/dev/rust-interp-semantic-reuse-20260913/results/proc-macro-arena-crate-05/source/src/lib.rs:572:10
    |
572 |     impl IntoIterator for TokenStream {
    |          ^^^^^^^^^^^^ not found in this scope

error[E0405]: cannot find trait `Iterator` in this scope
  --> /Users/danluu/dev/rust-interp-semantic-reuse-20260913/results/proc-macro-arena-crate-05/source/src/quote.rs:62:31
   |
62 |     pub trait RepIteratorExt: Iterator + Sized {
   |                               ^^^^^^^^ not found in this scope

error[E0405]: cannot find trait `Sized` in this scope
  --> /Users/danluu/dev/rust-interp-semantic-reuse-20260913/results/proc-macro-arena-crate-05/source/src/quote.rs:62:42
   |
62 |     pub trait RepIteratorExt: Iterator + Sized {
   |                                          ^^^^^ not found in this scope

error[E0405]: cannot find trait `Iterator` in this scope
  --> /Users/danluu/dev/rust-interp-semantic-reuse-20260913/results/proc-macro-arena-crate-05/source/src/quote.rs:68:13
   |
68 |     impl<T: Iterator> RepIteratorExt for T {}
   |             ^^^^^^^^ not found in this scope

error[E0425]: cannot find type `Option` in this scope
  --> /Users/danluu/dev/rust-interp-semantic-reuse-20260913/results/proc-macro-arena-crate-05/source/src/quote.rs:78:27
   |
78 |         fn next(&self) -> Option<&Self> {
   |                           ^^^^^^ not found in this scope

error[E0405]: cannot find trait `Sized` in this scope
  --> /Users/danluu/dev/rust-interp-semantic-reuse-20260913/results/proc-macro-arena-crate-05/source/src/quote.rs:87:25
   |
87 |     impl<T: ToTokens + ?Sized> RepToTokensExt for T {}
   |                         ^^^^^ not found in this scope

error[E0405]: cannot find trait `Iterator` in this scope
  --> /Users/danluu/dev/rust-interp-semantic-reuse-20260913/results/proc-macro-arena-crate-05/source/src/quote.rs:93:20
   |
93 |         type Iter: Iterator;
   |                    ^^^^^^^^ not found in this scope

error[E0405]: cannot find trait `Sized` in this scope
  --> /Users/danluu/dev/rust-interp-semantic-reuse-20260913/results/proc-macro-arena-crate-05/source/src/quote.rs:98:41
   |
98 |     impl<'q, T: RepAsIteratorExt<'q> + ?Sized> RepAsIteratorExt<'q> for &T {
   |                                         ^^^^^ not found in this scope

error[E0405]: cannot find trait `Sized` in this scope
   --> /Users/danluu/dev/rust-interp-semantic-reuse-20260913/results/proc-macro-arena-crate-05/source/src/quote.rs:106:41
    |
106 |     impl<'q, T: RepAsIteratorExt<'q> + ?Sized> RepAsIteratorExt<'q> for &mut T {
    |                                         ^^^^^ not found in this scope

error[E0425]: cannot find type `Vec` in this scope
   --> /Users/danluu/dev/rust-interp-semantic-reuse-20260913/results/proc-macro-arena-crate-05/source/src/quote.rs:130:46
    |
130 |     impl<'q, T: 'q> RepAsIteratorExt<'q> for Vec<T> {
    |                                              ^^^ not found in this scope

error[E0425]: cannot find type `Option` in this scope
   --> /Users/danluu/dev/rust-interp-semantic-reuse-20260913/results/proc-macro-arena-crate-05/source/src/quote.rs:166:26
    |
166 |     pub fn next(self) -> Option<T> {
    |                          ^^^^^^ not found in this scope

error[E0405]: cannot find trait `Iterator` in this scope
   --> /Users/danluu/dev/rust-interp-semantic-reuse-20260913/results/proc-macro-arena-crate-05/source/src/quote.rs:171:19
    |
171 | impl<T: Iterator> Iterator for RepInterp<T> {
    |                   ^^^^^^^^ not found in this scope

error[E0405]: cannot find trait `Iterator` in this scope
   --> /Users/danluu/dev/rust-interp-semantic-reuse-20260913/results/proc-macro-arena-crate-05/source/src/quote.rs:171:9
    |
171 | impl<T: Iterator> Iterator for RepInterp<T> {
    |         ^^^^^^^^ not found in this scope

error[E0425]: cannot find type `Option` in this scope
   --> /Users/danluu/dev/rust-interp-semantic-reuse-20260913/results/proc-macro-arena-crate-05/source/src/quote.rs:174:27
    |
174 |     fn next(&mut self) -> Option<Self::Item> {
    |                           ^^^^^^ not found in this scope

error[E0531]: cannot find tuple struct or tuple variant `Some` in this scope
   --> /Users/danluu/dev/rust-interp-semantic-reuse-20260913/results/proc-macro-arena-crate-05/source/src/quote.rs:288:15
    |
288 |     while let Some(tree) = iter.next() {
    |               ^^^^ not found in this scope

error[E0425]: cannot find type `Option` in this scope
   --> /Users/danluu/dev/rust-interp-semantic-reuse-20260913/results/proc-macro-arena-crate-05/source/src/quote.rs:297:34
    |
297 |                     let sep_opt: Option<Punct> = match (iter.next(), iter.peek()) {
    |                                  ^^^^^^ not found in this scope

error[E0531]: cannot find tuple struct or tuple variant `Some` in this scope
   --> /Users/danluu/dev/rust-interp-semantic-reuse-20260913/results/proc-macro-arena-crate-05/source/src/quote.rs:298:26
    |
298 |                         (Some(TokenTree::Punct(sep)), Some(TokenTree::Punct(star)))
    |                          ^^^^ not found in this scope

error[E0531]: cannot find tuple struct or tuple variant `Some` in this scope
   --> /Users/danluu/dev/rust-interp-semantic-reuse-20260913/results/proc-macro-arena-crate-05/source/src/quote.rs:298:55
    |
298 |                         (Some(TokenTree::Punct(sep)), Some(TokenTree::Punct(star)))
    |                                                       ^^^^ not found in this scope

error[E0531]: cannot find tuple struct or tuple variant `Some` in this scope
   --> /Users/danluu/dev/rust-interp-semantic-reuse-20260913/results/proc-macro-arena-crate-05/source/src/quote.rs:304:26
    |
304 |                         (Some(TokenTree::Punct(star)), _) if star.as_char() == '*' => None,
    |                          ^^^^ not found in this scope

error[E0425]: cannot find value `None` in this scope
   --> /Users/danluu/dev/rust-interp-semantic-reuse-20260913/results/proc-macro-arena-crate-05/source/src/quote.rs:304:87
    |
304 |                         (Some(TokenTree::Punct(star)), _) if star.as_char() == '*' => None,
    |                                                                                       ^^^^ not found in this scope
    |
help: consider importing this unit variant
    |
  7 + use crate::Delimiter::None;
    |

error[E0531]: cannot find tuple struct or tuple variant `Some` in this scope
   --> /Users/danluu/dev/rust-interp-semantic-reuse-20260913/results/proc-macro-arena-crate-05/source/src/quote.rs:346:35
    |
346 |                         (@ if let Some(sep) = sep_opt {
    |                                   ^^^^ not found in this scope

error[E0531]: cannot find tuple struct or tuple variant `Some` in this scope
   --> /Users/danluu/dev/rust-interp-semantic-reuse-20260913/results/proc-macro-arena-crate-05/source/src/quote.rs:411:46
    |
411 |                 let (literal, ctor) = if let Some(stripped) = literal.strip_prefix("r#") {
    |                                              ^^^^ not found in this scope

error[E0425]: cannot find type `Vec` in this scope
   --> /Users/danluu/dev/rust-interp-semantic-reuse-20260913/results/proc-macro-arena-crate-05/source/src/quote.rs:456:54
    |
456 | fn collect_meta_vars(content_stream: TokenStream) -> Vec<Ident> {
    |                                                      ^^^ not found in this scope

error[E0425]: cannot find type `Vec` in this scope
   --> /Users/danluu/dev/rust-interp-semantic-reuse-20260913/results/proc-macro-arena-crate-05/source/src/quote.rs:457:46
    |
457 |     fn helper(stream: TokenStream, out: &mut Vec<Ident>) {
    |                                              ^^^ not found in this scope

error[E0531]: cannot find tuple struct or tuple variant `Some` in this scope
   --> /Users/danluu/dev/rust-interp-semantic-reuse-20260913/results/proc-macro-arena-crate-05/source/src/quote.rs:459:19
    |
459 |         while let Some(tree) = iter.next() {
    |                   ^^^^ not found in this scope

error[E0531]: cannot find tuple struct or tuple variant `Some` in this scope
   --> /Users/danluu/dev/rust-interp-semantic-reuse-20260913/results/proc-macro-arena-crate-05/source/src/quote.rs:462:28
    |
462 |                     if let Some(TokenTree::Ident(id)) = iter.peek() {
    |                            ^^^^ not found in this scope

error[E0405]: cannot find trait `Send` in this scope
   --> /Users/danluu/dev/rust-interp-semantic-reuse-20260913/results/proc-macro-arena-crate-05/source/src/lib.rs:605:7
    |
605 | impl !Send for Span {}
    |       ^^^^ not found in this scope

error[E0405]: cannot find trait `Sync` in this scope
   --> /Users/danluu/dev/rust-interp-semantic-reuse-20260913/results/proc-macro-arena-crate-05/source/src/lib.rs:607:7
    |
607 | impl !Sync for Span {}
    |       ^^^^ not found in this scope

error[E0425]: cannot find type `Option` in this scope
   --> /Users/danluu/dev/rust-interp-semantic-reuse-20260913/results/proc-macro-arena-crate-05/source/src/lib.rs:648:29
    |
648 |     pub fn parent(&self) -> Option<Span> {
    |                             ^^^^^^ not found in this scope

error[E0425]: cannot find type `String` in this scope
   --> /Users/danluu/dev/rust-interp-semantic-reuse-20260913/results/proc-macro-arena-crate-05/source/src/lib.rs:699:27
    |
699 |     pub fn file(&self) -> String {
    |                           ^^^^^^ not found in this scope
    |
help: there is an enum variant `crate::bridge::PanicMessage::String`; try using the variant's enum
    |
699 -     pub fn file(&self) -> String {
699 +     pub fn file(&self) -> crate::bridge::PanicMessage {
    |

error[E0425]: cannot find type `Option` in this scope
   --> /Users/danluu/dev/rust-interp-semantic-reuse-20260913/results/proc-macro-arena-crate-05/source/src/lib.rs:709:33
    |
709 |     pub fn local_file(&self) -> Option<PathBuf> {
    |                                 ^^^^^^ not found in this scope

error[E0425]: cannot find type `Option` in this scope
   --> /Users/danluu/dev/rust-interp-semantic-reuse-20260913/results/proc-macro-arena-crate-05/source/src/lib.rs:717:40
    |
717 |     pub fn join(&self, other: Span) -> Option<Span> {
    |                                        ^^^^^^ not found in this scope

error[E0425]: cannot find type `Option` in this scope
   --> /Users/danluu/dev/rust-interp-semantic-reuse-20260913/results/proc-macro-arena-crate-05/source/src/lib.rs:749:34
    |
749 |     pub fn source_text(&self) -> Option<String> {
    |                                  ^^^^^^ not found in this scope

error[E0425]: cannot find type `String` in this scope
   --> /Users/danluu/dev/rust-interp-semantic-reuse-20260913/results/proc-macro-arena-crate-05/source/src/lib.rs:749:41
    |
749 |     pub fn source_text(&self) -> Option<String> {
    |                                         ^^^^^^ not found in this scope
    |
help: there is an enum variant `crate::bridge::PanicMessage::String`; try using the variant's enum
    |
749 -     pub fn source_text(&self) -> Option<String> {
749 +     pub fn source_text(&self) -> Option<crate::bridge::PanicMessage> {
    |
help: you might be missing a type parameter
    |
620 | impl<String> Span {
    |     ++++++++

error[E0405]: cannot find trait `Into` in this scope
   --> /Users/danluu/dev/rust-interp-semantic-reuse-20260913/results/proc-macro-arena-crate-05/source/src/lib.rs:614:25
    |
614 |         pub fn $name<T: Into<String>>(self, message: T) -> Diagnostic {
    |                         ^^^^ not found in this scope
...
767 |     diagnostic_method!(error, Level::Error);
    |     --------------------------------------- in this macro invocation
    |
    = note: this error originates in the macro `diagnostic_method` (in Nightly builds, run with -Z macro-backtrace for more info)

error[E0425]: cannot find type `String` in this scope
   --> /Users/danluu/dev/rust-interp-semantic-reuse-20260913/results/proc-macro-arena-crate-05/source/src/lib.rs:614:30
    |
614 |         pub fn $name<T: Into<String>>(self, message: T) -> Diagnostic {
    |                              ^^^^^^ not found in this scope
...
767 |     diagnostic_method!(error, Level::Error);
    |     --------------------------------------- in this macro invocation
    |
    = note: this error originates in the macro `diagnostic_method` (in Nightly builds, run with -Z macro-backtrace for more info)
help: there is an enum variant `crate::bridge::PanicMessage::String`; try using the variant's enum
    |
614 -         pub fn $name<T: Into<String>>(self, message: T) -> Diagnostic {
614 +         pub fn $name<T: Into<crate::bridge::PanicMessage>>(self, message: T) -> Diagnostic {
    |
help: you might be missing a type parameter
    |
620 | impl<String> Span {
    |     ++++++++

error[E0405]: cannot find trait `Into` in this scope
   --> /Users/danluu/dev/rust-interp-semantic-reuse-20260913/results/proc-macro-arena-crate-05/source/src/lib.rs:614:25
    |
614 |         pub fn $name<T: Into<String>>(self, message: T) -> Diagnostic {
    |                         ^^^^ not found in this scope
...
768 |     diagnostic_method!(warning, Level::Warning);
    |     ------------------------------------------- in this macro invocation
    |
    = note: this error originates in the macro `diagnostic_method` (in Nightly builds, run with -Z macro-backtrace for more info)

error[E0425]: cannot find type `String` in this scope
   --> /Users/danluu/dev/rust-interp-semantic-reuse-20260913/results/proc-macro-arena-crate-05/source/src/lib.rs:614:30
    |
614 |         pub fn $name<T: Into<String>>(self, message: T) -> Diagnostic {
    |                              ^^^^^^ not found in this scope
...
768 |     diagnostic_method!(warning, Level::Warning);
    |     ------------------------------------------- in this macro invocation
    |
    = note: this error originates in the macro `diagnostic_method` (in Nightly builds, run with -Z macro-backtrace for more info)
help: there is an enum variant `crate::bridge::PanicMessage::String`; try using the variant's enum
    |
614 -         pub fn $name<T: Into<String>>(self, message: T) -> Diagnostic {
614 +         pub fn $name<T: Into<crate::bridge::PanicMessage>>(self, message: T) -> Diagnostic {
    |
help: you might be missing a type parameter
    |
620 | impl<String> Span {
    |     ++++++++

error[E0405]: cannot find trait `Into` in this scope
   --> /Users/danluu/dev/rust-interp-semantic-reuse-20260913/results/proc-macro-arena-crate-05/source/src/lib.rs:614:25
    |
614 |         pub fn $name<T: Into<String>>(self, message: T) -> Diagnostic {
    |                         ^^^^ not found in this scope
...
769 |     diagnostic_method!(note, Level::Note);
    |     ------------------------------------- in this macro invocation
    |
    = note: this error originates in the macro `diagnostic_method` (in Nightly builds, run with -Z macro-backtrace for more info)

error[E0425]: cannot find type `String` in this scope
   --> /Users/danluu/dev/rust-interp-semantic-reuse-20260913/results/proc-macro-arena-crate-05/source/src/lib.rs:614:30
    |
614 |         pub fn $name<T: Into<String>>(self, message: T) -> Diagnostic {
    |                              ^^^^^^ not found in this scope
...
769 |     diagnostic_method!(note, Level::Note);
    |     ------------------------------------- in this macro invocation
    |
    = note: this error originates in the macro `diagnostic_method` (in Nightly builds, run with -Z macro-backtrace for more info)
help: there is an enum variant `crate::bridge::PanicMessage::String`; try using the variant's enum
    |
614 -         pub fn $name<T: Into<String>>(self, message: T) -> Diagnostic {
614 +         pub fn $name<T: Into<crate::bridge::PanicMessage>>(self, message: T) -> Diagnostic {
    |
help: you might be missing a type parameter
    |
620 | impl<String> Span {
    |     ++++++++

error[E0405]: cannot find trait `Into` in this scope
   --> /Users/danluu/dev/rust-interp-semantic-reuse-20260913/results/proc-macro-arena-crate-05/source/src/lib.rs:614:25
    |
614 |         pub fn $name<T: Into<String>>(self, message: T) -> Diagnostic {
    |                         ^^^^ not found in this scope
...
770 |     diagnostic_method!(help, Level::Help);
    |     ------------------------------------- in this macro invocation
    |
    = note: this error originates in the macro `diagnostic_method` (in Nightly builds, run with -Z macro-backtrace for more info)

error[E0425]: cannot find type `String` in this scope
   --> /Users/danluu/dev/rust-interp-semantic-reuse-20260913/results/proc-macro-arena-crate-05/source/src/lib.rs:614:30
    |
614 |         pub fn $name<T: Into<String>>(self, message: T) -> Diagnostic {
    |                              ^^^^^^ not found in this scope
...
770 |     diagnostic_method!(help, Level::Help);
    |     ------------------------------------- in this macro invocation
    |
    = note: this error originates in the macro `diagnostic_method` (in Nightly builds, run with -Z macro-backtrace for more info)
help: there is an enum variant `crate::bridge::PanicMessage::String`; try using the variant's enum
    |
614 -         pub fn $name<T: Into<String>>(self, message: T) -> Diagnostic {
614 +         pub fn $name<T: Into<crate::bridge::PanicMessage>>(self, message: T) -> Diagnostic {
    |
help: you might be missing a type parameter
    |
620 | impl<String> Span {
    |     ++++++++

error[E0405]: cannot find trait `Send` in this scope
   --> /Users/danluu/dev/rust-interp-semantic-reuse-20260913/results/proc-macro-arena-crate-05/source/src/lib.rs:800:7
    |
800 | impl !Send for TokenTree {}
    |       ^^^^ not found in this scope

error[E0405]: cannot find trait `Sync` in this scope
   --> /Users/danluu/dev/rust-interp-semantic-reuse-20260913/results/proc-macro-arena-crate-05/source/src/lib.rs:802:7
    |
802 | impl !Sync for TokenTree {}
    |       ^^^^ not found in this scope

error[E0405]: cannot find trait `Send` in this scope
   --> /Users/danluu/dev/rust-interp-semantic-reuse-20260913/results/proc-macro-arena-crate-05/source/src/lib.rs:907:7
    |
907 | impl !Send for Group {}
    |       ^^^^ not found in this scope

error[E0405]: cannot find trait `Sync` in this scope
   --> /Users/danluu/dev/rust-interp-semantic-reuse-20260913/results/proc-macro-arena-crate-05/source/src/lib.rs:909:7
    |
909 | impl !Sync for Group {}
    |       ^^^^ not found in this scope

error[E0405]: cannot find trait `Send` in this scope
    --> /Users/danluu/dev/rust-interp-semantic-reuse-20260913/results/proc-macro-arena-crate-05/source/src/lib.rs:1051:7
     |
1051 | impl !Send for Punct {}
     |       ^^^^ not found in this scope

error[E0405]: cannot find trait `Sync` in this scope
    --> /Users/danluu/dev/rust-interp-semantic-reuse-20260913/results/proc-macro-arena-crate-05/source/src/lib.rs:1053:7
     |
1053 | impl !Sync for Punct {}
     |       ^^^^ not found in this scope

error[E0405]: cannot find trait `PartialEq` in this scope
    --> /Users/danluu/dev/rust-interp-semantic-reuse-20260913/results/proc-macro-arena-crate-05/source/src/lib.rs:1154:6
     |
1154 | impl PartialEq<char> for Punct {
     |      ^^^^^^^^^ not found in this scope

error[E0405]: cannot find trait `PartialEq` in this scope
    --> /Users/danluu/dev/rust-interp-semantic-reuse-20260913/results/proc-macro-arena-crate-05/source/src/lib.rs:1161:6
     |
1161 | impl PartialEq<Punct> for char {
     |      ^^^^^^^^^ not found in this scope

error[E0425]: cannot find type `Option` in this scope
    --> /Users/danluu/dev/rust-interp-semantic-reuse-20260913/results/proc-macro-arena-crate-05/source/src/lib.rs:1372:56
     |
1372 |     fn new(kind: bridge::LitKind, value: &str, suffix: Option<&str>) -> Self {
     |                                                        ^^^^^^ not found in this scope

error[E0425]: cannot find value `None` in this scope
    --> /Users/danluu/dev/rust-interp-semantic-reuse-20260913/results/proc-macro-arena-crate-05/source/src/lib.rs:1307:25
     |
1307 |                   suffix: None,
     |                           ^^^^ not found in this scope
...
1396 | /     unsuffixed_int_literals! {
1397 | |         u8_unsuffixed => u8,
1398 | |         u16_unsuffixed => u16,
1399 | |         u32_unsuffixed => u32,
...    |
1408 | |         isize_unsuffixed => isize,
1409 | |     }
     | |_____- in this macro invocation
     |
     = note: this error originates in the macro `unsuffixed_int_literals` (in Nightly builds, run with -Z macro-backtrace for more info)
help: consider importing this unit variant
     |
  48 + use crate::Delimiter::None;
     |

error[E0425]: cannot find value `None` in this scope
    --> /Users/danluu/dev/rust-interp-semantic-reuse-20260913/results/proc-macro-arena-crate-05/source/src/lib.rs:1307:25
     |
1307 |                   suffix: None,
     |                           ^^^^ not found in this scope
...
1396 | /     unsuffixed_int_literals! {
1397 | |         u8_unsuffixed => u8,
1398 | |         u16_unsuffixed => u16,
1399 | |         u32_unsuffixed => u32,
...    |
1408 | |         isize_unsuffixed => isize,
1409 | |     }
     | |_____- in this macro invocation
     |
     = note: duplicate diagnostic emitted due to `-Z deduplicate-diagnostics=no`
     = note: this error originates in the macro `unsuffixed_int_literals` (in Nightly builds, run with -Z macro-backtrace for more info)
help: consider importing this unit variant
     |
  48 + use crate::Delimiter::None;
     |

error[E0425]: cannot find value `None` in this scope
    --> /Users/danluu/dev/rust-interp-semantic-reuse-20260913/results/proc-macro-arena-crate-05/source/src/lib.rs:1307:25
     |
1307 |                   suffix: None,
     |                           ^^^^ not found in this scope
...
1396 | /     unsuffixed_int_literals! {
1397 | |         u8_unsuffixed => u8,
1398 | |         u16_unsuffixed => u16,
1399 | |         u32_unsuffixed => u32,
...    |
1408 | |         isize_unsuffixed => isize,
1409 | |     }
     | |_____- in this macro invocation
     |
     = note: duplicate diagnostic emitted due to `-Z deduplicate-diagnostics=no`
     = note: this error originates in the macro `unsuffixed_int_literals` (in Nightly builds, run with -Z macro-backtrace for more info)
help: consider importing this unit variant
     |
  48 + use crate::Delimiter::None;
     |

error[E0425]: cannot find value `None` in this scope
    --> /Users/danluu/dev/rust-interp-semantic-reuse-20260913/results/proc-macro-arena-crate-05/source/src/lib.rs:1307:25
     |
1307 |                   suffix: None,
     |                           ^^^^ not found in this scope
...
1396 | /     unsuffixed_int_literals! {
1397 | |         u8_unsuffixed => u8,
1398 | |         u16_unsuffixed => u16,
1399 | |         u32_unsuffixed => u32,
...    |
1408 | |         isize_unsuffixed => isize,
1409 | |     }
     | |_____- in this macro invocation
     |
     = note: duplicate diagnostic emitted due to `-Z deduplicate-diagnostics=no`
     = note: this error originates in the macro `unsuffixed_int_literals` (in Nightly builds, run with -Z macro-backtrace for more info)
help: consider importing this unit variant
     |
  48 + use crate::Delimiter::None;
     |

error[E0425]: cannot find value `None` in this scope
    --> /Users/danluu/dev/rust-interp-semantic-reuse-20260913/results/proc-macro-arena-crate-05/source/src/lib.rs:1307:25
     |
1307 |                   suffix: None,
     |                           ^^^^ not found in this scope
...
1396 | /     unsuffixed_int_literals! {
1397 | |         u8_unsuffixed => u8,
1398 | |         u16_unsuffixed => u16,
1399 | |         u32_unsuffixed => u32,
...    |
1408 | |         isize_unsuffixed => isize,
1409 | |     }
     | |_____- in this macro invocation
     |
     = note: duplicate diagnostic emitted due to `-Z deduplicate-diagnostics=no`
     = note: this error originates in the macro `unsuffixed_int_literals` (in Nightly builds, run with -Z macro-backtrace for more info)
help: consider importing this unit variant
     |
  48 + use crate::Delimiter::None;
     |

error[E0425]: cannot find value `None` in this scope
    --> /Users/danluu/dev/rust-interp-semantic-reuse-20260913/results/proc-macro-arena-crate-05/source/src/lib.rs:1307:25
     |
1307 |                   suffix: None,
     |                           ^^^^ not found in this scope
...
1396 | /     unsuffixed_int_literals! {
1397 | |         u8_unsuffixed => u8,
1398 | |         u16_unsuffixed => u16,
1399 | |         u32_unsuffixed => u32,
...    |
1408 | |         isize_unsuffixed => isize,
1409 | |     }
     | |_____- in this macro invocation
     |
     = note: duplicate diagnostic emitted due to `-Z deduplicate-diagnostics=no`
     = note: this error originates in the macro `unsuffixed_int_literals` (in Nightly builds, run with -Z macro-backtrace for more info)
help: consider importing this unit variant
     |
  48 + use crate::Delimiter::None;
     |

error[E0425]: cannot find value `None` in this scope
    --> /Users/danluu/dev/rust-interp-semantic-reuse-20260913/results/proc-macro-arena-crate-05/source/src/lib.rs:1307:25
     |
1307 |                   suffix: None,
     |                           ^^^^ not found in this scope
...
1396 | /     unsuffixed_int_literals! {
1397 | |         u8_unsuffixed => u8,
1398 | |         u16_unsuffixed => u16,
1399 | |         u32_unsuffixed => u32,
...    |
1408 | |         isize_unsuffixed => isize,
1409 | |     }
     | |_____- in this macro invocation
     |
     = note: duplicate diagnostic emitted due to `-Z deduplicate-diagnostics=no`
     = note: this error originates in the macro `unsuffixed_int_literals` (in Nightly builds, run with -Z macro-backtrace for more info)
help: consider importing this unit variant
     |
  48 + use crate::Delimiter::None;
     |

error[E0425]: cannot find value `None` in this scope
    --> /Users/danluu/dev/rust-interp-semantic-reuse-20260913/results/proc-macro-arena-crate-05/source/src/lib.rs:1307:25
     |
1307 |                   suffix: None,
     |                           ^^^^ not found in this scope
...
1396 | /     unsuffixed_int_literals! {
1397 | |         u8_unsuffixed => u8,
1398 | |         u16_unsuffixed => u16,
1399 | |         u32_unsuffixed => u32,
...    |
1408 | |         isize_unsuffixed => isize,
1409 | |     }
     | |_____- in this macro invocation
     |
     = note: duplicate diagnostic emitted due to `-Z deduplicate-diagnostics=no`
     = note: this error originates in the macro `unsuffixed_int_literals` (in Nightly builds, run with -Z macro-backtrace for more info)
help: consider importing this unit variant
     |
  48 + use crate::Delimiter::None;
     |

error[E0425]: cannot find value `None` in this scope
    --> /Users/danluu/dev/rust-interp-semantic-reuse-20260913/results/proc-macro-arena-crate-05/source/src/lib.rs:1307:25
     |
1307 |                   suffix: None,
     |                           ^^^^ not found in this scope
...
1396 | /     unsuffixed_int_literals! {
1397 | |         u8_unsuffixed => u8,
1398 | |         u16_unsuffixed => u16,
1399 | |         u32_unsuffixed => u32,
...    |
1408 | |         isize_unsuffixed => isize,
1409 | |     }
     | |_____- in this macro invocation
     |
     = note: duplicate diagnostic emitted due to `-Z deduplicate-diagnostics=no`
     = note: this error originates in the macro `unsuffixed_int_literals` (in Nightly builds, run with -Z macro-backtrace for more info)
help: consider importing this unit variant
     |
  48 + use crate::Delimiter::None;
     |

error[E0425]: cannot find value `None` in this scope
    --> /Users/danluu/dev/rust-interp-semantic-reuse-20260913/results/proc-macro-arena-crate-05/source/src/lib.rs:1307:25
     |
1307 |                   suffix: None,
     |                           ^^^^ not found in this scope
...
1396 | /     unsuffixed_int_literals! {
1397 | |         u8_unsuffixed => u8,
1398 | |         u16_unsuffixed => u16,
1399 | |         u32_unsuffixed => u32,
...    |
1408 | |         isize_unsuffixed => isize,
1409 | |     }
     | |_____- in this macro invocation
     |
     = note: duplicate diagnostic emitted due to `-Z deduplicate-diagnostics=no`
     = note: this error originates in the macro `unsuffixed_int_literals` (in Nightly builds, run with -Z macro-backtrace for more info)
help: consider importing this unit variant
     |
  48 + use crate::Delimiter::None;
     |

error[E0425]: cannot find value `None` in this scope
    --> /Users/danluu/dev/rust-interp-semantic-reuse-20260913/results/proc-macro-arena-crate-05/source/src/lib.rs:1307:25
     |
1307 |                   suffix: None,
     |                           ^^^^ not found in this scope
...
1396 | /     unsuffixed_int_literals! {
1397 | |         u8_unsuffixed => u8,
1398 | |         u16_unsuffixed => u16,
1399 | |         u32_unsuffixed => u32,
...    |
1408 | |         isize_unsuffixed => isize,
1409 | |     }
     | |_____- in this macro invocation
     |
     = note: duplicate diagnostic emitted due to `-Z deduplicate-diagnostics=no`
     = note: this error originates in the macro `unsuffixed_int_literals` (in Nightly builds, run with -Z macro-backtrace for more info)
help: consider importing this unit variant
     |
  48 + use crate::Delimiter::None;
     |

error[E0425]: cannot find value `None` in this scope
    --> /Users/danluu/dev/rust-interp-semantic-reuse-20260913/results/proc-macro-arena-crate-05/source/src/lib.rs:1307:25
     |
1307 |                   suffix: None,
     |                           ^^^^ not found in this scope
...
1396 | /     unsuffixed_int_literals! {
1397 | |         u8_unsuffixed => u8,
1398 | |         u16_unsuffixed => u16,
1399 | |         u32_unsuffixed => u32,
...    |
1408 | |         isize_unsuffixed => isize,
1409 | |     }
     | |_____- in this macro invocation
     |
     = note: duplicate diagnostic emitted due to `-Z deduplicate-diagnostics=no`
     = note: this error originates in the macro `unsuffixed_int_literals` (in Nightly builds, run with -Z macro-backtrace for more info)
help: consider importing this unit variant
     |
  48 + use crate::Delimiter::None;
     |

error[E0425]: cannot find value `None` in this scope
    --> /Users/danluu/dev/rust-interp-semantic-reuse-20260913/results/proc-macro-arena-crate-05/source/src/lib.rs:1432:53
     |
1432 |         Literal::new(bridge::LitKind::Float, &repr, None)
     |                                                     ^^^^ not found in this scope
     |
help: consider importing this unit variant
     |
  48 + use crate::Delimiter::None;
     |

error[E0425]: cannot find value `None` in this scope
    --> /Users/danluu/dev/rust-interp-semantic-reuse-20260913/results/proc-macro-arena-crate-05/source/src/lib.rs:1477:53
     |
1477 |         Literal::new(bridge::LitKind::Float, &repr, None)
     |                                                     ^^^^ not found in this scope
     |
help: consider importing this unit variant
     |
  48 + use crate::Delimiter::None;
     |

error[E0425]: cannot find value `None` in this scope
    --> /Users/danluu/dev/rust-interp-semantic-reuse-20260913/results/proc-macro-arena-crate-05/source/src/lib.rs:1510:51
     |
1510 |         Literal::new(bridge::LitKind::Str, &repr, None)
     |                                                   ^^^^ not found in this scope
     |
help: consider importing this unit variant
     |
  48 + use crate::Delimiter::None;
     |

error[E0425]: cannot find value `None` in this scope
    --> /Users/danluu/dev/rust-interp-semantic-reuse-20260913/results/proc-macro-arena-crate-05/source/src/lib.rs:1522:52
     |
1522 |         Literal::new(bridge::LitKind::Char, &repr, None)
     |                                                    ^^^^ not found in this scope
     |
help: consider importing this unit variant
     |
  48 + use crate::Delimiter::None;
     |

error[E0425]: cannot find value `None` in this scope
    --> /Users/danluu/dev/rust-interp-semantic-reuse-20260913/results/proc-macro-arena-crate-05/source/src/lib.rs:1534:52
     |
1534 |         Literal::new(bridge::LitKind::Byte, &repr, None)
     |                                                    ^^^^ not found in this scope
     |
help: consider importing this unit variant
     |
  48 + use crate::Delimiter::None;
     |

error[E0425]: cannot find value `None` in this scope
    --> /Users/danluu/dev/rust-interp-semantic-reuse-20260913/results/proc-macro-arena-crate-05/source/src/lib.rs:1546:55
     |
1546 |         Literal::new(bridge::LitKind::ByteStr, &repr, None)
     |                                                       ^^^^ not found in this scope
     |
help: consider importing this unit variant
     |
  48 + use crate::Delimiter::None;
     |

error[E0425]: cannot find value `None` in this scope
    --> /Users/danluu/dev/rust-interp-semantic-reuse-20260913/results/proc-macro-arena-crate-05/source/src/lib.rs:1558:52
     |
1558 |         Literal::new(bridge::LitKind::CStr, &repr, None)
     |                                                    ^^^^ not found in this scope
     |
help: consider importing this unit variant
     |
  48 + use crate::Delimiter::None;
     |

error[E0425]: cannot find type `Option` in this scope
    --> /Users/danluu/dev/rust-interp-semantic-reuse-20260913/results/proc-macro-arena-crate-05/source/src/lib.rs:1585:63
     |
1585 |     pub fn subspan<R: RangeBounds<usize>>(&self, range: R) -> Option<Span> {
     |                                                               ^^^^^^ not found in this scope

error[E0405]: cannot find trait `FnOnce` in this scope
    --> /Users/danluu/dev/rust-interp-semantic-reuse-20260913/results/proc-macro-arena-crate-05/source/src/lib.rs:1594:49
     |
1594 |     fn with_symbol_and_suffix<R>(&self, f: impl FnOnce(&str, &str) -> R) -> R {
     |                                                 ^^^^^^ not found in this scope

error[E0531]: cannot find tuple struct or tuple variant `Some` in this scope
    --> /Users/danluu/dev/rust-interp-semantic-reuse-20260913/results/proc-macro-arena-crate-05/source/src/lib.rs:1596:13
     |
1596 |             Some(suffix) => suffix.with(|suffix| f(symbol, suffix)),
     |             ^^^^ not found in this scope

error[E0405]: cannot find trait `FnOnce` in this scope
    --> /Users/danluu/dev/rust-interp-semantic-reuse-20260913/results/proc-macro-arena-crate-05/source/src/lib.rs:1605:47
     |
1605 |     fn with_stringify_parts<R>(&self, f: impl FnOnce(&[&str]) -> R) -> R {
     |                                               ^^^^^^ not found in this scope

error[E0425]: cannot find type `Result` in this scope
    --> /Users/danluu/dev/rust-interp-semantic-reuse-20260913/results/proc-macro-arena-crate-05/source/src/lib.rs:1647:43
     |
1647 |     pub fn byte_character_value(&self) -> Result<u8, ConversionErrorKind> {
     |                                           ^^^^^^ not found in this scope

error[E0425]: cannot find type `Result` in this scope
    --> /Users/danluu/dev/rust-interp-semantic-reuse-20260913/results/proc-macro-arena-crate-05/source/src/lib.rs:1657:38
     |
1657 |     pub fn character_value(&self) -> Result<char, ConversionErrorKind> {
     |                                      ^^^^^^ not found in this scope

error[E0425]: cannot find type `Result` in this scope
    --> /Users/danluu/dev/rust-interp-semantic-reuse-20260913/results/proc-macro-arena-crate-05/source/src/lib.rs:1667:32
     |
1667 |     pub fn str_value(&self) -> Result<String, ConversionErrorKind> {
     |                                ^^^^^^ not found in this scope

error[E0425]: cannot find type `String` in this scope
    --> /Users/danluu/dev/rust-interp-semantic-reuse-20260913/results/proc-macro-arena-crate-05/source/src/lib.rs:1667:39
     |
1667 |     pub fn str_value(&self) -> Result<String, ConversionErrorKind> {
     |                                       ^^^^^^ not found in this scope
     |
help: there is an enum variant `crate::bridge::PanicMessage::String`; try using the variant's enum
     |
1667 -     pub fn str_value(&self) -> Result<String, ConversionErrorKind> {
1667 +     pub fn str_value(&self) -> Result<crate::bridge::PanicMessage, ConversionErrorKind> {
     |
help: you might be missing a type parameter
     |
1371 | impl<String> Literal {
     |     ++++++++

error[E0425]: cannot find value `None` in this scope
    --> /Users/danluu/dev/rust-interp-semantic-reuse-20260913/results/proc-macro-arena-crate-05/source/src/lib.rs:1672:37
     |
1672 |                     let mut error = None;
     |                                     ^^^^ not found in this scope
     |
help: consider importing this unit variant
     |
  48 + use crate::Delimiter::None;
     |

error[E0531]: cannot find tuple struct or tuple variant `Ok` in this scope
    --> /Users/danluu/dev/rust-interp-semantic-reuse-20260913/results/proc-macro-arena-crate-05/source/src/lib.rs:1680:29
     |
1680 | ...                   Ok(c) => buf.push(c),
     |                       ^^ not found in this scope

error[E0531]: cannot find tuple struct or tuple variant `Err` in this scope
    --> /Users/danluu/dev/rust-interp-semantic-reuse-20260913/results/proc-macro-arena-crate-05/source/src/lib.rs:1681:29
     |
1681 | ...                   Err(err) => {
     |                       ^^^ not found in this scope

error[E0531]: cannot find tuple struct or tuple variant `Some` in this scope
    --> /Users/danluu/dev/rust-interp-semantic-reuse-20260913/results/proc-macro-arena-crate-05/source/src/lib.rs:1688:28
     |
1688 |                     if let Some(error) = error { Err(error) } else { Ok(buf) }
     |                            ^^^^ not found in this scope

error[E0425]: cannot find type `Result` in this scope
    --> /Users/danluu/dev/rust-interp-semantic-reuse-20260913/results/proc-macro-arena-crate-05/source/src/lib.rs:1701:33
     |
1701 |     pub fn cstr_value(&self) -> Result<Vec<u8>, ConversionErrorKind> {
     |                                 ^^^^^^ not found in this scope

error[E0425]: cannot find type `Vec` in this scope
    --> /Users/danluu/dev/rust-interp-semantic-reuse-20260913/results/proc-macro-arena-crate-05/source/src/lib.rs:1701:40
     |
1701 |     pub fn cstr_value(&self) -> Result<Vec<u8>, ConversionErrorKind> {
     |                                        ^^^ not found in this scope

error[E0425]: cannot find value `None` in this scope
    --> /Users/danluu/dev/rust-interp-semantic-reuse-20260913/results/proc-macro-arena-crate-05/source/src/lib.rs:1704:33
     |
1704 |                 let mut error = None;
     |                                 ^^^^ not found in this scope
     |
help: consider importing this unit variant
     |
  48 + use crate::Delimiter::None;
     |

error[E0531]: cannot find tuple struct or tuple variant `Ok` in this scope
    --> /Users/danluu/dev/rust-interp-semantic-reuse-20260913/results/proc-macro-arena-crate-05/source/src/lib.rs:1708:21
     |
1708 |                     Ok(MixedUnit::Char(c)) => {
     |                     ^^ not found in this scope

error[E0531]: cannot find tuple struct or tuple variant `Ok` in this scope
    --> /Users/danluu/dev/rust-interp-semantic-reuse-20260913/results/proc-macro-arena-crate-05/source/src/lib.rs:1711:21
     |
1711 |                     Ok(MixedUnit::HighByte(b)) => buf.push(b.get()),
     |                     ^^ not found in this scope

error[E0531]: cannot find tuple struct or tuple variant `Err` in this scope
    --> /Users/danluu/dev/rust-interp-semantic-reuse-20260913/results/proc-macro-arena-crate-05/source/src/lib.rs:1712:21
     |
1712 |                     Err(err) => {
     |                     ^^^ not found in this scope

error[E0531]: cannot find tuple struct or tuple variant `Some` in this scope
    --> /Users/danluu/dev/rust-interp-semantic-reuse-20260913/results/proc-macro-arena-crate-05/source/src/lib.rs:1718:24
     |
1718 |                 if let Some(error) = error {
     |                        ^^^^ not found in this scope

error[E0425]: cannot find type `Result` in this scope
    --> /Users/danluu/dev/rust-interp-semantic-reuse-20260913/results/proc-macro-arena-crate-05/source/src/lib.rs:1740:37
     |
1740 |     pub fn byte_str_value(&self) -> Result<Vec<u8>, ConversionErrorKind> {
     |                                     ^^^^^^ not found in this scope

error[E0425]: cannot find type `Vec` in this scope
    --> /Users/danluu/dev/rust-interp-semantic-reuse-20260913/results/proc-macro-arena-crate-05/source/src/lib.rs:1740:44
     |
1740 |     pub fn byte_str_value(&self) -> Result<Vec<u8>, ConversionErrorKind> {
     |                                            ^^^ not found in this scope

error[E0425]: cannot find value `None` in this scope
    --> /Users/danluu/dev/rust-interp-semantic-reuse-20260913/results/proc-macro-arena-crate-05/source/src/lib.rs:1744:33
     |
1744 |                 let mut error = None;
     |                                 ^^^^ not found in this scope
     |
help: consider importing this unit variant
     |
  48 + use crate::Delimiter::None;
     |

error[E0531]: cannot find tuple struct or tuple variant `Ok` in this scope
    --> /Users/danluu/dev/rust-interp-semantic-reuse-20260913/results/proc-macro-arena-crate-05/source/src/lib.rs:1747:21
     |
1747 |                     Ok(b) => buf.push(b),
     |                     ^^ not found in this scope

error[E0531]: cannot find tuple struct or tuple variant `Err` in this scope
    --> /Users/danluu/dev/rust-interp-semantic-reuse-20260913/results/proc-macro-arena-crate-05/source/src/lib.rs:1748:21
     |
1748 |                     Err(err) => {
     |                     ^^^ not found in this scope

error[E0531]: cannot find tuple struct or tuple variant `Some` in this scope
    --> /Users/danluu/dev/rust-interp-semantic-reuse-20260913/results/proc-macro-arena-crate-05/source/src/lib.rs:1754:24
     |
1754 |                 if let Some(error) = error { Err(error) } else { Ok(buf) }
     |                        ^^^^ not found in this scope

error[E0425]: cannot find type `Result` in this scope
    --> /Users/danluu/dev/rust-interp-semantic-reuse-20260913/results/proc-macro-arena-crate-05/source/src/lib.rs:1324:39
     |
1324 |               pub fn $fn_name(&self) -> Result<$nb, ConversionErrorKind> {
     |                                         ^^^^^^ not found in this scope
...
1765 | /     integer_values! {
1766 | |         u8 => u8_value,
1767 | |         u16 => u16_value,
1768 | |         u32 => u32_value,
...    |
1775 | |         i128 => i128_value,
1776 | |     }
     | |_____- in this macro invocation
     |
     = note: this error originates in the macro `integer_values` (in Nightly builds, run with -Z macro-backtrace for more info)

error[E0425]: cannot find type `Result` in this scope
    --> /Users/danluu/dev/rust-interp-semantic-reuse-20260913/results/proc-macro-arena-crate-05/source/src/lib.rs:1324:39
     |
1324 |               pub fn $fn_name(&self) -> Result<$nb, ConversionErrorKind> {
     |                                         ^^^^^^ not found in this scope
...
1765 | /     integer_values! {
1766 | |         u8 => u8_value,
1767 | |         u16 => u16_value,
1768 | |         u32 => u32_value,
...    |
1775 | |         i128 => i128_value,
1776 | |     }
     | |_____- in this macro invocation
     |
     = note: duplicate diagnostic emitted due to `-Z deduplicate-diagnostics=no`
     = note: this error originates in the macro `integer_values` (in Nightly builds, run with -Z macro-backtrace for more info)

error[E0425]: cannot find type `Result` in this scope
    --> /Users/danluu/dev/rust-interp-semantic-reuse-20260913/results/proc-macro-arena-crate-05/source/src/lib.rs:1324:39
     |
1324 |               pub fn $fn_name(&self) -> Result<$nb, ConversionErrorKind> {
     |                                         ^^^^^^ not found in this scope
...
1765 | /     integer_values! {
1766 | |         u8 => u8_value,
1767 | |         u16 => u16_value,
1768 | |         u32 => u32_value,
...    |
1775 | |         i128 => i128_value,
1776 | |     }
     | |_____- in this macro invocation
     |
     = note: duplicate diagnostic emitted due to `-Z deduplicate-diagnostics=no`
     = note: this error originates in the macro `integer_values` (in Nightly builds, run with -Z macro-backtrace for more info)

error[E0425]: cannot find type `Result` in this scope
    --> /Users/danluu/dev/rust-interp-semantic-reuse-20260913/results/proc-macro-arena-crate-05/source/src/lib.rs:1324:39
     |
1324 |               pub fn $fn_name(&self) -> Result<$nb, ConversionErrorKind> {
     |                                         ^^^^^^ not found in this scope
...
1765 | /     integer_values! {
1766 | |         u8 => u8_value,
1767 | |         u16 => u16_value,
1768 | |         u32 => u32_value,
...    |
1775 | |         i128 => i128_value,
1776 | |     }
     | |_____- in this macro invocation
     |
     = note: duplicate diagnostic emitted due to `-Z deduplicate-diagnostics=no`
     = note: this error originates in the macro `integer_values` (in Nightly builds, run with -Z macro-backtrace for more info)

error[E0425]: cannot find type `Result` in this scope
    --> /Users/danluu/dev/rust-interp-semantic-reuse-20260913/results/proc-macro-arena-crate-05/source/src/lib.rs:1324:39
     |
1324 |               pub fn $fn_name(&self) -> Result<$nb, ConversionErrorKind> {
     |                                         ^^^^^^ not found in this scope
...
1765 | /     integer_values! {
1766 | |         u8 => u8_value,
1767 | |         u16 => u16_value,
1768 | |         u32 => u32_value,
...    |
1775 | |         i128 => i128_value,
1776 | |     }
     | |_____- in this macro invocation
     |
     = note: duplicate diagnostic emitted due to `-Z deduplicate-diagnostics=no`
     = note: this error originates in the macro `integer_values` (in Nightly builds, run with -Z macro-backtrace for more info)

error[E0425]: cannot find type `Result` in this scope
    --> /Users/danluu/dev/rust-interp-semantic-reuse-20260913/results/proc-macro-arena-crate-05/source/src/lib.rs:1324:39
     |
1324 |               pub fn $fn_name(&self) -> Result<$nb, ConversionErrorKind> {
     |                                         ^^^^^^ not found in this scope
...
1765 | /     integer_values! {
1766 | |         u8 => u8_value,
1767 | |         u16 => u16_value,
1768 | |         u32 => u32_value,
...    |
1775 | |         i128 => i128_value,
1776 | |     }
     | |_____- in this macro invocation
     |
     = note: duplicate diagnostic emitted due to `-Z deduplicate-diagnostics=no`
     = note: this error originates in the macro `integer_values` (in Nightly builds, run with -Z macro-backtrace for more info)

error[E0425]: cannot find type `Result` in this scope
    --> /Users/danluu/dev/rust-interp-semantic-reuse-20260913/results/proc-macro-arena-crate-05/source/src/lib.rs:1324:39
     |
1324 |               pub fn $fn_name(&self) -> Result<$nb, ConversionErrorKind> {
     |                                         ^^^^^^ not found in this scope
...
1765 | /     integer_values! {
1766 | |         u8 => u8_value,
1767 | |         u16 => u16_value,
1768 | |         u32 => u32_value,
...    |
1775 | |         i128 => i128_value,
1776 | |     }
     | |_____- in this macro invocation
     |
     = note: duplicate diagnostic emitted due to `-Z deduplicate-diagnostics=no`
     = note: this error originates in the macro `integer_values` (in Nightly builds, run with -Z macro-backtrace for more info)

error[E0425]: cannot find type `Result` in this scope
    --> /Users/danluu/dev/rust-interp-semantic-reuse-20260913/results/proc-macro-arena-crate-05/source/src/lib.rs:1324:39
     |
1324 |               pub fn $fn_name(&self) -> Result<$nb, ConversionErrorKind> {
     |                                         ^^^^^^ not found in this scope
...
1765 | /     integer_values! {
1766 | |         u8 => u8_value,
1767 | |         u16 => u16_value,
1768 | |         u32 => u32_value,
...    |
1775 | |         i128 => i128_value,
1776 | |     }
     | |_____- in this macro invocation
     |
     = note: duplicate diagnostic emitted due to `-Z deduplicate-diagnostics=no`
     = note: this error originates in the macro `integer_values` (in Nightly builds, run with -Z macro-backtrace for more info)

error[E0425]: cannot find type `Result` in this scope
    --> /Users/danluu/dev/rust-interp-semantic-reuse-20260913/results/proc-macro-arena-crate-05/source/src/lib.rs:1324:39
     |
1324 |               pub fn $fn_name(&self) -> Result<$nb, ConversionErrorKind> {
     |                                         ^^^^^^ not found in this scope
...
1765 | /     integer_values! {
1766 | |         u8 => u8_value,
1767 | |         u16 => u16_value,
1768 | |         u32 => u32_value,
...    |
1775 | |         i128 => i128_value,
1776 | |     }
     | |_____- in this macro invocation
     |
     = note: duplicate diagnostic emitted due to `-Z deduplicate-diagnostics=no`
     = note: this error originates in the macro `integer_values` (in Nightly builds, run with -Z macro-backtrace for more info)

error[E0425]: cannot find type `Result` in this scope
    --> /Users/danluu/dev/rust-interp-semantic-reuse-20260913/results/proc-macro-arena-crate-05/source/src/lib.rs:1324:39
     |
1324 |               pub fn $fn_name(&self) -> Result<$nb, ConversionErrorKind> {
     |                                         ^^^^^^ not found in this scope
...
1765 | /     integer_values! {
1766 | |         u8 => u8_value,
1767 | |         u16 => u16_value,
1768 | |         u32 => u32_value,
...    |
1775 | |         i128 => i128_value,
1776 | |     }
     | |_____- in this macro invocation
     |
     = note: duplicate diagnostic emitted due to `-Z deduplicate-diagnostics=no`
     = note: this error originates in the macro `integer_values` (in Nightly builds, run with -Z macro-backtrace for more info)

error[E0425]: cannot find type `Result` in this scope
    --> /Users/danluu/dev/rust-interp-semantic-reuse-20260913/results/proc-macro-arena-crate-05/source/src/lib.rs:1353:39
     |
1353 |               pub fn $fn_name(&self) -> Result<$nb, ConversionErrorKind> {
     |                                         ^^^^^^ not found in this scope
...
1778 | /     float_values! {
1779 | |         f16 => f16_value,
1780 | |         f32 => f32_value,
1781 | |         f64 => f64_value,
...    |
1785 | |     }
     | |_____- in this macro invocation
     |
     = note: this error originates in the macro `float_values` (in Nightly builds, run with -Z macro-backtrace for more info)

error[E0425]: cannot find type `Result` in this scope
    --> /Users/danluu/dev/rust-interp-semantic-reuse-20260913/results/proc-macro-arena-crate-05/source/src/lib.rs:1353:39
     |
1353 |               pub fn $fn_name(&self) -> Result<$nb, ConversionErrorKind> {
     |                                         ^^^^^^ not found in this scope
...
1778 | /     float_values! {
1779 | |         f16 => f16_value,
1780 | |         f32 => f32_value,
1781 | |         f64 => f64_value,
...    |
1785 | |     }
     | |_____- in this macro invocation
     |
     = note: duplicate diagnostic emitted due to `-Z deduplicate-diagnostics=no`
     = note: this error originates in the macro `float_values` (in Nightly builds, run with -Z macro-backtrace for more info)

error[E0425]: cannot find type `Result` in this scope
    --> /Users/danluu/dev/rust-interp-semantic-reuse-20260913/results/proc-macro-arena-crate-05/source/src/lib.rs:1353:39
     |
1353 |               pub fn $fn_name(&self) -> Result<$nb, ConversionErrorKind> {
     |                                         ^^^^^^ not found in this scope
...
1778 | /     float_values! {
1779 | |         f16 => f16_value,
1780 | |         f32 => f32_value,
1781 | |         f64 => f64_value,
...    |
1785 | |     }
     | |_____- in this macro invocation
     |
     = note: duplicate diagnostic emitted due to `-Z deduplicate-diagnostics=no`
     = note: this error originates in the macro `float_values` (in Nightly builds, run with -Z macro-backtrace for more info)

error[E0531]: cannot find tuple struct or tuple variant `Some` in this scope
    --> /Users/danluu/dev/rust-interp-semantic-reuse-20260913/results/proc-macro-arena-crate-05/source/src/lib.rs:1799:9
     |
1799 |     let Some(first_digit) = iter.next() else {
     |         ^^^^ not found in this scope

error[E0531]: cannot find tuple struct or tuple variant `Some` in this scope
    --> /Users/danluu/dev/rust-interp-semantic-reuse-20260913/results/proc-macro-arena-crate-05/source/src/lib.rs:1802:9
     |
1802 |     let Some(second_digit) = iter.next() else {
     |         ^^^^ not found in this scope

error[E0425]: cannot find type `Result` in this scope
    --> /Users/danluu/dev/rust-interp-semantic-reuse-20260913/results/proc-macro-arena-crate-05/source/src/lib.rs:1856:31
     |
1856 |     fn from_str(src: &str) -> Result<Self, LexError> {
     |                               ^^^^^^ not found in this scope

error[E0531]: cannot find tuple struct or tuple variant `Ok` in this scope
    --> /Users/danluu/dev/rust-interp-semantic-reuse-20260913/results/proc-macro-arena-crate-05/source/src/lib.rs:1858:13
     |
1858 |             Ok(literal) => Ok(Literal(literal)),
     |             ^^ not found in this scope

error[E0531]: cannot find tuple struct or tuple variant `Err` in this scope
    --> /Users/danluu/dev/rust-interp-semantic-reuse-20260913/results/proc-macro-arena-crate-05/source/src/lib.rs:1859:13
     |
1859 |             Err(msg) => Err(LexError(msg)),
     |             ^^^ not found in this scope

error[E0405]: cannot find trait `AsRef` in this scope
    --> /Users/danluu/dev/rust-interp-semantic-reuse-20260913/results/proc-macro-arena-crate-05/source/src/lib.rs:1911:23
     |
1911 |     pub fn env_var<K: AsRef<OsStr> + AsRef<str>>(key: K) -> Result<String, VarError> {
     |                       ^^^^^ not found in this scope

error[E0405]: cannot find trait `AsRef` in this scope
    --> /Users/danluu/dev/rust-interp-semantic-reuse-20260913/results/proc-macro-arena-crate-05/source/src/lib.rs:1911:38
     |
1911 |     pub fn env_var<K: AsRef<OsStr> + AsRef<str>>(key: K) -> Result<String, VarError> {
     |                                      ^^^^^ not found in this scope

error[E0425]: cannot find type `Result` in this scope
    --> /Users/danluu/dev/rust-interp-semantic-reuse-20260913/results/proc-macro-arena-crate-05/source/src/lib.rs:1911:61
     |
1911 |     pub fn env_var<K: AsRef<OsStr> + AsRef<str>>(key: K) -> Result<String, VarError> {
     |                                                             ^^^^^^ not found in this scope

error[E0425]: cannot find type `String` in this scope
    --> /Users/danluu/dev/rust-interp-semantic-reuse-20260913/results/proc-macro-arena-crate-05/source/src/lib.rs:1911:68
     |
1911 |     pub fn env_var<K: AsRef<OsStr> + AsRef<str>>(key: K) -> Result<String, VarError> {
     |                                                                    ^^^^^^ not found in this scope
     |
help: there is an enum variant `crate::bridge::PanicMessage::String`; try using the variant's enum
     |
1911 -     pub fn env_var<K: AsRef<OsStr> + AsRef<str>>(key: K) -> Result<String, VarError> {
1911 +     pub fn env_var<K: AsRef<OsStr> + AsRef<str>>(key: K) -> Result<crate::bridge::PanicMessage, VarError> {
     |
help: you might be missing a type parameter
     |
1911 |     pub fn env_var<K: AsRef<OsStr> + AsRef<str>, String>(key: K) -> Result<String, VarError> {
     |                                                ++++++++

error[E0405]: cannot find trait `AsRef` in this scope
    --> /Users/danluu/dev/rust-interp-semantic-reuse-20260913/results/proc-macro-arena-crate-05/source/src/lib.rs:1922:20
     |
1922 |     pub fn path<P: AsRef<Path>>(path: P) {
     |                    ^^^^^ not found in this scope

error[E0433]: cannot find type `Vec` in this scope
  --> /Users/danluu/dev/rust-interp-semantic-reuse-20260913/results/proc-macro-arena-crate-05/source/src/bridge/arena.rs:36:34
   |
36 |             chunks: RefCell::new(Vec::new()),
   |                                  ^^^ use of undeclared type `Vec`

error[E0433]: cannot find type `Vec` in this scope
  --> /Users/danluu/dev/rust-interp-semantic-reuse-20260913/results/proc-macro-arena-crate-05/source/src/bridge/arena.rs:64:23
   |
64 |             *chunks = Vec::new();
   |                       ^^^ use of undeclared type `Vec`

error[E0433]: cannot find type `Box` in this scope
  --> /Users/danluu/dev/rust-interp-semantic-reuse-20260913/results/proc-macro-arena-crate-05/source/src/bridge/arena.rs:99:37
   |
99 |         let chunk = chunks.push_mut(Box::new_uninit_slice(new_cap));
   |                                     ^^^ use of undeclared type `Box`

error[E0433]: cannot find type `Vec` in this scope
   --> /Users/danluu/dev/rust-interp-semantic-reuse-20260913/results/proc-macro-arena-crate-05/source/src/bridge/buffer.rs:111:17
    |
111 |                 Vec::from_raw_parts(b.data, b.len, b.capacity)
    |                 ^^^ use of undeclared type `Vec`

error[E0433]: cannot find type `Result` in this scope
   --> /Users/danluu/dev/rust-interp-semantic-reuse-20260913/results/proc-macro-arena-crate-05/source/src/bridge/client.rs:128:29
    |
128 |                     let r = Result::<_, PanicMessage>::decode(&mut &buf[..], &mut ());
    |                             ^^^^^^ use of undeclared type `Result`
...
138 | with_api!(define_client_side, TokenStream, Span, Symbol);
    | -------------------------------------------------------- in this macro invocation
    |
    = note: this error originates in the macro `define_client_side` which comes from the expansion of the macro `with_api` (in Nightly builds, run with -Z macro-backtrace for more info)

error[E0433]: cannot find type `Box` in this scope
   --> /Users/danluu/dev/rust-interp-semantic-reuse-20260913/results/proc-macro-arena-crate-05/source/src/bridge/client.rs:231:25
    |
231 |         panic::set_hook(Box::new(move |info| {
    |                         ^^^ use of undeclared type `Box`

error[E0433]: cannot find type `Vec` in this scope
   --> /Users/danluu/dev/rust-interp-semantic-reuse-20260913/results/proc-macro-arena-crate-05/source/src/bridge/rpc.rs:253:23
    |
253 |         let mut vec = Vec::with_capacity(len);
    |                       ^^^ use of undeclared type `Vec`

error[E0433]: cannot find type `Box` in this scope
  --> /Users/danluu/dev/rust-interp-semantic-reuse-20260913/results/proc-macro-arena-crate-05/source/src/bridge/panic_message.rs:28:43
   |
28 |             PanicMessage::StaticStr(s) => Box::new(s),
   |                                           ^^^ use of undeclared type `Box`

error[E0433]: cannot find type `Box` in this scope
  --> /Users/danluu/dev/rust-interp-semantic-reuse-20260913/results/proc-macro-arena-crate-05/source/src/bridge/panic_message.rs:29:40
   |
29 |             PanicMessage::String(s) => Box::new(s),
   |                                        ^^^ use of undeclared type `Box`

error[E0433]: cannot find type `Box` in this scope
  --> /Users/danluu/dev/rust-interp-semantic-reuse-20260913/results/proc-macro-arena-crate-05/source/src/bridge/panic_message.rs:32:17
   |
32 |                 Box::new(UnknownPanicMessage)
   |                 ^^^ use of undeclared type `Box`

error[E0433]: cannot find type `Option` in this scope
  --> /Users/danluu/dev/rust-interp-semantic-reuse-20260913/results/proc-macro-arena-crate-05/source/src/bridge/panic_message.rs:66:15
   |
66 |         match Option::<String>::decode(r, s) {
   |               ^^^^^^ use of undeclared type `Option`

error[E0433]: cannot find type `Result` in this scope
   --> /Users/danluu/dev/rust-interp-semantic-reuse-20260913/results/proc-macro-arena-crate-05/source/src/bridge/server.rs:274:5
    |
274 |     Result::decode(&mut &buf[..], &mut dispatcher.handle_store)
    |     ^^^^^^ use of undeclared type `Result`

error[E0433]: cannot find type `Vec` in this scope
   --> /Users/danluu/dev/rust-interp-semantic-reuse-20260913/results/proc-macro-arena-crate-05/source/src/bridge/symbol.rs:205:22
    |
205 |             strings: Vec::new(),
    |                      ^^^ use of undeclared type `Vec`

error[E0433]: cannot find type `Option` in this scope
   --> /Users/danluu/dev/rust-interp-semantic-reuse-20260913/results/proc-macro-arena-crate-05/source/src/bridge/mod.rs:339:10
    |
339 |     enum Option<T> {
    |          ^^^^^^ use of undeclared type `Option`

error[E0433]: cannot find type `Result` in this scope
   --> /Users/danluu/dev/rust-interp-semantic-reuse-20260913/results/proc-macro-arena-crate-05/source/src/bridge/mod.rs:346:10
    |
346 |     enum Result<T, E> {
    |          ^^^^^^ use of undeclared type `Result`

error[E0433]: cannot find type `String` in this scope
  --> /Users/danluu/dev/rust-interp-semantic-reuse-20260913/results/proc-macro-arena-crate-05/source/src/escape.rs:13:20
   |
13 |     let mut repr = String::new();
   |                    ^^^^^^ use of undeclared type `String`
   |
help: there is an enum variant `crate::bridge::PanicMessage::String`; try using the variant's enum
   |
13 -     let mut repr = String::new();
13 +     let mut repr = crate::bridge::PanicMessage::new();
   |

error[E0433]: cannot find type `Vec` in this scope
   --> /Users/danluu/dev/rust-interp-semantic-reuse-20260913/results/proc-macro-arena-crate-05/source/src/lib.rs:410:36
    |
410 |         ConcatTreesHelper { trees: Vec::with_capacity(capacity) }
    |                                    ^^^ use of undeclared type `Vec`

error[E0433]: cannot find type `Vec` in this scope
   --> /Users/danluu/dev/rust-interp-semantic-reuse-20260913/results/proc-macro-arena-crate-05/source/src/lib.rs:441:40
    |
441 |         ConcatStreamsHelper { streams: Vec::with_capacity(capacity) }
    |                                        ^^^ use of undeclared type `Vec`

error[E0433]: cannot find type `Vec` in this scope
   --> /Users/danluu/dev/rust-interp-semantic-reuse-20260913/results/proc-macro-arena-crate-05/source/src/quote.rs:475:20
    |
475 |     let mut vars = Vec::new();
    |                    ^^^ use of undeclared type `Vec`

error[E0433]: cannot find type `String` in this scope
    --> /Users/danluu/dev/rust-interp-semantic-reuse-20260913/results/proc-macro-arena-crate-05/source/src/lib.rs:1671:35
     |
1671 |                     let mut buf = String::with_capacity(symbol.len());
     |                                   ^^^^^^ use of undeclared type `String`
     |
help: there is an enum variant `crate::bridge::PanicMessage::String`; try using the variant's enum
     |
1671 -                     let mut buf = String::with_capacity(symbol.len());
1671 +                     let mut buf = crate::bridge::PanicMessage::with_capacity(symbol.len());
     |

error[E0433]: cannot find type `Vec` in this scope
    --> /Users/danluu/dev/rust-interp-semantic-reuse-20260913/results/proc-macro-arena-crate-05/source/src/lib.rs:1705:31
     |
1705 |                 let mut buf = Vec::with_capacity(symbol.len());
     |                               ^^^ use of undeclared type `Vec`

error[E0433]: cannot find type `Vec` in this scope
    --> /Users/danluu/dev/rust-interp-semantic-reuse-20260913/results/proc-macro-arena-crate-05/source/src/lib.rs:1743:31
     |
1743 |                 let mut buf = Vec::with_capacity(symbol.len());
     |                               ^^^ use of undeclared type `Vec`

error[E0433]: cannot find type `String` in this scope
    --> /Users/danluu/dev/rust-interp-semantic-reuse-20260913/results/proc-macro-arena-crate-05/source/src/lib.rs:1833:22
     |
1833 |     let mut output = String::with_capacity(value.len());
     |                      ^^^^^^ use of undeclared type `String`
     |
help: there is an enum variant `crate::bridge::PanicMessage::String`; try using the variant's enum
     |
1833 -     let mut output = String::with_capacity(value.len());
1833 +     let mut output = crate::bridge::PanicMessage::with_capacity(value.len());
     |

error[E0425]: cannot find function, tuple struct or tuple variant `Some` in this scope
   --> /Users/danluu/dev/rust-interp-semantic-reuse-20260913/results/proc-macro-arena-crate-05/source/src/bridge/arena.rs:120:13
    |
120 |             Some(unsafe { slice::from_raw_parts_mut(new_end, bytes) })
    |             ^^^^ not found in this scope

error[E0425]: cannot find function, tuple struct or tuple variant `Some` in this scope
  --> /Users/danluu/dev/rust-interp-semantic-reuse-20260913/results/proc-macro-arena-crate-05/source/src/bridge/client.rs:58:28
   |
58 |         crate::TokenStream(Some(Decode::decode(r, s)))
   |                            ^^^^ not found in this scope

error[E0425]: cannot find function `size_of` in this scope
  --> /Users/danluu/dev/rust-interp-semantic-reuse-20260913/results/proc-macro-arena-crate-05/source/src/bridge/fxhash.rs:47:30
   |
47 |         while bytes.len() >= size_of::<usize>() {
   |                              ^^^^^^^ not found in this scope

error[E0425]: cannot find function `size_of` in this scope
  --> /Users/danluu/dev/rust-interp-semantic-reuse-20260913/results/proc-macro-arena-crate-05/source/src/bridge/fxhash.rs:48:59
   |
48 |             hash.add_to_hash(usize::from_ne_bytes(bytes[..size_of::<usize>()].try_into().unwrap()));
   |                                                           ^^^^^^^ not found in this scope

error[E0425]: cannot find function `size_of` in this scope
  --> /Users/danluu/dev/rust-interp-semantic-reuse-20260913/results/proc-macro-arena-crate-05/source/src/bridge/fxhash.rs:49:28
   |
49 |             bytes = &bytes[size_of::<usize>()..];
   |                            ^^^^^^^ not found in this scope

error[E0425]: cannot find function `size_of` in this scope
  --> /Users/danluu/dev/rust-interp-semantic-reuse-20260913/results/proc-macro-arena-crate-05/source/src/bridge/fxhash.rs:51:13
   |
51 |         if (size_of::<usize>() > 4) && (bytes.len() >= 4) {
   |             ^^^^^^^ not found in this scope

error[E0425]: cannot find function `size_of` in this scope
  --> /Users/danluu/dev/rust-interp-semantic-reuse-20260913/results/proc-macro-arena-crate-05/source/src/bridge/fxhash.rs:55:13
   |
55 |         if (size_of::<usize>() > 2) && bytes.len() >= 2 {
   |             ^^^^^^^ not found in this scope

error[E0425]: cannot find function `size_of` in this scope
  --> /Users/danluu/dev/rust-interp-semantic-reuse-20260913/results/proc-macro-arena-crate-05/source/src/bridge/fxhash.rs:59:13
   |
59 |         if (size_of::<usize>() > 1) && !bytes.is_empty() {
   |             ^^^^^^^ not found in this scope

error[E0425]: cannot find function `size_of` in this scope
   --> /Users/danluu/dev/rust-interp-semantic-reuse-20260913/results/proc-macro-arena-crate-05/source/src/bridge/rpc.rs:27:34
    |
 27 |                 const N: usize = size_of::<$ty>();
    |                                  ^^^^^^^ not found in this scope
...
118 | rpc_encode_decode!(le u32);
    | -------------------------- in this macro invocation
    |
    = note: this error originates in the macro `rpc_encode_decode` (in Nightly builds, run with -Z macro-backtrace for more info)

error[E0425]: cannot find function `size_of` in this scope
   --> /Users/danluu/dev/rust-interp-semantic-reuse-20260913/results/proc-macro-arena-crate-05/source/src/bridge/rpc.rs:27:34
    |
 27 |                 const N: usize = size_of::<$ty>();
    |                                  ^^^^^^^ not found in this scope
...
120 | rpc_encode_decode!(le usize);
    | ---------------------------- in this macro invocation
    |
    = note: this error originates in the macro `rpc_encode_decode` (in Nightly builds, run with -Z macro-backtrace for more info)

error[E0425]: cannot find function, tuple struct or tuple variant `Some` in this scope
  --> /Users/danluu/dev/rust-interp-semantic-reuse-20260913/results/proc-macro-arena-crate-05/source/src/bridge/panic_message.rs:41:43
   |
41 |             PanicMessage::StaticStr(s) => Some(s),
   |                                           ^^^^ not found in this scope

error[E0425]: cannot find function, tuple struct or tuple variant `Some` in this scope
  --> /Users/danluu/dev/rust-interp-semantic-reuse-20260913/results/proc-macro-arena-crate-05/source/src/bridge/panic_message.rs:42:40
   |
42 |             PanicMessage::String(s) => Some(s),
   |                                        ^^^^ not found in this scope

error[E0425]: cannot find function, tuple struct or tuple variant `Some` in this scope
  --> /Users/danluu/dev/rust-interp-semantic-reuse-20260913/results/proc-macro-arena-crate-05/source/src/bridge/panic_message.rs:49:43
   |
49 |             PanicMessage::StaticStr(s) => Some(s.into()),
   |                                           ^^^^ not found in this scope

error[E0425]: cannot find function, tuple struct or tuple variant `Some` in this scope
  --> /Users/danluu/dev/rust-interp-semantic-reuse-20260913/results/proc-macro-arena-crate-05/source/src/bridge/panic_message.rs:50:40
   |
50 |             PanicMessage::String(s) => Some(s),
   |                                        ^^^^ not found in this scope

error[E0425]: cannot find function, tuple struct or tuple variant `Ok` in this scope
   --> /Users/danluu/dev/rust-interp-semantic-reuse-20260913/results/proc-macro-arena-crate-05/source/src/bridge/server.rs:117:29
    |
117 |                             Ok(call_method())
    |                             ^^ not found in this scope
...
132 | with_api!(define_dispatcher, MarkedTokenStream<S>, MarkedSpan<S>, MarkedSymbol<S>);
    | ---------------------------------------------------------------------------------- in this macro invocation
    |
    = note: this error originates in the macro `define_dispatcher` which comes from the expansion of the macro `with_api` (in Nightly builds, run with -Z macro-backtrace for more info)

error[E0425]: cannot find function, tuple struct or tuple variant `Err` in this scope
  --> /Users/danluu/dev/rust-interp-semantic-reuse-20260913/results/proc-macro-arena-crate-05/source/src/bridge/symbol.rs:48:13
   |
48 |             Err(())
   |             ^^^ not found in this scope

error[E0425]: cannot find function, tuple struct or tuple variant `Ok` in this scope
   --> /Users/danluu/dev/rust-interp-semantic-reuse-20260913/results/proc-macro-arena-crate-05/source/src/lib.rs:315:27
    |
315 |             Ok(stream) => Ok(TokenStream(Some(stream))),
    |                           ^^ not found in this scope

error[E0425]: cannot find function, tuple struct or tuple variant `Some` in this scope
   --> /Users/danluu/dev/rust-interp-semantic-reuse-20260913/results/proc-macro-arena-crate-05/source/src/lib.rs:315:42
    |
315 |             Ok(stream) => Ok(TokenStream(Some(stream))),
    |                                          ^^^^ not found in this scope

error[E0425]: cannot find function, tuple struct or tuple variant `Err` in this scope
   --> /Users/danluu/dev/rust-interp-semantic-reuse-20260913/results/proc-macro-arena-crate-05/source/src/lib.rs:316:23
    |
316 |             Err(_) => Err(ExpandError),
    |                       ^^^ not found in this scope

error[E0425]: cannot find function, tuple struct or tuple variant `Ok` in this scope
   --> /Users/danluu/dev/rust-interp-semantic-reuse-20260913/results/proc-macro-arena-crate-05/source/src/lib.rs:333:9
    |
333 |         Ok(TokenStream(Some(BridgeMethods::ts_from_str(src).map_err(LexError)?)))
    |         ^^ not found in this scope

error[E0425]: cannot find function, tuple struct or tuple variant `Some` in this scope
   --> /Users/danluu/dev/rust-interp-semantic-reuse-20260913/results/proc-macro-arena-crate-05/source/src/lib.rs:333:24
    |
333 |         Ok(TokenStream(Some(BridgeMethods::ts_from_str(src).map_err(LexError)?)))
    |                        ^^^^ not found in this scope

error[E0425]: cannot find function, tuple struct or tuple variant `Ok` in this scope
   --> /Users/danluu/dev/rust-interp-semantic-reuse-20260913/results/proc-macro-arena-crate-05/source/src/lib.rs:353:21
    |
353 |             None => Ok(()),
    |                     ^^ not found in this scope

error[E0425]: cannot find function, tuple struct or tuple variant `Some` in this scope
   --> /Users/danluu/dev/rust-interp-semantic-reuse-20260913/results/proc-macro-arena-crate-05/source/src/lib.rs:392:21
    |
392 |         TokenStream(Some(BridgeMethods::ts_from_token_tree(tree_to_bridge_tree(tree))))
    |                     ^^^^ not found in this scope

error[E0425]: cannot find function, tuple struct or tuple variant `Some` in this scope
   --> /Users/danluu/dev/rust-interp-semantic-reuse-20260913/results/proc-macro-arena-crate-05/source/src/lib.rs:421:25
    |
421 |             TokenStream(Some(BridgeMethods::ts_concat_trees(None, self.trees)))
    |                         ^^^^ not found in this scope

error[E0425]: cannot find function, tuple struct or tuple variant `Some` in this scope
   --> /Users/danluu/dev/rust-interp-semantic-reuse-20260913/results/proc-macro-arena-crate-05/source/src/lib.rs:429:20
    |
429 |         stream.0 = Some(BridgeMethods::ts_concat_trees(stream.0.take(), self.trees))
    |                    ^^^^ not found in this scope

error[E0425]: cannot find function, tuple struct or tuple variant `Some` in this scope
   --> /Users/danluu/dev/rust-interp-semantic-reuse-20260913/results/proc-macro-arena-crate-05/source/src/lib.rs:454:25
    |
454 |             TokenStream(Some(BridgeMethods::ts_concat_streams(None, self.streams)))
    |                         ^^^^ not found in this scope

error[E0425]: cannot find function, tuple struct or tuple variant `Some` in this scope
   --> /Users/danluu/dev/rust-interp-semantic-reuse-20260913/results/proc-macro-arena-crate-05/source/src/lib.rs:466:24
    |
466 |             stream.0 = Some(BridgeMethods::ts_concat_streams(base, self.streams));
    |                        ^^^^ not found in this scope

error[E0425]: cannot find function, tuple struct or tuple variant `Some` in this scope
  --> /Users/danluu/dev/rust-interp-semantic-reuse-20260913/results/proc-macro-arena-crate-05/source/src/quote.rs:79:13
   |
79 |             Some(self)
   |             ^^^^------
   |             |
   |             help: try calling `Some` as a method: `self.Some()`

error[E0425]: cannot find function, tuple struct or tuple variant `Some` in this scope
   --> /Users/danluu/dev/rust-interp-semantic-reuse-20260913/results/proc-macro-arena-crate-05/source/src/quote.rs:167:9
    |
167 |         Some(self.0)
    |         ^^^^ not found in this scope

error[E0425]: cannot find function, tuple struct or tuple variant `Some` in this scope
   --> /Users/danluu/dev/rust-interp-semantic-reuse-20260913/results/proc-macro-arena-crate-05/source/src/quote.rs:302:29
    |
302 | ...                   Some(sep)
    |                       ^^^^ not found in this scope

error[E0425]: cannot find function, tuple struct or tuple variant `Some` in this scope
    --> /Users/danluu/dev/rust-interp-semantic-reuse-20260913/results/proc-macro-arena-crate-05/source/src/lib.rs:1280:25
     |
1280 |                   suffix: Some(bridge::client::Symbol::new(stringify!($kind))),
     |                           ^^^^ not found in this scope
...
1381 | /     suffixed_int_literals! {
1382 | |         u8_suffixed => u8,
1383 | |         u16_suffixed => u16,
1384 | |         u32_suffixed => u32,
...    |
1393 | |         isize_suffixed => isize,
1394 | |     }
     | |_____- in this macro invocation
     |
     = note: this error originates in the macro `suffixed_int_literals` (in Nightly builds, run with -Z macro-backtrace for more info)

error[E0425]: cannot find function, tuple struct or tuple variant `Some` in this scope
    --> /Users/danluu/dev/rust-interp-semantic-reuse-20260913/results/proc-macro-arena-crate-05/source/src/lib.rs:1453:62
     |
1453 |         Literal::new(bridge::LitKind::Float, &n.to_string(), Some("f32"))
     |                                                              ^^^^ not found in this scope

error[E0425]: cannot find function, tuple struct or tuple variant `Some` in this scope
    --> /Users/danluu/dev/rust-interp-semantic-reuse-20260913/results/proc-macro-arena-crate-05/source/src/lib.rs:1498:62
     |
1498 |         Literal::new(bridge::LitKind::Float, &n.to_string(), Some("f64"))
     |                                                              ^^^^ not found in this scope

error[E0425]: cannot find function, tuple struct or tuple variant `Err` in this scope
    --> /Users/danluu/dev/rust-interp-semantic-reuse-20260913/results/proc-macro-arena-crate-05/source/src/lib.rs:1651:18
     |
1651 |             _ => Err(ConversionErrorKind::InvalidLiteralKind),
     |                  ^^^ not found in this scope

error[E0425]: cannot find function, tuple struct or tuple variant `Err` in this scope
    --> /Users/danluu/dev/rust-interp-semantic-reuse-20260913/results/proc-macro-arena-crate-05/source/src/lib.rs:1661:18
     |
1661 |             _ => Err(ConversionErrorKind::InvalidLiteralKind),
     |                  ^^^ not found in this scope

error[E0425]: cannot find function, tuple struct or tuple variant `Some` in this scope
    --> /Users/danluu/dev/rust-interp-semantic-reuse-20260913/results/proc-macro-arena-crate-05/source/src/lib.rs:1683:45
     |
1683 | ...                   error = Some(ConversionErrorKind::FailedToUnescape(err.into()));
     |                               ^^^^ not found in this scope

error[E0425]: cannot find function, tuple struct or tuple variant `Err` in this scope
    --> /Users/danluu/dev/rust-interp-semantic-reuse-20260913/results/proc-macro-arena-crate-05/source/src/lib.rs:1688:50
     |
1688 |                     if let Some(error) = error { Err(error) } else { Ok(buf) }
     |                                                  ^^^ not found in this scope

error[E0425]: cannot find function, tuple struct or tuple variant `Ok` in this scope
    --> /Users/danluu/dev/rust-interp-semantic-reuse-20260913/results/proc-macro-arena-crate-05/source/src/lib.rs:1688:70
     |
1688 |                     if let Some(error) = error { Err(error) } else { Ok(buf) }
     |                                                                      ^^ not found in this scope

error[E0425]: cannot find function, tuple struct or tuple variant `Ok` in this scope
    --> /Users/danluu/dev/rust-interp-semantic-reuse-20260913/results/proc-macro-arena-crate-05/source/src/lib.rs:1690:21
     |
1690 |                     Ok(symbol.to_string())
     |                     ^^ not found in this scope

error[E0425]: cannot find function, tuple struct or tuple variant `Ok` in this scope
    --> /Users/danluu/dev/rust-interp-semantic-reuse-20260913/results/proc-macro-arena-crate-05/source/src/lib.rs:1693:43
     |
1693 |             bridge::LitKind::StrRaw(_) => Ok(symbol.to_string()),
     |                                           ^^ not found in this scope

error[E0425]: cannot find function, tuple struct or tuple variant `Err` in this scope
    --> /Users/danluu/dev/rust-interp-semantic-reuse-20260913/results/proc-macro-arena-crate-05/source/src/lib.rs:1694:18
     |
1694 |             _ => Err(ConversionErrorKind::InvalidLiteralKind),
     |                  ^^^ not found in this scope

error[E0425]: cannot find function, tuple struct or tuple variant `Some` in this scope
    --> /Users/danluu/dev/rust-interp-semantic-reuse-20260913/results/proc-macro-arena-crate-05/source/src/lib.rs:1714:37
     |
1714 | ...                   error = Some(ConversionErrorKind::FailedToUnescape(err.into()));
     |                               ^^^^ not found in this scope

error[E0425]: cannot find function, tuple struct or tuple variant `Err` in this scope
    --> /Users/danluu/dev/rust-interp-semantic-reuse-20260913/results/proc-macro-arena-crate-05/source/src/lib.rs:1719:21
     |
1719 |                     Err(error)
     |                     ^^^ not found in this scope

error[E0425]: cannot find function, tuple struct or tuple variant `Ok` in this scope
    --> /Users/danluu/dev/rust-interp-semantic-reuse-20260913/results/proc-macro-arena-crate-05/source/src/lib.rs:1722:21
     |
1722 |                     Ok(buf)
     |                     ^^ not found in this scope

error[E0425]: cannot find function, tuple struct or tuple variant `Ok` in this scope
    --> /Users/danluu/dev/rust-interp-semantic-reuse-20260913/results/proc-macro-arena-crate-05/source/src/lib.rs:1731:17
     |
1731 |                 Ok(buf)
     |                 ^^ not found in this scope

error[E0425]: cannot find function, tuple struct or tuple variant `Err` in this scope
    --> /Users/danluu/dev/rust-interp-semantic-reuse-20260913/results/proc-macro-arena-crate-05/source/src/lib.rs:1733:18
     |
1733 |             _ => Err(ConversionErrorKind::InvalidLiteralKind),
     |                  ^^^ not found in this scope

error[E0425]: cannot find function, tuple struct or tuple variant `Some` in this scope
    --> /Users/danluu/dev/rust-interp-semantic-reuse-20260913/results/proc-macro-arena-crate-05/source/src/lib.rs:1750:37
     |
1750 | ...                   error = Some(ConversionErrorKind::FailedToUnescape(err.into()));
     |                               ^^^^ not found in this scope

error[E0425]: cannot find function, tuple struct or tuple variant `Err` in this scope
    --> /Users/danluu/dev/rust-interp-semantic-reuse-20260913/results/proc-macro-arena-crate-05/source/src/lib.rs:1754:46
     |
1754 |                 if let Some(error) = error { Err(error) } else { Ok(buf) }
     |                                              ^^^ not found in this scope

error[E0425]: cannot find function, tuple struct or tuple variant `Ok` in this scope
    --> /Users/danluu/dev/rust-interp-semantic-reuse-20260913/results/proc-macro-arena-crate-05/source/src/lib.rs:1754:66
     |
1754 |                 if let Some(error) = error { Err(error) } else { Ok(buf) }
     |                                                                  ^^ not found in this scope

error[E0425]: cannot find function, tuple struct or tuple variant `Ok` in this scope
    --> /Users/danluu/dev/rust-interp-semantic-reuse-20260913/results/proc-macro-arena-crate-05/source/src/lib.rs:1759:17
     |
1759 |                 Ok(symbol.to_owned().into_bytes())
     |                 ^^ not found in this scope

error[E0425]: cannot find function, tuple struct or tuple variant `Err` in this scope
    --> /Users/danluu/dev/rust-interp-semantic-reuse-20260913/results/proc-macro-arena-crate-05/source/src/lib.rs:1761:18
     |
1761 |             _ => Err(ConversionErrorKind::InvalidLiteralKind),
     |                  ^^^ not found in this scope

error[E0425]: cannot find function, tuple struct or tuple variant `Err` in this scope
    --> /Users/danluu/dev/rust-interp-semantic-reuse-20260913/results/proc-macro-arena-crate-05/source/src/lib.rs:1326:28
     |
1326 |                       return Err(ConversionErrorKind::InvalidLiteralKind);
     |                              ^^^ not found in this scope
...
1765 | /     integer_values! {
1766 | |         u8 => u8_value,
1767 | |         u16 => u16_value,
1768 | |         u32 => u32_value,
...    |
1775 | |         i128 => i128_value,
1776 | |     }
     | |_____- in this macro invocation
     |
     = note: this error originates in the macro `integer_values` (in Nightly builds, run with -Z macro-backtrace for more info)

error[E0425]: cannot find function, tuple struct or tuple variant `Err` in this scope
    --> /Users/danluu/dev/rust-interp-semantic-reuse-20260913/results/proc-macro-arena-crate-05/source/src/lib.rs:1335:30
     |
1335 |                           _ => Err(ConversionErrorKind::InvalidLiteralKind),
     |                                ^^^ not found in this scope
...
1765 | /     integer_values! {
1766 | |         u8 => u8_value,
1767 | |         u16 => u16_value,
1768 | |         u32 => u32_value,
...    |
1775 | |         i128 => i128_value,
1776 | |     }
     | |_____- in this macro invocation
     |
     = note: this error originates in the macro `integer_values` (in Nightly builds, run with -Z macro-backtrace for more info)

error[E0425]: cannot find function, tuple struct or tuple variant `Err` in this scope
    --> /Users/danluu/dev/rust-interp-semantic-reuse-20260913/results/proc-macro-arena-crate-05/source/src/lib.rs:1355:28
     |
1355 |                       return Err(ConversionErrorKind::InvalidLiteralKind);
     |                              ^^^ not found in this scope
...
1778 | /     float_values! {
1779 | |         f16 => f16_value,
1780 | |         f32 => f32_value,
1781 | |         f64 => f64_value,
...    |
1785 | |     }
     | |_____- in this macro invocation
     |
     = note: this error originates in the macro `float_values` (in Nightly builds, run with -Z macro-backtrace for more info)

error[E0425]: cannot find function, tuple struct or tuple variant `Err` in this scope
    --> /Users/danluu/dev/rust-interp-semantic-reuse-20260913/results/proc-macro-arena-crate-05/source/src/lib.rs:1363:30
     |
1363 |                           _ => Err(ConversionErrorKind::InvalidLiteralKind),
     |                                ^^^ not found in this scope
...
1778 | /     float_values! {
1779 | |         f16 => f16_value,
1780 | |         f32 => f32_value,
1781 | |         f64 => f64_value,
...    |
1785 | |     }
     | |_____- in this macro invocation
     |
     = note: this error originates in the macro `float_values` (in Nightly builds, run with -Z macro-backtrace for more info)

error[E0425]: cannot find function, tuple struct or tuple variant `Ok` in this scope
    --> /Users/danluu/dev/rust-interp-semantic-reuse-20260913/results/proc-macro-arena-crate-05/source/src/lib.rs:1858:28
     |
1858 |             Ok(literal) => Ok(Literal(literal)),
     |                            ^^ not found in this scope

error[E0425]: cannot find function, tuple struct or tuple variant `Err` in this scope
    --> /Users/danluu/dev/rust-interp-semantic-reuse-20260913/results/proc-macro-arena-crate-05/source/src/lib.rs:1859:25
     |
1859 |             Err(msg) => Err(LexError(msg)),
     |                         ^^^ not found in this scope

error[E0425]: cannot find function, tuple struct or tuple variant `Ok` in this scope
    --> /Users/danluu/dev/rust-interp-semantic-reuse-20260913/results/proc-macro-arena-crate-05/source/src/lib.rs:1873:13
     |
1873 |             Ok(())
     |             ^^ not found in this scope

error: aborting due to 837 previous errors

Some errors have detailed explanations: E0405, E0425, E0432, E0433, E0531.
For more information about an error, try `rustc --explain E0405`.
